{
"type": "FeatureCollection",
"name": "contours",
"crs": { "type": "name", "properties": { "name": "urn:ogc:def:crs:EPSG::6342" } },
"features": [
{ "type": "Feature", "properties": { "level": 0.05 }, "geometry": { "type": "Polygon", "coordinates": [ [ [ 424765.354229784454219, 4389240.489388142712414 ], [ 424765.354229784454219, 4389239.489388142712414 ], [ 424766.354229784454219, 4389239.489388142712414 ], [ 424766.354229784454219, 4389240.489388142712414 ], [ 424765.354229784454219, 4389240.489388142712414 ] ] ] } },
{ "type": "Feature", "properties": { "level": 0.05 }, "geometry": { "type": "Polygon", "coordinates": [ [ [ 424762.354229784454219, 4389238.489388142712414 ], [ 424762.354229784454219, 4389237.489388142712414 ], [ 424763.354229784454219, 4389237.489388142712414 ], [ 424763.354229784454219, 4389238.489388142712414 ], [ 424762.354229784454219, 4389238.489388142712414 ] ] ] } },
{ "type": "Feature", "properties": { "level": 0.05 }, "geometry": { "type": "Polygon", "coordinates": [ [ [ 424760.354229784454219, 4389237.489388142712414 ], [ 424760.354229784454219, 4389236.489388142712414 ], [ 424762.354229784454219, 4389236.489388142712414 ], [ 424762.354229784454219, 4389237.489388142712414 ], [ 424760.354229784454219, 4389237.489388142712414 ] ] ] } },
{ "type": "Feature", "properties": { "level": 0.05 }, "geometry": { "type": "Polygon", "coordinates": [ [ [ 424759.354229784454219, 4389236.489388142712414 ], [ 424759.354229784454219, 4389235.489388142712414 ], [ 424760.354229784454219, 4389235.489388142712414 ], [ 424760.354229784454219, 4389236.489388142712414 ], [ 424759.354229784454219, 4389236.489388142712414 ] ] ] } },
{ "type": "Feature", "properties": { "level": 0.05 }, "geometry": { "type": "Polygon", "coordinates": [ [ [ 424758.354229784454219, 4389235.489388142712414 ], [ 424758.354229784454219, 4389234.489388142712414 ], [ 424759.354229784454219, 4389234.489388142712414 ], [ 424759.354229784454219, 4389235.489388142712414 ], [ 424758.354229784454219, 4389235.489388142712414 ] ] ] } },
{ "type": "Feature", "properties": { "level": 0.05 }, "geometry": { "type": "Polygon", "coordinates": [ [ [ 424756.354229784454219, 4389234.489388142712414 ], [ 424756.354229784454219, 4389233.489388142712414 ], [ 424755.354229784454219, 4389233.489388142712414 ], [ 424755.354229784454219, 4389232.489388142712414 ], [ 424757.354229784454219, 4389232.489388142712414 ], [ 424757.354229784454219, 4389233.489388142712414 ], [ 424758.354229784454219, 4389233.489388142712414 ], [ 424758.354229784454219, 4389234.489388142712414 ], [ 424756.354229784454219, 4389234.489388142712414 ] ] ] } },
{ "type": "Feature", "properties": { "level": 0.05 }, "geometry": { "type": "Polygon", "coordinates": [ [ [ 424754.354229784454219, 4389232.489388142712414 ], [ 424754.354229784454219, 4389231.489388142712414 ], [ 424755.354229784454219, 4389231.489388142712414 ], [ 424755.354229784454219, 4389232.489388142712414 ], [ 424754.354229784454219, 4389232.489388142712414 ] ] ] } },
{ "type": "Feature", "properties": { "level": 0.05 }, "geometry": { "type": "Polygon", "coordinates": [ [ [ 424753.354229784454219, 4389231.489388142712414 ], [ 424753.354229784454219, 4389230.489388142712414 ], [ 424754.354229784454219, 4389230.489388142712414 ], [ 424754.354229784454219, 4389231.489388142712414 ], [ 424753.354229784454219, 4389231.489388142712414 ] ] ] } },
{ "type": "Feature", "properties": { "level": 0.05 }, "geometry": { "type": "Polygon", "coordinates": [ [ [ 424751.354229784454219, 4389230.489388142712414 ], [ 424751.354229784454219, 4389229.489388142712414 ], [ 424753.354229784454219, 4389229.489388142712414 ], [ 424753.354229784454219, 4389230.489388142712414 ], [ 424751.354229784454219, 4389230.489388142712414 ] ] ] } },
{ "type": "Feature", "properties": { "level": 0.05 }, "geometry": { "type": "Polygon", "coordinates": [ [ [ 424750.354229784454219, 4389229.489388142712414 ], [ 424750.354229784454219, 4389228.489388142712414 ], [ 424751.354229784454219, 4389228.489388142712414 ], [ 424751.354229784454219, 4389229.489388142712414 ], [ 424750.354229784454219, 4389229.489388142712414 ] ] ] } },
{ "type": "Feature", "properties": { "level": 0.05 }, "geometry": { "type": "Polygon", "coordinates": [ [ [ 424749.354229784454219, 4389228.489388142712414 ], [ 424749.354229784454219, 4389227.489388142712414 ], [ 424750.354229784454219, 4389227.489388142712414 ], [ 424750.354229784454219, 4389228.489388142712414 ], [ 424749.354229784454219, 4389228.489388142712414 ] ] ] } },
{ "type": "Feature", "properties": { "level": 0.05 }, "geometry": { "type": "Polygon", "coordinates": [ [ [ 424748.354229784454219, 4389227.489388142712414 ], [ 424748.354229784454219, 4389226.489388142712414 ], [ 424749.354229784454219, 4389226.489388142712414 ], [ 424749.354229784454219, 4389227.489388142712414 ], [ 424748.354229784454219, 4389227.489388142712414 ] ] ] } },
{ "type": "Feature", "properties": { "level": 0.05 }, "geometry": { "type": "Polygon", "coordinates": [ [ [ 424746.354229784454219, 4389226.489388142712414 ], [ 424746.354229784454219, 4389225.489388142712414 ], [ 424748.354229784454219, 4389225.489388142712414 ], [ 424748.354229784454219, 4389226.489388142712414 ], [ 424746.354229784454219, 4389226.489388142712414 ] ] ] } },
{ "type": "Feature", "properties": { "level": 0.05 }, "geometry": { "type": "Polygon", "coordinates": [ [ [ 424745.354229784454219, 4389225.489388142712414 ], [ 424745.354229784454219, 4389224.489388142712414 ], [ 424746.354229784454219, 4389224.489388142712414 ], [ 424746.354229784454219, 4389225.489388142712414 ], [ 424745.354229784454219, 4389225.489388142712414 ] ] ] } },
{ "type": "Feature", "properties": { "level": 0.05 }, "geometry": { "type": "Polygon", "coordinates": [ [ [ 424744.354229784454219, 4389224.489388142712414 ], [ 424744.354229784454219, 4389223.489388142712414 ], [ 424745.354229784454219, 4389223.489388142712414 ], [ 424745.354229784454219, 4389224.489388142712414 ], [ 424744.354229784454219, 4389224.489388142712414 ] ] ] } },
{ "type": "Feature", "properties": { "level": 0.05 }, "geometry": { "type": "Polygon", "coordinates": [ [ [ 424742.354229784454219, 4389223.489388142712414 ], [ 424742.354229784454219, 4389222.489388142712414 ], [ 424744.354229784454219, 4389222.489388142712414 ], [ 424744.354229784454219, 4389223.489388142712414 ], [ 424742.354229784454219, 4389223.489388142712414 ] ] ] } },
{ "type": "Feature", "properties": { "level": 0.05 }, "geometry": { "type": "Polygon", "coordinates": [ [ [ 424741.354229784454219, 4389222.489388142712414 ], [ 424741.354229784454219, 4389221.489388142712414 ], [ 424742.354229784454219, 4389221.489388142712414 ], [ 424742.354229784454219, 4389222.489388142712414 ], [ 424741.354229784454219, 4389222.489388142712414 ] ] ] } },
{ "type": "Feature", "properties": { "level": 0.05 }, "geometry": { "type": "Polygon", "coordinates": [ [ [ 424739.354229784454219, 4389221.489388142712414 ], [ 424739.354229784454219, 4389220.489388142712414 ], [ 424741.354229784454219, 4389220.489388142712414 ], [ 424741.354229784454219, 4389221.489388142712414 ], [ 424739.354229784454219, 4389221.489388142712414 ] ] ] } },
{ "type": "Feature", "properties": { "level": 0.05 }, "geometry": { "type": "Polygon", "coordinates": [ [ [ 424738.354229784454219, 4389220.489388142712414 ], [ 424738.354229784454219, 4389219.489388142712414 ], [ 424739.354229784454219, 4389219.489388142712414 ], [ 424739.354229784454219, 4389220.489388142712414 ], [ 424738.354229784454219, 4389220.489388142712414 ] ] ] } },
{ "type": "Feature", "properties": { "level": 0.05 }, "geometry": { "type": "Polygon", "coordinates": [ [ [ 424736.354229784454219, 4389219.489388142712414 ], [ 424736.354229784454219, 4389218.489388142712414 ], [ 424738.354229784454219, 4389218.489388142712414 ], [ 424738.354229784454219, 4389219.489388142712414 ], [ 424736.354229784454219, 4389219.489388142712414 ] ] ] } },
{ "type": "Feature", "properties": { "level": 0.05 }, "geometry": { "type": "Polygon", "coordinates": [ [ [ 424734.354229784454219, 4389218.489388142712414 ], [ 424734.354229784454219, 4389217.489388142712414 ], [ 424736.354229784454219, 4389217.489388142712414 ], [ 424736.354229784454219, 4389218.489388142712414 ], [ 424734.354229784454219, 4389218.489388142712414 ] ] ] } },
{ "type": "Feature", "properties": { "level": 0.05 }, "geometry": { "type": "Polygon", "coordinates": [ [ [ 424733.354229784454219, 4389217.489388142712414 ], [ 424733.354229784454219, 4389216.489388142712414 ], [ 424734.354229784454219, 4389216.489388142712414 ], [ 424734.354229784454219, 4389217.489388142712414 ], [ 424733.354229784454219, 4389217.489388142712414 ] ] ] } },
{ "type": "Feature", "properties": { "level": 0.05 }, "geometry": { "type": "Polygon", "coordinates": [ [ [ 424731.354229784454219, 4389216.489388142712414 ], [ 424731.354229784454219, 4389215.489388142712414 ], [ 424733.354229784454219, 4389215.489388142712414 ], [ 424733.354229784454219, 4389216.489388142712414 ], [ 424731.354229784454219, 4389216.489388142712414 ] ] ] } },
{ "type": "Feature", "properties": { "level": 0.05 }, "geometry": { "type": "Polygon", "coordinates": [ [ [ 424725.354229784454219, 4389213.489388142712414 ], [ 424725.354229784454219, 4389212.489388142712414 ], [ 424727.354229784454219, 4389212.489388142712414 ], [ 424727.354229784454219, 4389213.489388142712414 ], [ 424725.354229784454219, 4389213.489388142712414 ] ] ] } },
{ "type": "Feature", "properties": { "level": 0.05 }, "geometry": { "type": "Polygon", "coordinates": [ [ [ 424936.354229784454219, 4388774.489388142712414 ], [ 424936.354229784454219, 4388772.489388142712414 ], [ 424937.354229784454219, 4388772.489388142712414 ], [ 424937.354229784454219, 4388774.489388142712414 ], [ 424936.354229784454219, 4388774.489388142712414 ] ] ] } },
{ "type": "Feature", "properties": { "level": 0.05 }, "geometry": { "type": "Polygon", "coordinates": [ [ [ 424937.354229784454219, 4388772.489388142712414 ], [ 424937.354229784454219, 4388770.489388142712414 ], [ 424938.354229784454219, 4388770.489388142712414 ], [ 424938.354229784454219, 4388772.489388142712414 ], [ 424937.354229784454219, 4388772.489388142712414 ] ] ] } },
{ "type": "Feature", "properties": { "level": 0.05 }, "geometry": { "type": "Polygon", "coordinates": [ [ [ 424938.354229784454219, 4388770.489388142712414 ], [ 424938.354229784454219, 4388768.489388142712414 ], [ 424939.354229784454219, 4388768.489388142712414 ], [ 424939.354229784454219, 4388770.489388142712414 ], [ 424938.354229784454219, 4388770.489388142712414 ] ] ] } },
{ "type": "Feature", "properties": { "level": 0.05 }, "geometry": { "type": "Polygon", "coordinates": [ [ [ 424911.354229784454219, 4388768.489388142712414 ], [ 424911.354229784454219, 4388766.489388142712414 ], [ 424912.354229784454219, 4388766.489388142712414 ], [ 424912.354229784454219, 4388765.489388142712414 ], [ 424913.354229784454219, 4388765.489388142712414 ], [ 424913.354229784454219, 4388767.489388142712414 ], [ 424912.354229784454219, 4388767.489388142712414 ], [ 424912.354229784454219, 4388768.489388142712414 ], [ 424911.354229784454219, 4388768.489388142712414 ] ] ] } },
{ "type": "Feature", "properties": { "level": 0.05 }, "geometry": { "type": "Polygon", "coordinates": [ [ [ 424939.354229784454219, 4388767.489388142712414 ], [ 424939.354229784454219, 4388765.489388142712414 ], [ 424940.354229784454219, 4388765.489388142712414 ], [ 424940.354229784454219, 4388767.489388142712414 ], [ 424939.354229784454219, 4388767.489388142712414 ] ] ] } },
{ "type": "Feature", "properties": { "level": 0.05 }, "geometry": { "type": "Polygon", "coordinates": [ [ [ 424940.354229784454219, 4388765.489388142712414 ], [ 424940.354229784454219, 4388762.489388142712414 ], [ 424941.354229784454219, 4388762.489388142712414 ], [ 424941.354229784454219, 4388765.489388142712414 ], [ 424940.354229784454219, 4388765.489388142712414 ] ] ] } },
{ "type": "Feature", "properties": { "level": 0.05 }, "geometry": { "type": "Polygon", "coordinates": [ [ [ 424913.354229784454219, 4388765.489388142712414 ], [ 424913.354229784454219, 4388763.489388142712414 ], [ 424914.354229784454219, 4388763.489388142712414 ], [ 424914.354229784454219, 4388761.489388142712414 ], [ 424915.354229784454219, 4388761.489388142712414 ], [ 424915.354229784454219, 4388760.489388142712414 ], [ 424916.354229784454219, 4388760.489388142712414 ], [ 424916.354229784454219, 4388762.489388142712414 ], [ 424915.354229784454219, 4388762.489388142712414 ], [ 424915.354229784454219, 4388764.489388142712414 ], [ 424914.354229784454219, 4388764.489388142712414 ], [ 424914.354229784454219, 4388765.489388142712414 ], [ 424913.354229784454219, 4388765.489388142712414 ] ] ] } },
{ "type": "Feature", "properties": { "level": 0.05 }, "geometry": { "type": "Polygon", "coordinates": [ [ [ 424941.354229784454219, 4388762.489388142712414 ], [ 424941.354229784454219, 4388758.489388142712414 ], [ 424942.354229784454219, 4388758.489388142712414 ], [ 424942.354229784454219, 4388762.489388142712414 ], [ 424941.354229784454219, 4388762.489388142712414 ] ] ] } },
{ "type": "Feature", "properties": { "level": 0.05 }, "geometry": { "type": "Polygon", "coordinates": [ [ [ 424916.354229784454219, 4388760.489388142712414 ], [ 424916.354229784454219, 4388758.489388142712414 ], [ 424917.354229784454219, 4388758.489388142712414 ], [ 424917.354229784454219, 4388760.489388142712414 ], [ 424916.354229784454219, 4388760.489388142712414 ] ] ] } },
{ "type": "Feature", "properties": { "level": 0.05 }, "geometry": { "type": "Polygon", "coordinates": [ [ [ 424917.354229784454219, 4388758.489388142712414 ], [ 424917.354229784454219, 4388756.489388142712414 ], [ 424918.354229784454219, 4388756.489388142712414 ], [ 424918.354229784454219, 4388755.489388142712414 ], [ 424919.354229784454219, 4388755.489388142712414 ], [ 424919.354229784454219, 4388757.489388142712414 ], [ 424918.354229784454219, 4388757.489388142712414 ], [ 424918.354229784454219, 4388758.489388142712414 ], [ 424917.354229784454219, 4388758.489388142712414 ] ] ] } },
{ "type": "Feature", "properties": { "level": 0.05 }, "geometry": { "type": "Polygon", "coordinates": [ [ [ 424942.354229784454219, 4388758.489388142712414 ], [ 424942.354229784454219, 4388752.489388142712414 ], [ 424943.354229784454219, 4388752.489388142712414 ], [ 424943.354229784454219, 4388758.489388142712414 ], [ 424942.354229784454219, 4388758.489388142712414 ] ] ] } },
{ "type": "Feature", "properties": { "level": 0.05 }, "geometry": { "type": "Polygon", "coordinates": [ [ [ 424919.354229784454219, 4388755.489388142712414 ], [ 424919.354229784454219, 4388753.489388142712414 ], [ 424920.354229784454219, 4388753.489388142712414 ], [ 424920.354229784454219, 4388752.489388142712414 ], [ 424921.354229784454219, 4388752.489388142712414 ], [ 424921.354229784454219, 4388754.489388142712414 ], [ 424920.354229784454219, 4388754.489388142712414 ], [ 424920.354229784454219, 4388755.489388142712414 ], [ 424919.354229784454219, 4388755.489388142712414 ] ] ] } },
{ "type": "Feature", "properties": { "level": 0.05 }, "geometry": { "type": "Polygon", "coordinates": [ [ [ 424921.354229784454219, 4388752.489388142712414 ], [ 424921.354229784454219, 4388750.489388142712414 ], [ 424922.354229784454219, 4388750.489388142712414 ], [ 424922.354229784454219, 4388749.489388142712414 ], [ 424923.354229784454219, 4388749.489388142712414 ], [ 424923.354229784454219, 4388751.489388142712414 ], [ 424922.354229784454219, 4388751.489388142712414 ], [ 424922.354229784454219, 4388752.489388142712414 ], [ 424921.354229784454219, 4388752.489388142712414 ] ] ] } },
{ "type": "Feature", "properties": { "level": 0.05 }, "geometry": { "type": "Polygon", "coordinates": [ [ [ 424923.354229784454219, 4388749.489388142712414 ], [ 424923.354229784454219, 4388747.489388142712414 ], [ 424924.354229784454219, 4388747.489388142712414 ], [ 424924.354229784454219, 4388745.489388142712414 ], [ 424925.354229784454219, 4388745.489388142712414 ], [ 424925.354229784454219, 4388744.489388142712414 ], [ 424926.354229784454219, 4388744.489388142712414 ], [ 424926.354229784454219, 4388742.489388142712414 ], [ 424927.354229784454219, 4388742.489388142712414 ], [ 424927.354229784454219, 4388741.489388142712414 ], [ 424928.354229784454219, 4388741.489388142712414 ], [ 424928.354229784454219, 4388743.489388142712414 ], [ 424927.354229784454219, 4388743.489388142712414 ], [ 424927.354229784454219, 4388745.489388142712414 ], [ 424926.354229784454219, 4388745.489388142712414 ], [ 424926.354229784454219, 4388746.489388142712414 ], [ 424925.354229784454219, 4388746.489388142712414 ], [ 424925.354229784454219, 4388748.489388142712414 ], [ 424924.354229784454219, 4388748.489388142712414 ], [ 424924.354229784454219, 4388749.489388142712414 ], [ 424923.354229784454219, 4388749.489388142712414 ] ] ] } },
{ "type": "Feature", "properties": { "level": 0.05 }, "geometry": { "type": "Polygon", "coordinates": [ [ [ 424928.354229784454219, 4388741.489388142712414 ], [ 424928.354229784454219, 4388739.489388142712414 ], [ 424929.354229784454219, 4388739.489388142712414 ], [ 424929.354229784454219, 4388737.489388142712414 ], [ 424930.354229784454219, 4388737.489388142712414 ], [ 424930.354229784454219, 4388735.489388142712414 ], [ 424931.354229784454219, 4388735.489388142712414 ], [ 424931.354229784454219, 4388734.489388142712414 ], [ 424932.354229784454219, 4388734.489388142712414 ], [ 424932.354229784454219, 4388736.489388142712414 ], [ 424931.354229784454219, 4388736.489388142712414 ], [ 424931.354229784454219, 4388738.489388142712414 ], [ 424930.354229784454219, 4388738.489388142712414 ], [ 424930.354229784454219, 4388740.489388142712414 ], [ 424929.354229784454219, 4388740.489388142712414 ], [ 424929.354229784454219, 4388741.489388142712414 ], [ 424928.354229784454219, 4388741.489388142712414 ] ] ] } },
{ "type": "Feature", "properties": { "level": 0.05 }, "geometry": { "type": "Polygon", "coordinates": [ [ [ 424932.354229784454219, 4388734.489388142712414 ], [ 424932.354229784454219, 4388732.489388142712414 ], [ 424933.354229784454219, 4388732.489388142712414 ], [ 424933.354229784454219, 4388730.489388142712414 ], [ 424934.354229784454219, 4388730.489388142712414 ], [ 424934.354229784454219, 4388729.489388142712414 ], [ 424935.354229784454219, 4388729.489388142712414 ], [ 424935.354229784454219, 4388727.489388142712414 ], [ 424936.354229784454219, 4388727.489388142712414 ], [ 424936.354229784454219, 4388726.489388142712414 ], [ 424937.354229784454219, 4388726.489388142712414 ], [ 424937.354229784454219, 4388728.489388142712414 ], [ 424936.354229784454219, 4388728.489388142712414 ], [ 424936.354229784454219, 4388730.489388142712414 ], [ 424935.354229784454219, 4388730.489388142712414 ], [ 424935.354229784454219, 4388731.489388142712414 ], [ 424934.354229784454219, 4388731.489388142712414 ], [ 424934.354229784454219, 4388733.489388142712414 ], [ 424933.354229784454219, 4388733.489388142712414 ], [ 424933.354229784454219, 4388734.489388142712414 ], [ 424932.354229784454219, 4388734.489388142712414 ] ] ] } },
{ "type": "Feature", "properties": { "level": 0.05 }, "geometry": { "type": "Polygon", "coordinates": [ [ [ 424884.354229784454219, 4388364.489388142712414 ], [ 424884.354229784454219, 4388363.489388142712414 ], [ 424885.354229784454219, 4388363.489388142712414 ], [ 424885.354229784454219, 4388364.489388142712414 ], [ 424884.354229784454219, 4388364.489388142712414 ] ] ] } },
{ "type": "Feature", "properties": { "level": 0.05 }, "geometry": { "type": "Polygon", "coordinates": [ [ [ 424883.354229784454219, 4388363.489388142712414 ], [ 424883.354229784454219, 4388362.489388142712414 ], [ 424884.354229784454219, 4388362.489388142712414 ], [ 424884.354229784454219, 4388363.489388142712414 ], [ 424883.354229784454219, 4388363.489388142712414 ] ] ] } },
{ "type": "Feature", "properties": { "level": 0.05 }, "geometry": { "type": "Polygon", "coordinates": [ [ [ 424908.354229784454219, 4389320.489388142712414 ], [ 424908.354229784454219, 4389319.489388142712414 ], [ 424904.354229784454219, 4389319.489388142712414 ], [ 424904.354229784454219, 4389318.489388142712414 ], [ 424902.354229784454219, 4389318.489388142712414 ], [ 424902.354229784454219, 4389317.489388142712414 ], [ 424901.354229784454219, 4389317.489388142712414 ], [ 424901.354229784454219, 4389316.489388142712414 ], [ 424897.354229784454219, 4389316.489388142712414 ], [ 424897.354229784454219, 4389315.489388142712414 ], [ 424895.354229784454219, 4389315.489388142712414 ], [ 424895.354229784454219, 4389314.489388142712414 ], [ 424893.354229784454219, 4389314.489388142712414 ], [ 424893.354229784454219, 4389313.489388142712414 ], [ 424891.354229784454219, 4389313.489388142712414 ], [ 424891.354229784454219, 4389312.489388142712414 ], [ 424890.354229784454219, 4389312.489388142712414 ], [ 424890.354229784454219, 4389311.489388142712414 ], [ 424889.354229784454219, 4389311.489388142712414 ], [ 424889.354229784454219, 4389310.489388142712414 ], [ 424888.354229784454219, 4389310.489388142712414 ], [ 424888.354229784454219, 4389309.489388142712414 ], [ 424887.354229784454219, 4389309.489388142712414 ], [ 424887.354229784454219, 4389306.489388142712414 ], [ 424886.354229784454219, 4389306.489388142712414 ], [ 424886.354229784454219, 4389305.489388142712414 ], [ 424885.354229784454219, 4389305.489388142712414 ], [ 424885.354229784454219, 4389303.489388142712414 ], [ 424884.354229784454219, 4389303.489388142712414 ], [ 424884.354229784454219, 4389301.489388142712414 ], [ 424883.354229784454219, 4389301.489388142712414 ], [ 424883.354229784454219, 4389300.489388142712414 ], [ 424882.354229784454219, 4389300.489388142712414 ], [ 424882.354229784454219, 4389299.489388142712414 ], [ 424880.354229784454219, 4389299.489388142712414 ], [ 424880.354229784454219, 4389298.489388142712414 ], [ 424879.354229784454219, 4389298.489388142712414 ], [ 424879.354229784454219, 4389297.489388142712414 ], [ 424877.354229784454219, 4389297.489388142712414 ], [ 424877.354229784454219, 4389296.489388142712414 ], [ 424875.354229784454219, 4389296.489388142712414 ], [ 424875.354229784454219, 4389295.489388142712414 ], [ 424873.354229784454219, 4389295.489388142712414 ], [ 424873.354229784454219, 4389294.489388142712414 ], [ 424870.354229784454219, 4389294.489388142712414 ], [ 424870.354229784454219, 4389293.489388142712414 ], [ 424867.354229784454219, 4389293.489388142712414 ], [ 424867.354229784454219, 4389292.489388142712414 ], [ 424865.354229784454219, 4389292.489388142712414 ], [ 424865.354229784454219, 4389291.489388142712414 ], [ 424862.354229784454219, 4389291.489388142712414 ], [ 424862.354229784454219, 4389290.489388142712414 ], [ 424861.354229784454219, 4389290.489388142712414 ], [ 424861.354229784454219, 4389289.489388142712414 ], [ 424860.354229784454219, 4389289.489388142712414 ], [ 424860.354229784454219, 4389288.489388142712414 ], [ 424859.354229784454219, 4389288.489388142712414 ], [ 424859.354229784454219, 4389287.489388142712414 ], [ 424858.354229784454219, 4389287.489388142712414 ], [ 424858.354229784454219, 4389286.489388142712414 ], [ 424857.354229784454219, 4389286.489388142712414 ], [ 424857.354229784454219, 4389285.489388142712414 ], [ 424856.354229784454219, 4389285.489388142712414 ], [ 424856.354229784454219, 4389284.489388142712414 ], [ 424855.354229784454219, 4389284.489388142712414 ], [ 424855.354229784454219, 4389283.489388142712414 ], [ 424854.354229784454219, 4389283.489388142712414 ], [ 424854.354229784454219, 4389282.489388142712414 ], [ 424852.354229784454219, 4389282.489388142712414 ], [ 424852.354229784454219, 4389281.489388142712414 ], [ 424850.354229784454219, 4389281.489388142712414 ], [ 424850.354229784454219, 4389280.489388142712414 ], [ 424848.354229784454219, 4389280.489388142712414 ], [ 424848.354229784454219, 4389279.489388142712414 ], [ 424845.354229784454219, 4389279.489388142712414 ], [ 424845.354229784454219, 4389278.489388142712414 ], [ 424841.354229784454219, 4389278.489388142712414 ], [ 424841.354229784454219, 4389277.489388142712414 ], [ 424839.354229784454219, 4389277.489388142712414 ], [ 424839.354229784454219, 4389276.489388142712414 ], [ 424837.354229784454219, 4389276.489388142712414 ], [ 424837.354229784454219, 4389275.489388142712414 ], [ 424835.354229784454219, 4389275.489388142712414 ], [ 424835.354229784454219, 4389274.489388142712414 ], [ 424833.354229784454219, 4389274.489388142712414 ], [ 424833.354229784454219, 4389273.489388142712414 ], [ 424832.354229784454219, 4389273.489388142712414 ], [ 424832.354229784454219, 4389272.489388142712414 ], [ 424829.354229784454219, 4389272.489388142712414 ], [ 424829.354229784454219, 4389271.489388142712414 ], [ 424827.354229784454219, 4389271.489388142712414 ], [ 424827.354229784454219, 4389270.489388142712414 ], [ 424825.354229784454219, 4389270.489388142712414 ], [ 424825.354229784454219, 4389269.489388142712414 ], [ 424824.354229784454219, 4389269.489388142712414 ], [ 424824.354229784454219, 4389268.489388142712414 ], [ 424822.354229784454219, 4389268.489388142712414 ], [ 424822.354229784454219, 4389267.489388142712414 ], [ 424818.354229784454219, 4389267.489388142712414 ], [ 424818.354229784454219, 4389266.489388142712414 ], [ 424814.354229784454219, 4389266.489388142712414 ], [ 424814.354229784454219, 4389265.489388142712414 ], [ 424808.354229784454219, 4389265.489388142712414 ], [ 424808.354229784454219, 4389264.489388142712414 ], [ 424805.354229784454219, 4389264.489388142712414 ], [ 424805.354229784454219, 4389263.489388142712414 ], [ 424804.354229784454219, 4389263.489388142712414 ], [ 424804.354229784454219, 4389262.489388142712414 ], [ 424802.354229784454219, 4389262.489388142712414 ], [ 424802.354229784454219, 4389261.489388142712414 ], [ 424801.354229784454219, 4389261.489388142712414 ], [ 424801.354229784454219, 4389260.489388142712414 ], [ 424799.354229784454219, 4389260.489388142712414 ], [ 424799.354229784454219, 4389259.489388142712414 ], [ 424797.354229784454219, 4389259.489388142712414 ], [ 424797.354229784454219, 4389258.489388142712414 ], [ 424796.354229784454219, 4389258.489388142712414 ], [ 424796.354229784454219, 4389257.489388142712414 ], [ 424794.354229784454219, 4389257.489388142712414 ], [ 424794.354229784454219, 4389256.489388142712414 ], [ 424793.354229784454219, 4389256.489388142712414 ], [ 424793.354229784454219, 4389255.489388142712414 ], [ 424791.354229784454219, 4389255.489388142712414 ], [ 424791.354229784454219, 4389254.489388142712414 ], [ 424789.354229784454219, 4389254.489388142712414 ], [ 424789.354229784454219, 4389253.489388142712414 ], [ 424788.354229784454219, 4389253.489388142712414 ], [ 424788.354229784454219, 4389252.489388142712414 ], [ 424786.354229784454219, 4389252.489388142712414 ], [ 424786.354229784454219, 4389251.489388142712414 ], [ 424784.354229784454219, 4389251.489388142712414 ], [ 424784.354229784454219, 4389250.489388142712414 ], [ 424783.354229784454219, 4389250.489388142712414 ], [ 424783.354229784454219, 4389249.489388142712414 ], [ 424781.354229784454219, 4389249.489388142712414 ], [ 424781.354229784454219, 4389248.489388142712414 ], [ 424779.354229784454219, 4389248.489388142712414 ], [ 424779.354229784454219, 4389247.489388142712414 ], [ 424778.354229784454219, 4389247.489388142712414 ], [ 424778.354229784454219, 4389246.489388142712414 ], [ 424776.354229784454219, 4389246.489388142712414 ], [ 424776.354229784454219, 4389245.489388142712414 ], [ 424774.354229784454219, 4389245.489388142712414 ], [ 424774.354229784454219, 4389244.489388142712414 ], [ 424772.354229784454219, 4389244.489388142712414 ], [ 424772.354229784454219, 4389243.489388142712414 ], [ 424770.354229784454219, 4389243.489388142712414 ], [ 424770.354229784454219, 4389242.489388142712414 ], [ 424768.354229784454219, 4389242.489388142712414 ], [ 424768.354229784454219, 4389241.489388142712414 ], [ 424766.354229784454219, 4389241.489388142712414 ], [ 424766.354229784454219, 4389240.489388142712414 ], [ 424767.354229784454219, 4389240.489388142712414 ], [ 424767.354229784454219, 4389239.489388142712414 ], [ 424766.354229784454219, 4389239.489388142712414 ], [ 424766.354229784454219, 4389238.489388142712414 ], [ 424765.354229784454219, 4389238.489388142712414 ], [ 424765.354229784454219, 4389239.489388142712414 ], [ 424763.354229784454219, 4389239.489388142712414 ], [ 424763.354229784454219, 4389238.489388142712414 ], [ 424764.354229784454219, 4389238.489388142712414 ], [ 424764.354229784454219, 4389237.489388142712414 ], [ 424763.354229784454219, 4389237.489388142712414 ], [ 424763.354229784454219, 4389236.489388142712414 ], [ 424762.354229784454219, 4389236.489388142712414 ], [ 424762.354229784454219, 4389235.489388142712414 ], [ 424761.354229784454219, 4389235.489388142712414 ], [ 424761.354229784454219, 4389234.489388142712414 ], [ 424760.354229784454219, 4389234.489388142712414 ], [ 424760.354229784454219, 4389233.489388142712414 ], [ 424758.354229784454219, 4389233.489388142712414 ], [ 424758.354229784454219, 4389232.489388142712414 ], [ 424757.354229784454219, 4389232.489388142712414 ], [ 424757.354229784454219, 4389231.489388142712414 ], [ 424756.354229784454219, 4389231.489388142712414 ], [ 424756.354229784454219, 4389230.489388142712414 ], [ 424755.354229784454219, 4389230.489388142712414 ], [ 424755.354229784454219, 4389229.489388142712414 ], [ 424754.354229784454219, 4389229.489388142712414 ], [ 424754.354229784454219, 4389228.489388142712414 ], [ 424752.354229784454219, 4389228.489388142712414 ], [ 424752.354229784454219, 4389227.489388142712414 ], [ 424751.354229784454219, 4389227.489388142712414 ], [ 424751.354229784454219, 4389226.489388142712414 ], [ 424750.354229784454219, 4389226.489388142712414 ], [ 424750.354229784454219, 4389225.489388142712414 ], [ 424748.354229784454219, 4389225.489388142712414 ], [ 424748.354229784454219, 4389224.489388142712414 ], [ 424747.354229784454219, 4389224.489388142712414 ], [ 424747.354229784454219, 4389223.489388142712414 ], [ 424746.354229784454219, 4389223.489388142712414 ], [ 424746.354229784454219, 4389222.489388142712414 ], [ 424744.354229784454219, 4389222.489388142712414 ], [ 424744.354229784454219, 4389221.489388142712414 ], [ 424743.354229784454219, 4389221.489388142712414 ], [ 424743.354229784454219, 4389220.489388142712414 ], [ 424741.354229784454219, 4389220.489388142712414 ], [ 424741.354229784454219, 4389219.489388142712414 ], [ 424739.354229784454219, 4389219.489388142712414 ], [ 424739.354229784454219, 4389218.489388142712414 ], [ 424738.354229784454219, 4389218.489388142712414 ], [ 424738.354229784454219, 4389217.489388142712414 ], [ 424736.354229784454219, 4389217.489388142712414 ], [ 424736.354229784454219, 4389216.489388142712414 ], [ 424734.354229784454219, 4389216.489388142712414 ], [ 424734.354229784454219, 4389215.489388142712414 ], [ 424733.354229784454219, 4389215.489388142712414 ], [ 424733.354229784454219, 4389214.489388142712414 ], [ 424731.354229784454219, 4389214.489388142712414 ], [ 424731.354229784454219, 4389215.489388142712414 ], [ 424729.354229784454219, 4389215.489388142712414 ], [ 424729.354229784454219, 4389214.489388142712414 ], [ 424727.354229784454219, 4389214.489388142712414 ], [ 424727.354229784454219, 4389213.489388142712414 ], [ 424728.354229784454219, 4389213.489388142712414 ], [ 424728.354229784454219, 4389212.489388142712414 ], [ 424727.354229784454219, 4389212.489388142712414 ], [ 424727.354229784454219, 4389211.489388142712414 ], [ 424725.354229784454219, 4389211.489388142712414 ], [ 424725.354229784454219, 4389212.489388142712414 ], [ 424723.354229784454219, 4389212.489388142712414 ], [ 424723.354229784454219, 4389211.489388142712414 ], [ 424721.354229784454219, 4389211.489388142712414 ], [ 424721.354229784454219, 4389210.489388142712414 ], [ 424719.354229784454219, 4389210.489388142712414 ], [ 424719.354229784454219, 4389209.489388142712414 ], [ 424716.354229784454219, 4389209.489388142712414 ], [ 424716.354229784454219, 4389208.489388142712414 ], [ 424714.354229784454219, 4389208.489388142712414 ], [ 424714.354229784454219, 4389207.489388142712414 ], [ 424712.354229784454219, 4389207.489388142712414 ], [ 424712.354229784454219, 4389206.489388142712414 ], [ 424710.354229784454219, 4389206.489388142712414 ], [ 424710.354229784454219, 4389205.489388142712414 ], [ 424707.354229784454219, 4389205.489388142712414 ], [ 424707.354229784454219, 4389204.489388142712414 ], [ 424705.354229784454219, 4389204.489388142712414 ], [ 424705.354229784454219, 4389203.489388142712414 ], [ 424702.354229784454219, 4389203.489388142712414 ], [ 424702.354229784454219, 4389202.489388142712414 ], [ 424699.354229784454219, 4389202.489388142712414 ], [ 424699.354229784454219, 4389201.489388142712414 ], [ 424695.354229784454219, 4389201.489388142712414 ], [ 424695.354229784454219, 4389200.489388142712414 ], [ 424692.354229784454219, 4389200.489388142712414 ], [ 424692.354229784454219, 4389199.489388142712414 ], [ 424687.354229784454219, 4389199.489388142712414 ], [ 424687.354229784454219, 4389198.489388142712414 ], [ 424683.354229784454219, 4389198.489388142712414 ], [ 424683.354229784454219, 4389197.489388142712414 ], [ 424677.354229784454219, 4389197.489388142712414 ], [ 424677.354229784454219, 4389196.489388142712414 ], [ 424669.354229784454219, 4389196.489388142712414 ], [ 424669.354229784454219, 4389195.489388142712414 ], [ 424658.354229784454219, 4389195.489388142712414 ], [ 424658.354229784454219, 4389194.489388142712414 ], [ 424649.354229784454219, 4389194.489388142712414 ], [ 424649.354229784454219, 4389193.489388142712414 ], [ 424642.354229784454219, 4389193.489388142712414 ], [ 424642.354229784454219, 4389192.489388142712414 ], [ 424637.354229784454219, 4389192.489388142712414 ], [ 424637.354229784454219, 4389191.489388142712414 ], [ 424633.354229784454219, 4389191.489388142712414 ], [ 424633.354229784454219, 4389190.489388142712414 ], [ 424630.354229784454219, 4389190.489388142712414 ], [ 424630.354229784454219, 4389189.489388142712414 ], [ 424627.354229784454219, 4389189.489388142712414 ], [ 424627.354229784454219, 4389188.489388142712414 ], [ 424624.354229784454219, 4389188.489388142712414 ], [ 424624.354229784454219, 4389187.489388142712414 ], [ 424621.354229784454219, 4389187.489388142712414 ], [ 424621.354229784454219, 4389186.489388142712414 ], [ 424618.354229784454219, 4389186.489388142712414 ], [ 424618.354229784454219, 4389185.489388142712414 ], [ 424615.354229784454219, 4389185.489388142712414 ], [ 424615.354229784454219, 4389184.489388142712414 ], [ 424612.354229784454219, 4389184.489388142712414 ], [ 424612.354229784454219, 4389183.489388142712414 ], [ 424610.354229784454219, 4389183.489388142712414 ], [ 424610.354229784454219, 4389182.489388142712414 ], [ 424608.354229784454219, 4389182.489388142712414 ], [ 424608.354229784454219, 4389181.489388142712414 ], [ 424603.354229784454219, 4389181.489388142712414 ], [ 424603.354229784454219, 4389180.489388142712414 ], [ 424599.354229784454219, 4389180.489388142712414 ], [ 424599.354229784454219, 4389179.489388142712414 ], [ 424596.354229784454219, 4389179.489388142712414 ], [ 424596.354229784454219, 4389178.489388142712414 ], [ 424594.354229784454219, 4389178.489388142712414 ], [ 424594.354229784454219, 4389177.489388142712414 ], [ 424592.354229784454219, 4389177.489388142712414 ], [ 424592.354229784454219, 4389176.489388142712414 ], [ 424590.354229784454219, 4389176.489388142712414 ], [ 424590.354229784454219, 4389175.489388142712414 ], [ 424588.354229784454219, 4389175.489388142712414 ], [ 424588.354229784454219, 4389174.489388142712414 ], [ 424586.354229784454219, 4389174.489388142712414 ], [ 424586.354229784454219, 4389173.489388142712414 ], [ 424585.354229784454219, 4389173.489388142712414 ], [ 424585.354229784454219, 4389170.489388142712414 ], [ 424583.354229784454219, 4389170.489388142712414 ], [ 424583.354229784454219, 4389168.489388142712414 ], [ 424580.354229784454219, 4389168.489388142712414 ], [ 424580.354229784454219, 4389167.489388142712414 ], [ 424578.354229784454219, 4389167.489388142712414 ], [ 424578.354229784454219, 4389166.489388142712414 ], [ 424577.354229784454219, 4389166.489388142712414 ], [ 424577.354229784454219, 4389165.489388142712414 ], [ 424576.354229784454219, 4389165.489388142712414 ], [ 424576.354229784454219, 4389163.489388142712414 ], [ 424575.354229784454219, 4389163.489388142712414 ], [ 424575.354229784454219, 4389161.489388142712414 ], [ 424574.354229784454219, 4389161.489388142712414 ], [ 424574.354229784454219, 4389159.489388142712414 ], [ 424573.354229784454219, 4389159.489388142712414 ], [ 424573.354229784454219, 4389158.489388142712414 ], [ 424574.354229784454219, 4389158.489388142712414 ], [ 424574.354229784454219, 4389156.489388142712414 ], [ 424573.354229784454219, 4389156.489388142712414 ], [ 424573.354229784454219, 4389154.489388142712414 ], [ 424571.354229784454219, 4389154.489388142712414 ], [ 424571.354229784454219, 4389153.489388142712414 ], [ 424568.354229784454219, 4389153.489388142712414 ], [ 424568.354229784454219, 4389152.489388142712414 ], [ 424567.354229784454219, 4389152.489388142712414 ], [ 424567.354229784454219, 4389151.489388142712414 ], [ 424566.354229784454219, 4389151.489388142712414 ], [ 424566.354229784454219, 4389150.489388142712414 ], [ 424565.354229784454219, 4389150.489388142712414 ], [ 424565.354229784454219, 4389149.489388142712414 ], [ 424564.354229784454219, 4389149.489388142712414 ], [ 424564.354229784454219, 4389146.489388142712414 ], [ 424563.354229784454219, 4389146.489388142712414 ], [ 424563.354229784454219, 4389143.489388142712414 ], [ 424562.354229784454219, 4389143.489388142712414 ], [ 424562.354229784454219, 4389142.489388142712414 ], [ 424561.354229784454219, 4389142.489388142712414 ], [ 424561.354229784454219, 4389141.489388142712414 ], [ 424560.354229784454219, 4389141.489388142712414 ], [ 424560.354229784454219, 4389139.489388142712414 ], [ 424559.354229784454219, 4389139.489388142712414 ], [ 424559.354229784454219, 4389137.489388142712414 ], [ 424558.354229784454219, 4389137.489388142712414 ], [ 424558.354229784454219, 4389134.489388142712414 ], [ 424557.354229784454219, 4389134.489388142712414 ], [ 424557.354229784454219, 4389132.489388142712414 ], [ 424556.354229784454219, 4389132.489388142712414 ], [ 424556.354229784454219, 4389131.489388142712414 ], [ 424555.354229784454219, 4389131.489388142712414 ], [ 424555.354229784454219, 4389121.489388142712414 ], [ 424554.354229784454219, 4389121.489388142712414 ], [ 424554.354229784454219, 4389118.489388142712414 ], [ 424555.354229784454219, 4389118.489388142712414 ], [ 424555.354229784454219, 4389114.489388142712414 ], [ 424554.354229784454219, 4389114.489388142712414 ], [ 424554.354229784454219, 4389107.489388142712414 ], [ 424555.354229784454219, 4389107.489388142712414 ], [ 424555.354229784454219, 4389104.489388142712414 ], [ 424556.354229784454219, 4389104.489388142712414 ], [ 424556.354229784454219, 4389103.489388142712414 ], [ 424555.354229784454219, 4389103.489388142712414 ], [ 424555.354229784454219, 4389102.489388142712414 ], [ 424556.354229784454219, 4389102.489388142712414 ], [ 424556.354229784454219, 4389099.489388142712414 ], [ 424557.354229784454219, 4389099.489388142712414 ], [ 424557.354229784454219, 4389096.489388142712414 ], [ 424558.354229784454219, 4389096.489388142712414 ], [ 424558.354229784454219, 4389093.489388142712414 ], [ 424559.354229784454219, 4389093.489388142712414 ], [ 424559.354229784454219, 4389091.489388142712414 ], [ 424560.354229784454219, 4389091.489388142712414 ], [ 424560.354229784454219, 4389090.489388142712414 ], [ 424561.354229784454219, 4389090.489388142712414 ], [ 424561.354229784454219, 4389088.489388142712414 ], [ 424562.354229784454219, 4389088.489388142712414 ], [ 424562.354229784454219, 4389087.489388142712414 ], [ 424563.354229784454219, 4389087.489388142712414 ], [ 424563.354229784454219, 4389085.489388142712414 ], [ 424564.354229784454219, 4389085.489388142712414 ], [ 424564.354229784454219, 4389083.489388142712414 ], [ 424565.354229784454219, 4389083.489388142712414 ], [ 424565.354229784454219, 4389082.489388142712414 ], [ 424566.354229784454219, 4389082.489388142712414 ], [ 424566.354229784454219, 4389081.489388142712414 ], [ 424567.354229784454219, 4389081.489388142712414 ], [ 424567.354229784454219, 4389080.489388142712414 ], [ 424568.354229784454219, 4389080.489388142712414 ], [ 424568.354229784454219, 4389079.489388142712414 ], [ 424569.354229784454219, 4389079.489388142712414 ], [ 424569.354229784454219, 4389078.489388142712414 ], [ 424570.354229784454219, 4389078.489388142712414 ], [ 424570.354229784454219, 4389077.489388142712414 ], [ 424571.354229784454219, 4389077.489388142712414 ], [ 424571.354229784454219, 4389076.489388142712414 ], [ 424572.354229784454219, 4389076.489388142712414 ], [ 424572.354229784454219, 4389075.489388142712414 ], [ 424573.354229784454219, 4389075.489388142712414 ], [ 424573.354229784454219, 4389074.489388142712414 ], [ 424574.354229784454219, 4389074.489388142712414 ], [ 424574.354229784454219, 4389072.489388142712414 ], [ 424575.354229784454219, 4389072.489388142712414 ], [ 424575.354229784454219, 4389071.489388142712414 ], [ 424576.354229784454219, 4389071.489388142712414 ], [ 424576.354229784454219, 4389070.489388142712414 ], [ 424577.354229784454219, 4389070.489388142712414 ], [ 424577.354229784454219, 4389069.489388142712414 ], [ 424578.354229784454219, 4389069.489388142712414 ], [ 424578.354229784454219, 4389068.489388142712414 ], [ 424579.354229784454219, 4389068.489388142712414 ], [ 424579.354229784454219, 4389067.489388142712414 ], [ 424580.354229784454219, 4389067.489388142712414 ], [ 424580.354229784454219, 4389066.489388142712414 ], [ 424582.354229784454219, 4389066.489388142712414 ], [ 424582.354229784454219, 4389065.489388142712414 ], [ 424583.354229784454219, 4389065.489388142712414 ], [ 424583.354229784454219, 4389064.489388142712414 ], [ 424584.354229784454219, 4389064.489388142712414 ], [ 424584.354229784454219, 4389063.489388142712414 ], [ 424585.354229784454219, 4389063.489388142712414 ], [ 424585.354229784454219, 4389062.489388142712414 ], [ 424586.354229784454219, 4389062.489388142712414 ], [ 424586.354229784454219, 4389061.489388142712414 ], [ 424588.354229784454219, 4389061.489388142712414 ], [ 424588.354229784454219, 4389060.489388142712414 ], [ 424589.354229784454219, 4389060.489388142712414 ], [ 424589.354229784454219, 4389059.489388142712414 ], [ 424590.354229784454219, 4389059.489388142712414 ], [ 424590.354229784454219, 4389058.489388142712414 ], [ 424591.354229784454219, 4389058.489388142712414 ], [ 424591.354229784454219, 4389057.489388142712414 ], [ 424592.354229784454219, 4389057.489388142712414 ], [ 424592.354229784454219, 4389056.489388142712414 ], [ 424593.354229784454219, 4389056.489388142712414 ], [ 424593.354229784454219, 4389055.489388142712414 ], [ 424595.354229784454219, 4389055.489388142712414 ], [ 424595.354229784454219, 4389054.489388142712414 ], [ 424596.354229784454219, 4389054.489388142712414 ], [ 424596.354229784454219, 4389053.489388142712414 ], [ 424597.354229784454219, 4389053.489388142712414 ], [ 424597.354229784454219, 4389052.489388142712414 ], [ 424598.354229784454219, 4389052.489388142712414 ], [ 424598.354229784454219, 4389051.489388142712414 ], [ 424600.354229784454219, 4389051.489388142712414 ], [ 424600.354229784454219, 4389050.489388142712414 ], [ 424601.354229784454219, 4389050.489388142712414 ], [ 424601.354229784454219, 4389049.489388142712414 ], [ 424602.354229784454219, 4389049.489388142712414 ], [ 424602.354229784454219, 4389048.489388142712414 ], [ 424603.354229784454219, 4389048.489388142712414 ], [ 424603.354229784454219, 4389047.489388142712414 ], [ 424604.354229784454219, 4389047.489388142712414 ], [ 424604.354229784454219, 4389046.489388142712414 ], [ 424606.354229784454219, 4389046.489388142712414 ], [ 424606.354229784454219, 4389045.489388142712414 ], [ 424607.354229784454219, 4389045.489388142712414 ], [ 424607.354229784454219, 4389044.489388142712414 ], [ 424608.354229784454219, 4389044.489388142712414 ], [ 424608.354229784454219, 4389043.489388142712414 ], [ 424609.354229784454219, 4389043.489388142712414 ], [ 424609.354229784454219, 4389042.489388142712414 ], [ 424610.354229784454219, 4389042.489388142712414 ], [ 424610.354229784454219, 4389041.489388142712414 ], [ 424611.354229784454219, 4389041.489388142712414 ], [ 424611.354229784454219, 4389040.489388142712414 ], [ 424612.354229784454219, 4389040.489388142712414 ], [ 424612.354229784454219, 4389039.489388142712414 ], [ 424613.354229784454219, 4389039.489388142712414 ], [ 424613.354229784454219, 4389038.489388142712414 ], [ 424614.354229784454219, 4389038.489388142712414 ], [ 424614.354229784454219, 4389037.489388142712414 ], [ 424615.354229784454219, 4389037.489388142712414 ], [ 424615.354229784454219, 4389036.489388142712414 ], [ 424616.354229784454219, 4389036.489388142712414 ], [ 424616.354229784454219, 4389035.489388142712414 ], [ 424617.354229784454219, 4389035.489388142712414 ], [ 424617.354229784454219, 4389034.489388142712414 ], [ 424618.354229784454219, 4389034.489388142712414 ], [ 424618.354229784454219, 4389032.489388142712414 ], [ 424620.354229784454219, 4389032.489388142712414 ], [ 424620.354229784454219, 4389031.489388142712414 ], [ 424621.354229784454219, 4389031.489388142712414 ], [ 424621.354229784454219, 4389030.489388142712414 ], [ 424622.354229784454219, 4389030.489388142712414 ], [ 424622.354229784454219, 4389029.489388142712414 ], [ 424623.354229784454219, 4389029.489388142712414 ], [ 424623.354229784454219, 4389028.489388142712414 ], [ 424624.354229784454219, 4389028.489388142712414 ], [ 424624.354229784454219, 4389027.489388142712414 ], [ 424625.354229784454219, 4389027.489388142712414 ], [ 424625.354229784454219, 4389026.489388142712414 ], [ 424626.354229784454219, 4389026.489388142712414 ], [ 424626.354229784454219, 4389025.489388142712414 ], [ 424627.354229784454219, 4389025.489388142712414 ], [ 424627.354229784454219, 4389024.489388142712414 ], [ 424628.354229784454219, 4389024.489388142712414 ], [ 424628.354229784454219, 4389023.489388142712414 ], [ 424629.354229784454219, 4389023.489388142712414 ], [ 424629.354229784454219, 4389022.489388142712414 ], [ 424630.354229784454219, 4389022.489388142712414 ], [ 424630.354229784454219, 4389021.489388142712414 ], [ 424631.354229784454219, 4389021.489388142712414 ], [ 424631.354229784454219, 4389020.489388142712414 ], [ 424633.354229784454219, 4389020.489388142712414 ], [ 424633.354229784454219, 4389019.489388142712414 ], [ 424634.354229784454219, 4389019.489388142712414 ], [ 424634.354229784454219, 4389018.489388142712414 ], [ 424635.354229784454219, 4389018.489388142712414 ], [ 424635.354229784454219, 4389017.489388142712414 ], [ 424636.354229784454219, 4389017.489388142712414 ], [ 424636.354229784454219, 4389016.489388142712414 ], [ 424637.354229784454219, 4389016.489388142712414 ], [ 424637.354229784454219, 4389015.489388142712414 ], [ 424639.354229784454219, 4389015.489388142712414 ], [ 424639.354229784454219, 4389014.489388142712414 ], [ 424640.354229784454219, 4389014.489388142712414 ], [ 424640.354229784454219, 4389013.489388142712414 ], [ 424641.354229784454219, 4389013.489388142712414 ], [ 424641.354229784454219, 4389012.489388142712414 ], [ 424643.354229784454219, 4389012.489388142712414 ], [ 424643.354229784454219, 4389011.489388142712414 ], [ 424644.354229784454219, 4389011.489388142712414 ], [ 424644.354229784454219, 4389010.489388142712414 ], [ 424645.354229784454219, 4389010.489388142712414 ], [ 424645.354229784454219, 4389009.489388142712414 ], [ 424646.354229784454219, 4389009.489388142712414 ], [ 424646.354229784454219, 4389008.489388142712414 ], [ 424647.354229784454219, 4389008.489388142712414 ], [ 424647.354229784454219, 4389007.489388142712414 ], [ 424648.354229784454219, 4389007.489388142712414 ], [ 424648.354229784454219, 4389006.489388142712414 ], [ 424650.354229784454219, 4389006.489388142712414 ], [ 424650.354229784454219, 4389005.489388142712414 ], [ 424651.354229784454219, 4389005.489388142712414 ], [ 424651.354229784454219, 4389004.489388142712414 ], [ 424652.354229784454219, 4389004.489388142712414 ], [ 424652.354229784454219, 4389003.489388142712414 ], [ 424654.354229784454219, 4389003.489388142712414 ], [ 424654.354229784454219, 4389002.489388142712414 ], [ 424655.354229784454219, 4389002.489388142712414 ], [ 424655.354229784454219, 4389001.489388142712414 ], [ 424656.354229784454219, 4389001.489388142712414 ], [ 424656.354229784454219, 4389000.489388142712414 ], [ 424657.354229784454219, 4389000.489388142712414 ], [ 424657.354229784454219, 4388999.489388142712414 ], [ 424658.354229784454219, 4388999.489388142712414 ], [ 424658.354229784454219, 4388998.489388142712414 ], [ 424660.354229784454219, 4388998.489388142712414 ], [ 424660.354229784454219, 4388997.489388142712414 ], [ 424661.354229784454219, 4388997.489388142712414 ], [ 424661.354229784454219, 4388996.489388142712414 ], [ 424662.354229784454219, 4388996.489388142712414 ], [ 424662.354229784454219, 4388995.489388142712414 ], [ 424663.354229784454219, 4388995.489388142712414 ], [ 424663.354229784454219, 4388994.489388142712414 ], [ 424664.354229784454219, 4388994.489388142712414 ], [ 424664.354229784454219, 4388993.489388142712414 ], [ 424665.354229784454219, 4388993.489388142712414 ], [ 424665.354229784454219, 4388992.489388142712414 ], [ 424667.354229784454219, 4388992.489388142712414 ], [ 424667.354229784454219, 4388991.489388142712414 ], [ 424668.354229784454219, 4388991.489388142712414 ], [ 424668.354229784454219, 4388990.489388142712414 ], [ 424669.354229784454219, 4388990.489388142712414 ], [ 424669.354229784454219, 4388989.489388142712414 ], [ 424670.354229784454219, 4388989.489388142712414 ], [ 424670.354229784454219, 4388988.489388142712414 ], [ 424671.354229784454219, 4388988.489388142712414 ], [ 424671.354229784454219, 4388987.489388142712414 ], [ 424672.354229784454219, 4388987.489388142712414 ], [ 424672.354229784454219, 4388986.489388142712414 ], [ 424674.354229784454219, 4388986.489388142712414 ], [ 424674.354229784454219, 4388985.489388142712414 ], [ 424675.354229784454219, 4388985.489388142712414 ], [ 424675.354229784454219, 4388984.489388142712414 ], [ 424676.354229784454219, 4388984.489388142712414 ], [ 424676.354229784454219, 4388983.489388142712414 ], [ 424677.354229784454219, 4388983.489388142712414 ], [ 424677.354229784454219, 4388982.489388142712414 ], [ 424678.354229784454219, 4388982.489388142712414 ], [ 424678.354229784454219, 4388981.489388142712414 ], [ 424679.354229784454219, 4388981.489388142712414 ], [ 424679.354229784454219, 4388980.489388142712414 ], [ 424680.354229784454219, 4388980.489388142712414 ], [ 424680.354229784454219, 4388979.489388142712414 ], [ 424681.354229784454219, 4388979.489388142712414 ], [ 424681.354229784454219, 4388978.489388142712414 ], [ 424683.354229784454219, 4388978.489388142712414 ], [ 424683.354229784454219, 4388976.489388142712414 ], [ 424684.354229784454219, 4388976.489388142712414 ], [ 424684.354229784454219, 4388975.489388142712414 ], [ 424686.354229784454219, 4388975.489388142712414 ], [ 424686.354229784454219, 4388974.489388142712414 ], [ 424687.354229784454219, 4388974.489388142712414 ], [ 424687.354229784454219, 4388973.489388142712414 ], [ 424688.354229784454219, 4388973.489388142712414 ], [ 424688.354229784454219, 4388972.489388142712414 ], [ 424689.354229784454219, 4388972.489388142712414 ], [ 424689.354229784454219, 4388971.489388142712414 ], [ 424690.354229784454219, 4388971.489388142712414 ], [ 424690.354229784454219, 4388970.489388142712414 ], [ 424691.354229784454219, 4388970.489388142712414 ], [ 424691.354229784454219, 4388969.489388142712414 ], [ 424692.354229784454219, 4388969.489388142712414 ], [ 424692.354229784454219, 4388968.489388142712414 ], [ 424693.354229784454219, 4388968.489388142712414 ], [ 424693.354229784454219, 4388967.489388142712414 ], [ 424695.354229784454219, 4388967.489388142712414 ], [ 424695.354229784454219, 4388966.489388142712414 ], [ 424696.354229784454219, 4388966.489388142712414 ], [ 424696.354229784454219, 4388965.489388142712414 ], [ 424697.354229784454219, 4388965.489388142712414 ], [ 424697.354229784454219, 4388964.489388142712414 ], [ 424698.354229784454219, 4388964.489388142712414 ], [ 424698.354229784454219, 4388963.489388142712414 ], [ 424699.354229784454219, 4388963.489388142712414 ], [ 424699.354229784454219, 4388962.489388142712414 ], [ 424700.354229784454219, 4388962.489388142712414 ], [ 424700.354229784454219, 4388961.489388142712414 ], [ 424702.354229784454219, 4388961.489388142712414 ], [ 424702.354229784454219, 4388960.489388142712414 ], [ 424703.354229784454219, 4388960.489388142712414 ], [ 424703.354229784454219, 4388959.489388142712414 ], [ 424704.354229784454219, 4388959.489388142712414 ], [ 424704.354229784454219, 4388958.489388142712414 ], [ 424705.354229784454219, 4388958.489388142712414 ], [ 424705.354229784454219, 4388957.489388142712414 ], [ 424707.354229784454219, 4388957.489388142712414 ], [ 424707.354229784454219, 4388956.489388142712414 ], [ 424708.354229784454219, 4388956.489388142712414 ], [ 424708.354229784454219, 4388955.489388142712414 ], [ 424709.354229784454219, 4388955.489388142712414 ], [ 424709.354229784454219, 4388954.489388142712414 ], [ 424710.354229784454219, 4388954.489388142712414 ], [ 424710.354229784454219, 4388953.489388142712414 ], [ 424711.354229784454219, 4388953.489388142712414 ], [ 424711.354229784454219, 4388952.489388142712414 ], [ 424712.354229784454219, 4388952.489388142712414 ], [ 424712.354229784454219, 4388951.489388142712414 ], [ 424714.354229784454219, 4388951.489388142712414 ], [ 424714.354229784454219, 4388950.489388142712414 ], [ 424715.354229784454219, 4388950.489388142712414 ], [ 424715.354229784454219, 4388949.489388142712414 ], [ 424716.354229784454219, 4388949.489388142712414 ], [ 424716.354229784454219, 4388948.489388142712414 ], [ 424717.354229784454219, 4388948.489388142712414 ], [ 424717.354229784454219, 4388947.489388142712414 ], [ 424718.354229784454219, 4388947.489388142712414 ], [ 424718.354229784454219, 4388946.489388142712414 ], [ 424719.354229784454219, 4388946.489388142712414 ], [ 424719.354229784454219, 4388945.489388142712414 ], [ 424720.354229784454219, 4388945.489388142712414 ], [ 424720.354229784454219, 4388944.489388142712414 ], [ 424721.354229784454219, 4388944.489388142712414 ], [ 424721.354229784454219, 4388943.489388142712414 ], [ 424723.354229784454219, 4388943.489388142712414 ], [ 424723.354229784454219, 4388942.489388142712414 ], [ 424724.354229784454219, 4388942.489388142712414 ], [ 424724.354229784454219, 4388941.489388142712414 ], [ 424725.354229784454219, 4388941.489388142712414 ], [ 424725.354229784454219, 4388940.489388142712414 ], [ 424726.354229784454219, 4388940.489388142712414 ], [ 424726.354229784454219, 4388939.489388142712414 ], [ 424727.354229784454219, 4388939.489388142712414 ], [ 424727.354229784454219, 4388938.489388142712414 ], [ 424728.354229784454219, 4388938.489388142712414 ], [ 424728.354229784454219, 4388937.489388142712414 ], [ 424729.354229784454219, 4388937.489388142712414 ], [ 424729.354229784454219, 4388936.489388142712414 ], [ 424730.354229784454219, 4388936.489388142712414 ], [ 424730.354229784454219, 4388935.489388142712414 ], [ 424731.354229784454219, 4388935.489388142712414 ], [ 424731.354229784454219, 4388934.489388142712414 ], [ 424732.354229784454219, 4388934.489388142712414 ], [ 424732.354229784454219, 4388933.489388142712414 ], [ 424733.354229784454219, 4388933.489388142712414 ], [ 424733.354229784454219, 4388932.489388142712414 ], [ 424734.354229784454219, 4388932.489388142712414 ], [ 424734.354229784454219, 4388931.489388142712414 ], [ 424735.354229784454219, 4388931.489388142712414 ], [ 424735.354229784454219, 4388930.489388142712414 ], [ 424736.354229784454219, 4388930.489388142712414 ], [ 424736.354229784454219, 4388929.489388142712414 ], [ 424737.354229784454219, 4388929.489388142712414 ], [ 424737.354229784454219, 4388928.489388142712414 ], [ 424738.354229784454219, 4388928.489388142712414 ], [ 424738.354229784454219, 4388927.489388142712414 ], [ 424739.354229784454219, 4388927.489388142712414 ], [ 424739.354229784454219, 4388926.489388142712414 ], [ 424740.354229784454219, 4388926.489388142712414 ], [ 424740.354229784454219, 4388925.489388142712414 ], [ 424742.354229784454219, 4388925.489388142712414 ], [ 424742.354229784454219, 4388924.489388142712414 ], [ 424743.354229784454219, 4388924.489388142712414 ], [ 424743.354229784454219, 4388923.489388142712414 ], [ 424744.354229784454219, 4388923.489388142712414 ], [ 424744.354229784454219, 4388922.489388142712414 ], [ 424745.354229784454219, 4388922.489388142712414 ], [ 424745.354229784454219, 4388921.489388142712414 ], [ 424746.354229784454219, 4388921.489388142712414 ], [ 424746.354229784454219, 4388920.489388142712414 ], [ 424747.354229784454219, 4388920.489388142712414 ], [ 424747.354229784454219, 4388919.489388142712414 ], [ 424748.354229784454219, 4388919.489388142712414 ], [ 424748.354229784454219, 4388918.489388142712414 ], [ 424749.354229784454219, 4388918.489388142712414 ], [ 424749.354229784454219, 4388917.489388142712414 ], [ 424750.354229784454219, 4388917.489388142712414 ], [ 424750.354229784454219, 4388916.489388142712414 ], [ 424751.354229784454219, 4388916.489388142712414 ], [ 424751.354229784454219, 4388915.489388142712414 ], [ 424752.354229784454219, 4388915.489388142712414 ], [ 424752.354229784454219, 4388914.489388142712414 ], [ 424753.354229784454219, 4388914.489388142712414 ], [ 424753.354229784454219, 4388913.489388142712414 ], [ 424754.354229784454219, 4388913.489388142712414 ], [ 424754.354229784454219, 4388912.489388142712414 ], [ 424755.354229784454219, 4388912.489388142712414 ], [ 424755.354229784454219, 4388911.489388142712414 ], [ 424756.354229784454219, 4388911.489388142712414 ], [ 424756.354229784454219, 4388909.489388142712414 ], [ 424757.354229784454219, 4388909.489388142712414 ], [ 424757.354229784454219, 4388908.489388142712414 ], [ 424758.354229784454219, 4388908.489388142712414 ], [ 424758.354229784454219, 4388907.489388142712414 ], [ 424759.354229784454219, 4388907.489388142712414 ], [ 424759.354229784454219, 4388906.489388142712414 ], [ 424760.354229784454219, 4388906.489388142712414 ], [ 424760.354229784454219, 4388905.489388142712414 ], [ 424761.354229784454219, 4388905.489388142712414 ], [ 424761.354229784454219, 4388904.489388142712414 ], [ 424762.354229784454219, 4388904.489388142712414 ], [ 424762.354229784454219, 4388903.489388142712414 ], [ 424763.354229784454219, 4388903.489388142712414 ], [ 424763.354229784454219, 4388901.489388142712414 ], [ 424764.354229784454219, 4388901.489388142712414 ], [ 424764.354229784454219, 4388900.489388142712414 ], [ 424765.354229784454219, 4388900.489388142712414 ], [ 424765.354229784454219, 4388899.489388142712414 ], [ 424766.354229784454219, 4388899.489388142712414 ], [ 424766.354229784454219, 4388898.489388142712414 ], [ 424767.354229784454219, 4388898.489388142712414 ], [ 424767.354229784454219, 4388896.489388142712414 ], [ 424768.354229784454219, 4388896.489388142712414 ], [ 424768.354229784454219, 4388895.489388142712414 ], [ 424769.354229784454219, 4388895.489388142712414 ], [ 424769.354229784454219, 4388893.489388142712414 ], [ 424770.354229784454219, 4388893.489388142712414 ], [ 424770.354229784454219, 4388892.489388142712414 ], [ 424771.354229784454219, 4388892.489388142712414 ], [ 424771.354229784454219, 4388890.489388142712414 ], [ 424772.354229784454219, 4388890.489388142712414 ], [ 424772.354229784454219, 4388889.489388142712414 ], [ 424773.354229784454219, 4388889.489388142712414 ], [ 424773.354229784454219, 4388887.489388142712414 ], [ 424774.354229784454219, 4388887.489388142712414 ], [ 424774.354229784454219, 4388886.489388142712414 ], [ 424775.354229784454219, 4388886.489388142712414 ], [ 424775.354229784454219, 4388884.489388142712414 ], [ 424776.354229784454219, 4388884.489388142712414 ], [ 424776.354229784454219, 4388883.489388142712414 ], [ 424777.354229784454219, 4388883.489388142712414 ], [ 424777.354229784454219, 4388881.489388142712414 ], [ 424778.354229784454219, 4388881.489388142712414 ], [ 424778.354229784454219, 4388880.489388142712414 ], [ 424779.354229784454219, 4388880.489388142712414 ], [ 424779.354229784454219, 4388879.489388142712414 ], [ 424780.354229784454219, 4388879.489388142712414 ], [ 424780.354229784454219, 4388877.489388142712414 ], [ 424781.354229784454219, 4388877.489388142712414 ], [ 424781.354229784454219, 4388876.489388142712414 ], [ 424782.354229784454219, 4388876.489388142712414 ], [ 424782.354229784454219, 4388875.489388142712414 ], [ 424783.354229784454219, 4388875.489388142712414 ], [ 424783.354229784454219, 4388873.489388142712414 ], [ 424784.354229784454219, 4388873.489388142712414 ], [ 424784.354229784454219, 4388872.489388142712414 ], [ 424785.354229784454219, 4388872.489388142712414 ], [ 424785.354229784454219, 4388871.489388142712414 ], [ 424786.354229784454219, 4388871.489388142712414 ], [ 424786.354229784454219, 4388870.489388142712414 ], [ 424787.354229784454219, 4388870.489388142712414 ], [ 424787.354229784454219, 4388868.489388142712414 ], [ 424788.354229784454219, 4388868.489388142712414 ], [ 424788.354229784454219, 4388867.489388142712414 ], [ 424789.354229784454219, 4388867.489388142712414 ], [ 424789.354229784454219, 4388866.489388142712414 ], [ 424790.354229784454219, 4388866.489388142712414 ], [ 424790.354229784454219, 4388865.489388142712414 ], [ 424791.354229784454219, 4388865.489388142712414 ], [ 424791.354229784454219, 4388863.489388142712414 ], [ 424792.354229784454219, 4388863.489388142712414 ], [ 424792.354229784454219, 4388862.489388142712414 ], [ 424793.354229784454219, 4388862.489388142712414 ], [ 424793.354229784454219, 4388861.489388142712414 ], [ 424794.354229784454219, 4388861.489388142712414 ], [ 424794.354229784454219, 4388860.489388142712414 ], [ 424795.354229784454219, 4388860.489388142712414 ], [ 424795.354229784454219, 4388858.489388142712414 ], [ 424796.354229784454219, 4388858.489388142712414 ], [ 424796.354229784454219, 4388857.489388142712414 ], [ 424797.354229784454219, 4388857.489388142712414 ], [ 424797.354229784454219, 4388856.489388142712414 ], [ 424798.354229784454219, 4388856.489388142712414 ], [ 424798.354229784454219, 4388855.489388142712414 ], [ 424799.354229784454219, 4388855.489388142712414 ], [ 424799.354229784454219, 4388853.489388142712414 ], [ 424800.354229784454219, 4388853.489388142712414 ], [ 424800.354229784454219, 4388852.489388142712414 ], [ 424801.354229784454219, 4388852.489388142712414 ], [ 424801.354229784454219, 4388851.489388142712414 ], [ 424802.354229784454219, 4388851.489388142712414 ], [ 424802.354229784454219, 4388849.489388142712414 ], [ 424803.354229784454219, 4388849.489388142712414 ], [ 424803.354229784454219, 4388848.489388142712414 ], [ 424804.354229784454219, 4388848.489388142712414 ], [ 424804.354229784454219, 4388846.489388142712414 ], [ 424805.354229784454219, 4388846.489388142712414 ], [ 424805.354229784454219, 4388845.489388142712414 ], [ 424806.354229784454219, 4388845.489388142712414 ], [ 424806.354229784454219, 4388844.489388142712414 ], [ 424807.354229784454219, 4388844.489388142712414 ], [ 424807.354229784454219, 4388842.489388142712414 ], [ 424808.354229784454219, 4388842.489388142712414 ], [ 424808.354229784454219, 4388841.489388142712414 ], [ 424809.354229784454219, 4388841.489388142712414 ], [ 424809.354229784454219, 4388839.489388142712414 ], [ 424810.354229784454219, 4388839.489388142712414 ], [ 424810.354229784454219, 4388837.489388142712414 ], [ 424811.354229784454219, 4388837.489388142712414 ], [ 424811.354229784454219, 4388836.489388142712414 ], [ 424812.354229784454219, 4388836.489388142712414 ], [ 424812.354229784454219, 4388832.489388142712414 ], [ 424813.354229784454219, 4388832.489388142712414 ], [ 424813.354229784454219, 4388827.489388142712414 ], [ 424814.354229784454219, 4388827.489388142712414 ], [ 424814.354229784454219, 4388823.489388142712414 ], [ 424815.354229784454219, 4388823.489388142712414 ], [ 424815.354229784454219, 4388820.489388142712414 ], [ 424816.354229784454219, 4388820.489388142712414 ], [ 424816.354229784454219, 4388817.489388142712414 ], [ 424817.354229784454219, 4388817.489388142712414 ], [ 424817.354229784454219, 4388814.489388142712414 ], [ 424818.354229784454219, 4388814.489388142712414 ], [ 424818.354229784454219, 4388812.489388142712414 ], [ 424819.354229784454219, 4388812.489388142712414 ], [ 424819.354229784454219, 4388809.489388142712414 ], [ 424820.354229784454219, 4388809.489388142712414 ], [ 424820.354229784454219, 4388807.489388142712414 ], [ 424821.354229784454219, 4388807.489388142712414 ], [ 424821.354229784454219, 4388804.489388142712414 ], [ 424822.354229784454219, 4388804.489388142712414 ], [ 424822.354229784454219, 4388802.489388142712414 ], [ 424823.354229784454219, 4388802.489388142712414 ], [ 424823.354229784454219, 4388799.489388142712414 ], [ 424824.354229784454219, 4388799.489388142712414 ], [ 424824.354229784454219, 4388796.489388142712414 ], [ 424825.354229784454219, 4388796.489388142712414 ], [ 424825.354229784454219, 4388794.489388142712414 ], [ 424826.354229784454219, 4388794.489388142712414 ], [ 424826.354229784454219, 4388791.489388142712414 ], [ 424827.354229784454219, 4388791.489388142712414 ], [ 424827.354229784454219, 4388788.489388142712414 ], [ 424828.354229784454219, 4388788.489388142712414 ], [ 424828.354229784454219, 4388786.489388142712414 ], [ 424829.354229784454219, 4388786.489388142712414 ], [ 424829.354229784454219, 4388783.489388142712414 ], [ 424830.354229784454219, 4388783.489388142712414 ], [ 424830.354229784454219, 4388781.489388142712414 ], [ 424831.354229784454219, 4388781.489388142712414 ], [ 424831.354229784454219, 4388779.489388142712414 ], [ 424832.354229784454219, 4388779.489388142712414 ], [ 424832.354229784454219, 4388777.489388142712414 ], [ 424833.354229784454219, 4388777.489388142712414 ], [ 424833.354229784454219, 4388775.489388142712414 ], [ 424834.354229784454219, 4388775.489388142712414 ], [ 424834.354229784454219, 4388773.489388142712414 ], [ 424835.354229784454219, 4388773.489388142712414 ], [ 424835.354229784454219, 4388771.489388142712414 ], [ 424836.354229784454219, 4388771.489388142712414 ], [ 424836.354229784454219, 4388769.489388142712414 ], [ 424837.354229784454219, 4388769.489388142712414 ], [ 424837.354229784454219, 4388767.489388142712414 ], [ 424838.354229784454219, 4388767.489388142712414 ], [ 424838.354229784454219, 4388766.489388142712414 ], [ 424839.354229784454219, 4388766.489388142712414 ], [ 424839.354229784454219, 4388764.489388142712414 ], [ 424840.354229784454219, 4388764.489388142712414 ], [ 424840.354229784454219, 4388762.489388142712414 ], [ 424841.354229784454219, 4388762.489388142712414 ], [ 424841.354229784454219, 4388760.489388142712414 ], [ 424842.354229784454219, 4388760.489388142712414 ], [ 424842.354229784454219, 4388758.489388142712414 ], [ 424843.354229784454219, 4388758.489388142712414 ], [ 424843.354229784454219, 4388756.489388142712414 ], [ 424844.354229784454219, 4388756.489388142712414 ], [ 424844.354229784454219, 4388755.489388142712414 ], [ 424845.354229784454219, 4388755.489388142712414 ], [ 424845.354229784454219, 4388753.489388142712414 ], [ 424846.354229784454219, 4388753.489388142712414 ], [ 424846.354229784454219, 4388751.489388142712414 ], [ 424847.354229784454219, 4388751.489388142712414 ], [ 424847.354229784454219, 4388750.489388142712414 ], [ 424848.354229784454219, 4388750.489388142712414 ], [ 424848.354229784454219, 4388748.489388142712414 ], [ 424849.354229784454219, 4388748.489388142712414 ], [ 424849.354229784454219, 4388746.489388142712414 ], [ 424850.354229784454219, 4388746.489388142712414 ], [ 424850.354229784454219, 4388745.489388142712414 ], [ 424851.354229784454219, 4388745.489388142712414 ], [ 424851.354229784454219, 4388743.489388142712414 ], [ 424852.354229784454219, 4388743.489388142712414 ], [ 424852.354229784454219, 4388741.489388142712414 ], [ 424853.354229784454219, 4388741.489388142712414 ], [ 424853.354229784454219, 4388738.489388142712414 ], [ 424854.354229784454219, 4388738.489388142712414 ], [ 424854.354229784454219, 4388737.489388142712414 ], [ 424855.354229784454219, 4388737.489388142712414 ], [ 424855.354229784454219, 4388734.489388142712414 ], [ 424856.354229784454219, 4388734.489388142712414 ], [ 424856.354229784454219, 4388732.489388142712414 ], [ 424857.354229784454219, 4388732.489388142712414 ], [ 424857.354229784454219, 4388730.489388142712414 ], [ 424858.354229784454219, 4388730.489388142712414 ], [ 424858.354229784454219, 4388728.489388142712414 ], [ 424859.354229784454219, 4388728.489388142712414 ], [ 424859.354229784454219, 4388726.489388142712414 ], [ 424860.354229784454219, 4388726.489388142712414 ], [ 424860.354229784454219, 4388723.489388142712414 ], [ 424861.354229784454219, 4388723.489388142712414 ], [ 424861.354229784454219, 4388721.489388142712414 ], [ 424862.354229784454219, 4388721.489388142712414 ], [ 424862.354229784454219, 4388718.489388142712414 ], [ 424863.354229784454219, 4388718.489388142712414 ], [ 424863.354229784454219, 4388714.489388142712414 ], [ 424864.354229784454219, 4388714.489388142712414 ], [ 424864.354229784454219, 4388711.489388142712414 ], [ 424865.354229784454219, 4388711.489388142712414 ], [ 424865.354229784454219, 4388707.489388142712414 ], [ 424866.354229784454219, 4388707.489388142712414 ], [ 424866.354229784454219, 4388703.489388142712414 ], [ 424867.354229784454219, 4388703.489388142712414 ], [ 424867.354229784454219, 4388700.489388142712414 ], [ 424868.354229784454219, 4388700.489388142712414 ], [ 424868.354229784454219, 4388696.489388142712414 ], [ 424869.354229784454219, 4388696.489388142712414 ], [ 424869.354229784454219, 4388692.489388142712414 ], [ 424870.354229784454219, 4388692.489388142712414 ], [ 424870.354229784454219, 4388665.489388142712414 ], [ 424869.354229784454219, 4388665.489388142712414 ], [ 424869.354229784454219, 4388664.489388142712414 ], [ 424870.354229784454219, 4388664.489388142712414 ], [ 424870.354229784454219, 4388663.489388142712414 ], [ 424869.354229784454219, 4388663.489388142712414 ], [ 424869.354229784454219, 4388653.489388142712414 ], [ 424868.354229784454219, 4388653.489388142712414 ], [ 424868.354229784454219, 4388641.489388142712414 ], [ 424867.354229784454219, 4388641.489388142712414 ], [ 424867.354229784454219, 4388591.489388142712414 ], [ 424868.354229784454219, 4388591.489388142712414 ], [ 424868.354229784454219, 4388570.489388142712414 ], [ 424869.354229784454219, 4388570.489388142712414 ], [ 424869.354229784454219, 4388569.489388142712414 ], [ 424868.354229784454219, 4388569.489388142712414 ], [ 424868.354229784454219, 4388568.489388142712414 ], [ 424869.354229784454219, 4388568.489388142712414 ], [ 424869.354229784454219, 4388553.489388142712414 ], [ 424868.354229784454219, 4388553.489388142712414 ], [ 424868.354229784454219, 4388545.489388142712414 ], [ 424867.354229784454219, 4388545.489388142712414 ], [ 424867.354229784454219, 4388539.489388142712414 ], [ 424866.354229784454219, 4388539.489388142712414 ], [ 424866.354229784454219, 4388533.489388142712414 ], [ 424865.354229784454219, 4388533.489388142712414 ], [ 424865.354229784454219, 4388528.489388142712414 ], [ 424864.354229784454219, 4388528.489388142712414 ], [ 424864.354229784454219, 4388521.489388142712414 ], [ 424863.354229784454219, 4388521.489388142712414 ], [ 424863.354229784454219, 4388514.489388142712414 ], [ 424864.354229784454219, 4388514.489388142712414 ], [ 424864.354229784454219, 4388507.489388142712414 ], [ 424865.354229784454219, 4388507.489388142712414 ], [ 424865.354229784454219, 4388504.489388142712414 ], [ 424866.354229784454219, 4388504.489388142712414 ], [ 424866.354229784454219, 4388502.489388142712414 ], [ 424867.354229784454219, 4388502.489388142712414 ], [ 424867.354229784454219, 4388499.489388142712414 ], [ 424868.354229784454219, 4388499.489388142712414 ], [ 424868.354229784454219, 4388496.489388142712414 ], [ 424869.354229784454219, 4388496.489388142712414 ], [ 424869.354229784454219, 4388489.489388142712414 ], [ 424868.354229784454219, 4388489.489388142712414 ], [ 424868.354229784454219, 4388482.489388142712414 ], [ 424867.354229784454219, 4388482.489388142712414 ], [ 424867.354229784454219, 4388476.489388142712414 ], [ 424866.354229784454219, 4388476.489388142712414 ], [ 424866.354229784454219, 4388470.489388142712414 ], [ 424865.354229784454219, 4388470.489388142712414 ], [ 424865.354229784454219, 4388465.489388142712414 ], [ 424864.354229784454219, 4388465.489388142712414 ], [ 424864.354229784454219, 4388458.489388142712414 ], [ 424863.354229784454219, 4388458.489388142712414 ], [ 424863.354229784454219, 4388452.489388142712414 ], [ 424862.354229784454219, 4388452.489388142712414 ], [ 424862.354229784454219, 4388443.489388142712414 ], [ 424861.354229784454219, 4388443.489388142712414 ], [ 424861.354229784454219, 4388437.489388142712414 ], [ 424860.354229784454219, 4388437.489388142712414 ], [ 424860.354229784454219, 4388431.489388142712414 ], [ 424859.354229784454219, 4388431.489388142712414 ], [ 424859.354229784454219, 4388429.489388142712414 ], [ 424858.354229784454219, 4388429.489388142712414 ], [ 424858.354229784454219, 4388428.489388142712414 ], [ 424855.354229784454219, 4388428.489388142712414 ], [ 424855.354229784454219, 4388427.489388142712414 ], [ 424851.354229784454219, 4388427.489388142712414 ], [ 424851.354229784454219, 4388426.489388142712414 ], [ 424848.354229784454219, 4388426.489388142712414 ], [ 424848.354229784454219, 4388425.489388142712414 ], [ 424846.354229784454219, 4388425.489388142712414 ], [ 424846.354229784454219, 4388424.489388142712414 ], [ 424845.354229784454219, 4388424.489388142712414 ], [ 424845.354229784454219, 4388422.489388142712414 ], [ 424844.354229784454219, 4388422.489388142712414 ], [ 424844.354229784454219, 4388420.489388142712414 ], [ 424843.354229784454219, 4388420.489388142712414 ], [ 424843.354229784454219, 4388419.489388142712414 ], [ 424842.354229784454219, 4388419.489388142712414 ], [ 424842.354229784454219, 4388418.489388142712414 ], [ 424841.354229784454219, 4388418.489388142712414 ], [ 424841.354229784454219, 4388417.489388142712414 ], [ 424840.354229784454219, 4388417.489388142712414 ], [ 424840.354229784454219, 4388416.489388142712414 ], [ 424838.354229784454219, 4388416.489388142712414 ], [ 424838.354229784454219, 4388415.489388142712414 ], [ 424837.354229784454219, 4388415.489388142712414 ], [ 424837.354229784454219, 4388414.489388142712414 ], [ 424834.354229784454219, 4388414.489388142712414 ], [ 424834.354229784454219, 4388413.489388142712414 ], [ 424833.354229784454219, 4388413.489388142712414 ], [ 424833.354229784454219, 4388412.489388142712414 ], [ 424832.354229784454219, 4388412.489388142712414 ], [ 424832.354229784454219, 4388411.489388142712414 ], [ 424831.354229784454219, 4388411.489388142712414 ], [ 424831.354229784454219, 4388410.489388142712414 ], [ 424830.354229784454219, 4388410.489388142712414 ], [ 424830.354229784454219, 4388409.489388142712414 ], [ 424829.354229784454219, 4388409.489388142712414 ], [ 424829.354229784454219, 4388408.489388142712414 ], [ 424828.354229784454219, 4388408.489388142712414 ], [ 424828.354229784454219, 4388407.489388142712414 ], [ 424827.354229784454219, 4388407.489388142712414 ], [ 424827.354229784454219, 4388406.489388142712414 ], [ 424826.354229784454219, 4388406.489388142712414 ], [ 424826.354229784454219, 4388405.489388142712414 ], [ 424825.354229784454219, 4388405.489388142712414 ], [ 424825.354229784454219, 4388404.489388142712414 ], [ 424824.354229784454219, 4388404.489388142712414 ], [ 424824.354229784454219, 4388400.489388142712414 ], [ 424823.354229784454219, 4388400.489388142712414 ], [ 424823.354229784454219, 4388399.489388142712414 ], [ 424824.354229784454219, 4388399.489388142712414 ], [ 424824.354229784454219, 4388398.489388142712414 ], [ 424825.354229784454219, 4388398.489388142712414 ], [ 424825.354229784454219, 4388397.489388142712414 ], [ 424826.354229784454219, 4388397.489388142712414 ], [ 424826.354229784454219, 4388396.489388142712414 ], [ 424827.354229784454219, 4388396.489388142712414 ], [ 424827.354229784454219, 4388394.489388142712414 ], [ 424828.354229784454219, 4388394.489388142712414 ], [ 424828.354229784454219, 4388393.489388142712414 ], [ 424829.354229784454219, 4388393.489388142712414 ], [ 424829.354229784454219, 4388392.489388142712414 ], [ 424831.354229784454219, 4388392.489388142712414 ], [ 424831.354229784454219, 4388391.489388142712414 ], [ 424832.354229784454219, 4388391.489388142712414 ], [ 424832.354229784454219, 4388386.489388142712414 ], [ 424833.354229784454219, 4388386.489388142712414 ], [ 424833.354229784454219, 4388380.489388142712414 ], [ 424832.354229784454219, 4388380.489388142712414 ], [ 424832.354229784454219, 4388376.489388142712414 ], [ 424831.354229784454219, 4388376.489388142712414 ], [ 424831.354229784454219, 4388371.489388142712414 ], [ 424830.354229784454219, 4388371.489388142712414 ], [ 424830.354229784454219, 4388369.489388142712414 ], [ 424827.354229784454219, 4388369.489388142712414 ], [ 424827.354229784454219, 4388368.489388142712414 ], [ 424823.354229784454219, 4388368.489388142712414 ], [ 424823.354229784454219, 4388367.489388142712414 ], [ 424821.354229784454219, 4388367.489388142712414 ], [ 424821.354229784454219, 4388366.489388142712414 ], [ 424819.354229784454219, 4388366.489388142712414 ], [ 424819.354229784454219, 4388365.489388142712414 ], [ 424817.354229784454219, 4388365.489388142712414 ], [ 424817.354229784454219, 4388364.489388142712414 ], [ 424815.354229784454219, 4388364.489388142712414 ], [ 424815.354229784454219, 4388362.489388142712414 ], [ 424814.354229784454219, 4388362.489388142712414 ], [ 424814.354229784454219, 4388360.489388142712414 ], [ 424812.354229784454219, 4388360.489388142712414 ], [ 424812.354229784454219, 4388359.489388142712414 ], [ 424811.354229784454219, 4388359.489388142712414 ], [ 424811.354229784454219, 4388358.489388142712414 ], [ 424810.354229784454219, 4388358.489388142712414 ], [ 424810.354229784454219, 4388357.489388142712414 ], [ 424808.354229784454219, 4388357.489388142712414 ], [ 424808.354229784454219, 4388356.489388142712414 ], [ 424807.354229784454219, 4388356.489388142712414 ], [ 424807.354229784454219, 4388355.489388142712414 ], [ 424806.354229784454219, 4388355.489388142712414 ], [ 424806.354229784454219, 4388352.489388142712414 ], [ 424807.354229784454219, 4388352.489388142712414 ], [ 424807.354229784454219, 4388351.489388142712414 ], [ 424808.354229784454219, 4388351.489388142712414 ], [ 424808.354229784454219, 4388350.489388142712414 ], [ 424809.354229784454219, 4388350.489388142712414 ], [ 424809.354229784454219, 4388341.489388142712414 ], [ 424810.354229784454219, 4388341.489388142712414 ], [ 424810.354229784454219, 4388342.489388142712414 ], [ 424812.354229784454219, 4388342.489388142712414 ], [ 424812.354229784454219, 4388343.489388142712414 ], [ 424814.354229784454219, 4388343.489388142712414 ], [ 424814.354229784454219, 4388344.489388142712414 ], [ 424816.354229784454219, 4388344.489388142712414 ], [ 424816.354229784454219, 4388345.489388142712414 ], [ 424817.354229784454219, 4388345.489388142712414 ], [ 424817.354229784454219, 4388346.489388142712414 ], [ 424818.354229784454219, 4388346.489388142712414 ], [ 424818.354229784454219, 4388347.489388142712414 ], [ 424820.354229784454219, 4388347.489388142712414 ], [ 424820.354229784454219, 4388348.489388142712414 ], [ 424821.354229784454219, 4388348.489388142712414 ], [ 424821.354229784454219, 4388349.489388142712414 ], [ 424825.354229784454219, 4388349.489388142712414 ], [ 424825.354229784454219, 4388348.489388142712414 ], [ 424826.354229784454219, 4388348.489388142712414 ], [ 424826.354229784454219, 4388349.489388142712414 ], [ 424827.354229784454219, 4388349.489388142712414 ], [ 424827.354229784454219, 4388348.489388142712414 ], [ 424829.354229784454219, 4388348.489388142712414 ], [ 424829.354229784454219, 4388349.489388142712414 ], [ 424831.354229784454219, 4388349.489388142712414 ], [ 424831.354229784454219, 4388348.489388142712414 ], [ 424832.354229784454219, 4388348.489388142712414 ], [ 424832.354229784454219, 4388347.489388142712414 ], [ 424833.354229784454219, 4388347.489388142712414 ], [ 424833.354229784454219, 4388346.489388142712414 ], [ 424834.354229784454219, 4388346.489388142712414 ], [ 424834.354229784454219, 4388345.489388142712414 ], [ 424837.354229784454219, 4388345.489388142712414 ], [ 424837.354229784454219, 4388340.489388142712414 ], [ 424838.354229784454219, 4388340.489388142712414 ], [ 424838.354229784454219, 4388339.489388142712414 ], [ 424839.354229784454219, 4388339.489388142712414 ], [ 424839.354229784454219, 4388338.489388142712414 ], [ 424840.354229784454219, 4388338.489388142712414 ], [ 424840.354229784454219, 4388337.489388142712414 ], [ 424847.354229784454219, 4388337.489388142712414 ], [ 424847.354229784454219, 4388336.489388142712414 ], [ 424853.354229784454219, 4388336.489388142712414 ], [ 424853.354229784454219, 4388337.489388142712414 ], [ 424854.354229784454219, 4388337.489388142712414 ], [ 424854.354229784454219, 4388338.489388142712414 ], [ 424855.354229784454219, 4388338.489388142712414 ], [ 424855.354229784454219, 4388339.489388142712414 ], [ 424856.354229784454219, 4388339.489388142712414 ], [ 424856.354229784454219, 4388342.489388142712414 ], [ 424857.354229784454219, 4388342.489388142712414 ], [ 424857.354229784454219, 4388344.489388142712414 ], [ 424858.354229784454219, 4388344.489388142712414 ], [ 424858.354229784454219, 4388347.489388142712414 ], [ 424859.354229784454219, 4388347.489388142712414 ], [ 424859.354229784454219, 4388350.489388142712414 ], [ 424860.354229784454219, 4388350.489388142712414 ], [ 424860.354229784454219, 4388351.489388142712414 ], [ 424862.354229784454219, 4388351.489388142712414 ], [ 424862.354229784454219, 4388352.489388142712414 ], [ 424864.354229784454219, 4388352.489388142712414 ], [ 424864.354229784454219, 4388354.489388142712414 ], [ 424866.354229784454219, 4388354.489388142712414 ], [ 424866.354229784454219, 4388356.489388142712414 ], [ 424867.354229784454219, 4388356.489388142712414 ], [ 424867.354229784454219, 4388357.489388142712414 ], [ 424869.354229784454219, 4388357.489388142712414 ], [ 424869.354229784454219, 4388356.489388142712414 ], [ 424870.354229784454219, 4388356.489388142712414 ], [ 424870.354229784454219, 4388355.489388142712414 ], [ 424872.354229784454219, 4388355.489388142712414 ], [ 424872.354229784454219, 4388354.489388142712414 ], [ 424873.354229784454219, 4388354.489388142712414 ], [ 424873.354229784454219, 4388353.489388142712414 ], [ 424876.354229784454219, 4388353.489388142712414 ], [ 424876.354229784454219, 4388354.489388142712414 ], [ 424877.354229784454219, 4388354.489388142712414 ], [ 424877.354229784454219, 4388355.489388142712414 ], [ 424878.354229784454219, 4388355.489388142712414 ], [ 424878.354229784454219, 4388356.489388142712414 ], [ 424879.354229784454219, 4388356.489388142712414 ], [ 424879.354229784454219, 4388358.489388142712414 ], [ 424880.354229784454219, 4388358.489388142712414 ], [ 424880.354229784454219, 4388359.489388142712414 ], [ 424881.354229784454219, 4388359.489388142712414 ], [ 424881.354229784454219, 4388360.489388142712414 ], [ 424882.354229784454219, 4388360.489388142712414 ], [ 424882.354229784454219, 4388361.489388142712414 ], [ 424883.354229784454219, 4388361.489388142712414 ], [ 424883.354229784454219, 4388362.489388142712414 ], [ 424882.354229784454219, 4388362.489388142712414 ], [ 424882.354229784454219, 4388363.489388142712414 ], [ 424883.354229784454219, 4388363.489388142712414 ], [ 424883.354229784454219, 4388364.489388142712414 ], [ 424884.354229784454219, 4388364.489388142712414 ], [ 424884.354229784454219, 4388365.489388142712414 ], [ 424885.354229784454219, 4388365.489388142712414 ], [ 424885.354229784454219, 4388364.489388142712414 ], [ 424887.354229784454219, 4388364.489388142712414 ], [ 424887.354229784454219, 4388365.489388142712414 ], [ 424888.354229784454219, 4388365.489388142712414 ], [ 424888.354229784454219, 4388364.489388142712414 ], [ 424890.354229784454219, 4388364.489388142712414 ], [ 424890.354229784454219, 4388363.489388142712414 ], [ 424893.354229784454219, 4388363.489388142712414 ], [ 424893.354229784454219, 4388362.489388142712414 ], [ 424895.354229784454219, 4388362.489388142712414 ], [ 424895.354229784454219, 4388361.489388142712414 ], [ 424897.354229784454219, 4388361.489388142712414 ], [ 424897.354229784454219, 4388359.489388142712414 ], [ 424899.354229784454219, 4388359.489388142712414 ], [ 424899.354229784454219, 4388357.489388142712414 ], [ 424900.354229784454219, 4388357.489388142712414 ], [ 424900.354229784454219, 4388353.489388142712414 ], [ 424899.354229784454219, 4388353.489388142712414 ], [ 424899.354229784454219, 4388351.489388142712414 ], [ 424898.354229784454219, 4388351.489388142712414 ], [ 424898.354229784454219, 4388349.489388142712414 ], [ 424897.354229784454219, 4388349.489388142712414 ], [ 424897.354229784454219, 4388348.489388142712414 ], [ 424896.354229784454219, 4388348.489388142712414 ], [ 424896.354229784454219, 4388347.489388142712414 ], [ 424895.354229784454219, 4388347.489388142712414 ], [ 424895.354229784454219, 4388346.489388142712414 ], [ 424894.354229784454219, 4388346.489388142712414 ], [ 424894.354229784454219, 4388345.489388142712414 ], [ 424893.354229784454219, 4388345.489388142712414 ], [ 424893.354229784454219, 4388343.489388142712414 ], [ 424896.354229784454219, 4388343.489388142712414 ], [ 424896.354229784454219, 4388344.489388142712414 ], [ 424897.354229784454219, 4388344.489388142712414 ], [ 424897.354229784454219, 4388343.489388142712414 ], [ 424898.354229784454219, 4388343.489388142712414 ], [ 424898.354229784454219, 4388345.489388142712414 ], [ 424899.354229784454219, 4388345.489388142712414 ], [ 424899.354229784454219, 4388346.489388142712414 ], [ 424900.354229784454219, 4388346.489388142712414 ], [ 424900.354229784454219, 4388348.489388142712414 ], [ 424901.354229784454219, 4388348.489388142712414 ], [ 424901.354229784454219, 4388350.489388142712414 ], [ 424902.354229784454219, 4388350.489388142712414 ], [ 424902.354229784454219, 4388351.489388142712414 ], [ 424903.354229784454219, 4388351.489388142712414 ], [ 424903.354229784454219, 4388353.489388142712414 ], [ 424904.354229784454219, 4388353.489388142712414 ], [ 424904.354229784454219, 4388355.489388142712414 ], [ 424905.354229784454219, 4388355.489388142712414 ], [ 424905.354229784454219, 4388358.489388142712414 ], [ 424907.354229784454219, 4388358.489388142712414 ], [ 424907.354229784454219, 4388359.489388142712414 ], [ 424908.354229784454219, 4388359.489388142712414 ], [ 424908.354229784454219, 4388360.489388142712414 ], [ 424910.354229784454219, 4388360.489388142712414 ], [ 424910.354229784454219, 4388361.489388142712414 ], [ 424911.354229784454219, 4388361.489388142712414 ], [ 424911.354229784454219, 4388362.489388142712414 ], [ 424912.354229784454219, 4388362.489388142712414 ], [ 424912.354229784454219, 4388363.489388142712414 ], [ 424913.354229784454219, 4388363.489388142712414 ], [ 424913.354229784454219, 4388364.489388142712414 ], [ 424914.354229784454219, 4388364.489388142712414 ], [ 424914.354229784454219, 4388365.489388142712414 ], [ 424915.354229784454219, 4388365.489388142712414 ], [ 424915.354229784454219, 4388367.489388142712414 ], [ 424916.354229784454219, 4388367.489388142712414 ], [ 424916.354229784454219, 4388368.489388142712414 ], [ 424917.354229784454219, 4388368.489388142712414 ], [ 424917.354229784454219, 4388369.489388142712414 ], [ 424918.354229784454219, 4388369.489388142712414 ], [ 424918.354229784454219, 4388370.489388142712414 ], [ 424919.354229784454219, 4388370.489388142712414 ], [ 424919.354229784454219, 4388371.489388142712414 ], [ 424922.354229784454219, 4388371.489388142712414 ], [ 424922.354229784454219, 4388372.489388142712414 ], [ 424923.354229784454219, 4388372.489388142712414 ], [ 424923.354229784454219, 4388380.489388142712414 ], [ 424922.354229784454219, 4388380.489388142712414 ], [ 424922.354229784454219, 4388389.489388142712414 ], [ 424923.354229784454219, 4388389.489388142712414 ], [ 424923.354229784454219, 4388391.489388142712414 ], [ 424924.354229784454219, 4388391.489388142712414 ], [ 424924.354229784454219, 4388392.489388142712414 ], [ 424925.354229784454219, 4388392.489388142712414 ], [ 424925.354229784454219, 4388393.489388142712414 ], [ 424931.354229784454219, 4388393.489388142712414 ], [ 424931.354229784454219, 4388394.489388142712414 ], [ 424933.354229784454219, 4388394.489388142712414 ], [ 424933.354229784454219, 4388395.489388142712414 ], [ 424935.354229784454219, 4388395.489388142712414 ], [ 424935.354229784454219, 4388396.489388142712414 ], [ 424937.354229784454219, 4388396.489388142712414 ], [ 424937.354229784454219, 4388397.489388142712414 ], [ 424938.354229784454219, 4388397.489388142712414 ], [ 424938.354229784454219, 4388398.489388142712414 ], [ 424941.354229784454219, 4388398.489388142712414 ], [ 424941.354229784454219, 4388399.489388142712414 ], [ 424944.354229784454219, 4388399.489388142712414 ], [ 424944.354229784454219, 4388400.489388142712414 ], [ 424946.354229784454219, 4388400.489388142712414 ], [ 424946.354229784454219, 4388399.489388142712414 ], [ 424950.354229784454219, 4388399.489388142712414 ], [ 424950.354229784454219, 4388398.489388142712414 ], [ 424954.354229784454219, 4388398.489388142712414 ], [ 424954.354229784454219, 4388397.489388142712414 ], [ 424958.354229784454219, 4388397.489388142712414 ], [ 424958.354229784454219, 4388392.489388142712414 ], [ 424959.354229784454219, 4388392.489388142712414 ], [ 424959.354229784454219, 4388387.489388142712414 ], [ 424960.354229784454219, 4388387.489388142712414 ], [ 424960.354229784454219, 4388379.489388142712414 ], [ 424959.354229784454219, 4388379.489388142712414 ], [ 424959.354229784454219, 4388377.489388142712414 ], [ 424962.354229784454219, 4388377.489388142712414 ], [ 424962.354229784454219, 4388378.489388142712414 ], [ 424963.354229784454219, 4388378.489388142712414 ], [ 424963.354229784454219, 4388379.489388142712414 ], [ 424966.354229784454219, 4388379.489388142712414 ], [ 424966.354229784454219, 4388380.489388142712414 ], [ 424968.354229784454219, 4388380.489388142712414 ], [ 424968.354229784454219, 4388379.489388142712414 ], [ 424970.354229784454219, 4388379.489388142712414 ], [ 424970.354229784454219, 4388378.489388142712414 ], [ 424971.354229784454219, 4388378.489388142712414 ], [ 424971.354229784454219, 4388379.489388142712414 ], [ 424973.354229784454219, 4388379.489388142712414 ], [ 424973.354229784454219, 4388380.489388142712414 ], [ 424975.354229784454219, 4388380.489388142712414 ], [ 424975.354229784454219, 4388381.489388142712414 ], [ 424980.354229784454219, 4388381.489388142712414 ], [ 424980.354229784454219, 4388382.489388142712414 ], [ 424985.354229784454219, 4388382.489388142712414 ], [ 424985.354229784454219, 4388383.489388142712414 ], [ 424988.354229784454219, 4388383.489388142712414 ], [ 424988.354229784454219, 4388381.489388142712414 ], [ 424989.354229784454219, 4388381.489388142712414 ], [ 424989.354229784454219, 4388379.489388142712414 ], [ 424990.354229784454219, 4388379.489388142712414 ], [ 424990.354229784454219, 4388378.489388142712414 ], [ 424991.354229784454219, 4388378.489388142712414 ], [ 424991.354229784454219, 4388376.489388142712414 ], [ 424992.354229784454219, 4388376.489388142712414 ], [ 424992.354229784454219, 4388375.489388142712414 ], [ 424993.354229784454219, 4388375.489388142712414 ], [ 424993.354229784454219, 4388374.489388142712414 ], [ 424994.354229784454219, 4388374.489388142712414 ], [ 424994.354229784454219, 4388373.489388142712414 ], [ 424995.354229784454219, 4388373.489388142712414 ], [ 424995.354229784454219, 4388372.489388142712414 ], [ 424997.354229784454219, 4388372.489388142712414 ], [ 424997.354229784454219, 4388371.489388142712414 ], [ 424998.354229784454219, 4388371.489388142712414 ], [ 424998.354229784454219, 4388370.489388142712414 ], [ 424999.354229784454219, 4388370.489388142712414 ], [ 424999.354229784454219, 4388369.489388142712414 ], [ 425001.354229784454219, 4388369.489388142712414 ], [ 425001.354229784454219, 4388368.489388142712414 ], [ 425006.354229784454219, 4388368.489388142712414 ], [ 425006.354229784454219, 4388367.489388142712414 ], [ 425008.354229784454219, 4388367.489388142712414 ], [ 425008.354229784454219, 4388368.489388142712414 ], [ 425013.354229784454219, 4388368.489388142712414 ], [ 425013.354229784454219, 4388369.489388142712414 ], [ 425016.354229784454219, 4388369.489388142712414 ], [ 425016.354229784454219, 4388370.489388142712414 ], [ 425018.354229784454219, 4388370.489388142712414 ], [ 425018.354229784454219, 4388371.489388142712414 ], [ 425020.354229784454219, 4388371.489388142712414 ], [ 425020.354229784454219, 4388372.489388142712414 ], [ 425021.354229784454219, 4388372.489388142712414 ], [ 425021.354229784454219, 4388373.489388142712414 ], [ 425023.354229784454219, 4388373.489388142712414 ], [ 425023.354229784454219, 4388374.489388142712414 ], [ 425024.354229784454219, 4388374.489388142712414 ], [ 425024.354229784454219, 4388375.489388142712414 ], [ 425025.354229784454219, 4388375.489388142712414 ], [ 425025.354229784454219, 4388376.489388142712414 ], [ 425026.354229784454219, 4388376.489388142712414 ], [ 425026.354229784454219, 4388377.489388142712414 ], [ 425027.354229784454219, 4388377.489388142712414 ], [ 425027.354229784454219, 4388379.489388142712414 ], [ 425028.354229784454219, 4388379.489388142712414 ], [ 425028.354229784454219, 4388381.489388142712414 ], [ 425029.354229784454219, 4388381.489388142712414 ], [ 425029.354229784454219, 4388382.489388142712414 ], [ 425030.354229784454219, 4388382.489388142712414 ], [ 425030.354229784454219, 4388383.489388142712414 ], [ 425031.354229784454219, 4388383.489388142712414 ], [ 425031.354229784454219, 4388384.489388142712414 ], [ 425032.354229784454219, 4388384.489388142712414 ], [ 425032.354229784454219, 4388386.489388142712414 ], [ 425034.354229784454219, 4388386.489388142712414 ], [ 425034.354229784454219, 4388388.489388142712414 ], [ 425035.354229784454219, 4388388.489388142712414 ], [ 425035.354229784454219, 4388390.489388142712414 ], [ 425036.354229784454219, 4388390.489388142712414 ], [ 425036.354229784454219, 4388391.489388142712414 ], [ 425037.354229784454219, 4388391.489388142712414 ], [ 425037.354229784454219, 4388393.489388142712414 ], [ 425039.354229784454219, 4388393.489388142712414 ], [ 425039.354229784454219, 4388397.489388142712414 ], [ 425040.354229784454219, 4388397.489388142712414 ], [ 425040.354229784454219, 4388398.489388142712414 ], [ 425039.354229784454219, 4388398.489388142712414 ], [ 425039.354229784454219, 4388401.489388142712414 ], [ 425040.354229784454219, 4388401.489388142712414 ], [ 425040.354229784454219, 4388408.489388142712414 ], [ 425041.354229784454219, 4388408.489388142712414 ], [ 425041.354229784454219, 4388410.489388142712414 ], [ 425042.354229784454219, 4388410.489388142712414 ], [ 425042.354229784454219, 4388412.489388142712414 ], [ 425043.354229784454219, 4388412.489388142712414 ], [ 425043.354229784454219, 4388417.489388142712414 ], [ 425042.354229784454219, 4388417.489388142712414 ], [ 425042.354229784454219, 4388424.489388142712414 ], [ 425043.354229784454219, 4388424.489388142712414 ], [ 425043.354229784454219, 4388429.489388142712414 ], [ 425042.354229784454219, 4388429.489388142712414 ], [ 425042.354229784454219, 4388433.489388142712414 ], [ 425041.354229784454219, 4388433.489388142712414 ], [ 425041.354229784454219, 4388437.489388142712414 ], [ 425040.354229784454219, 4388437.489388142712414 ], [ 425040.354229784454219, 4388451.489388142712414 ], [ 425041.354229784454219, 4388451.489388142712414 ], [ 425041.354229784454219, 4388454.489388142712414 ], [ 425040.354229784454219, 4388454.489388142712414 ], [ 425040.354229784454219, 4388462.489388142712414 ], [ 425039.354229784454219, 4388462.489388142712414 ], [ 425039.354229784454219, 4388465.489388142712414 ], [ 425038.354229784454219, 4388465.489388142712414 ], [ 425038.354229784454219, 4388468.489388142712414 ], [ 425037.354229784454219, 4388468.489388142712414 ], [ 425037.354229784454219, 4388472.489388142712414 ], [ 425036.354229784454219, 4388472.489388142712414 ], [ 425036.354229784454219, 4388474.489388142712414 ], [ 425035.354229784454219, 4388474.489388142712414 ], [ 425035.354229784454219, 4388477.489388142712414 ], [ 425034.354229784454219, 4388477.489388142712414 ], [ 425034.354229784454219, 4388480.489388142712414 ], [ 425033.354229784454219, 4388480.489388142712414 ], [ 425033.354229784454219, 4388482.489388142712414 ], [ 425032.354229784454219, 4388482.489388142712414 ], [ 425032.354229784454219, 4388485.489388142712414 ], [ 425031.354229784454219, 4388485.489388142712414 ], [ 425031.354229784454219, 4388487.489388142712414 ], [ 425030.354229784454219, 4388487.489388142712414 ], [ 425030.354229784454219, 4388490.489388142712414 ], [ 425029.354229784454219, 4388490.489388142712414 ], [ 425029.354229784454219, 4388492.489388142712414 ], [ 425028.354229784454219, 4388492.489388142712414 ], [ 425028.354229784454219, 4388494.489388142712414 ], [ 425027.354229784454219, 4388494.489388142712414 ], [ 425027.354229784454219, 4388498.489388142712414 ], [ 425026.354229784454219, 4388498.489388142712414 ], [ 425026.354229784454219, 4388502.489388142712414 ], [ 425025.354229784454219, 4388502.489388142712414 ], [ 425025.354229784454219, 4388506.489388142712414 ], [ 425024.354229784454219, 4388506.489388142712414 ], [ 425024.354229784454219, 4388510.489388142712414 ], [ 425023.354229784454219, 4388510.489388142712414 ], [ 425023.354229784454219, 4388514.489388142712414 ], [ 425022.354229784454219, 4388514.489388142712414 ], [ 425022.354229784454219, 4388518.489388142712414 ], [ 425021.354229784454219, 4388518.489388142712414 ], [ 425021.354229784454219, 4388523.489388142712414 ], [ 425020.354229784454219, 4388523.489388142712414 ], [ 425020.354229784454219, 4388527.489388142712414 ], [ 425019.354229784454219, 4388527.489388142712414 ], [ 425019.354229784454219, 4388532.489388142712414 ], [ 425018.354229784454219, 4388532.489388142712414 ], [ 425018.354229784454219, 4388536.489388142712414 ], [ 425017.354229784454219, 4388536.489388142712414 ], [ 425017.354229784454219, 4388540.489388142712414 ], [ 425016.354229784454219, 4388540.489388142712414 ], [ 425016.354229784454219, 4388546.489388142712414 ], [ 425015.354229784454219, 4388546.489388142712414 ], [ 425015.354229784454219, 4388555.489388142712414 ], [ 425016.354229784454219, 4388555.489388142712414 ], [ 425016.354229784454219, 4388556.489388142712414 ], [ 425015.354229784454219, 4388556.489388142712414 ], [ 425015.354229784454219, 4388558.489388142712414 ], [ 425016.354229784454219, 4388558.489388142712414 ], [ 425016.354229784454219, 4388559.489388142712414 ], [ 425015.354229784454219, 4388559.489388142712414 ], [ 425015.354229784454219, 4388572.489388142712414 ], [ 425014.354229784454219, 4388572.489388142712414 ], [ 425014.354229784454219, 4388579.489388142712414 ], [ 425013.354229784454219, 4388579.489388142712414 ], [ 425013.354229784454219, 4388585.489388142712414 ], [ 425012.354229784454219, 4388585.489388142712414 ], [ 425012.354229784454219, 4388589.489388142712414 ], [ 425011.354229784454219, 4388589.489388142712414 ], [ 425011.354229784454219, 4388592.489388142712414 ], [ 425010.354229784454219, 4388592.489388142712414 ], [ 425010.354229784454219, 4388595.489388142712414 ], [ 425009.354229784454219, 4388595.489388142712414 ], [ 425009.354229784454219, 4388598.489388142712414 ], [ 425008.354229784454219, 4388598.489388142712414 ], [ 425008.354229784454219, 4388601.489388142712414 ], [ 425007.354229784454219, 4388601.489388142712414 ], [ 425007.354229784454219, 4388604.489388142712414 ], [ 425006.354229784454219, 4388604.489388142712414 ], [ 425006.354229784454219, 4388607.489388142712414 ], [ 425005.354229784454219, 4388607.489388142712414 ], [ 425005.354229784454219, 4388612.489388142712414 ], [ 425004.354229784454219, 4388612.489388142712414 ], [ 425004.354229784454219, 4388614.489388142712414 ], [ 425003.354229784454219, 4388614.489388142712414 ], [ 425003.354229784454219, 4388617.489388142712414 ], [ 425002.354229784454219, 4388617.489388142712414 ], [ 425002.354229784454219, 4388619.489388142712414 ], [ 425001.354229784454219, 4388619.489388142712414 ], [ 425001.354229784454219, 4388622.489388142712414 ], [ 425000.354229784454219, 4388622.489388142712414 ], [ 425000.354229784454219, 4388625.489388142712414 ], [ 424999.354229784454219, 4388625.489388142712414 ], [ 424999.354229784454219, 4388628.489388142712414 ], [ 424998.354229784454219, 4388628.489388142712414 ], [ 424998.354229784454219, 4388631.489388142712414 ], [ 424997.354229784454219, 4388631.489388142712414 ], [ 424997.354229784454219, 4388634.489388142712414 ], [ 424996.354229784454219, 4388634.489388142712414 ], [ 424996.354229784454219, 4388635.489388142712414 ], [ 424995.354229784454219, 4388635.489388142712414 ], [ 424995.354229784454219, 4388637.489388142712414 ], [ 424994.354229784454219, 4388637.489388142712414 ], [ 424994.354229784454219, 4388638.489388142712414 ], [ 424993.354229784454219, 4388638.489388142712414 ], [ 424993.354229784454219, 4388640.489388142712414 ], [ 424992.354229784454219, 4388640.489388142712414 ], [ 424992.354229784454219, 4388641.489388142712414 ], [ 424991.354229784454219, 4388641.489388142712414 ], [ 424991.354229784454219, 4388642.489388142712414 ], [ 424990.354229784454219, 4388642.489388142712414 ], [ 424990.354229784454219, 4388643.489388142712414 ], [ 424989.354229784454219, 4388643.489388142712414 ], [ 424989.354229784454219, 4388644.489388142712414 ], [ 424988.354229784454219, 4388644.489388142712414 ], [ 424988.354229784454219, 4388645.489388142712414 ], [ 424987.354229784454219, 4388645.489388142712414 ], [ 424987.354229784454219, 4388646.489388142712414 ], [ 424986.354229784454219, 4388646.489388142712414 ], [ 424986.354229784454219, 4388647.489388142712414 ], [ 424985.354229784454219, 4388647.489388142712414 ], [ 424985.354229784454219, 4388648.489388142712414 ], [ 424983.354229784454219, 4388648.489388142712414 ], [ 424983.354229784454219, 4388649.489388142712414 ], [ 424982.354229784454219, 4388649.489388142712414 ], [ 424982.354229784454219, 4388650.489388142712414 ], [ 424981.354229784454219, 4388650.489388142712414 ], [ 424981.354229784454219, 4388651.489388142712414 ], [ 424980.354229784454219, 4388651.489388142712414 ], [ 424980.354229784454219, 4388652.489388142712414 ], [ 424978.354229784454219, 4388652.489388142712414 ], [ 424978.354229784454219, 4388653.489388142712414 ], [ 424977.354229784454219, 4388653.489388142712414 ], [ 424977.354229784454219, 4388654.489388142712414 ], [ 424976.354229784454219, 4388654.489388142712414 ], [ 424976.354229784454219, 4388656.489388142712414 ], [ 424975.354229784454219, 4388656.489388142712414 ], [ 424975.354229784454219, 4388658.489388142712414 ], [ 424974.354229784454219, 4388658.489388142712414 ], [ 424974.354229784454219, 4388660.489388142712414 ], [ 424973.354229784454219, 4388660.489388142712414 ], [ 424973.354229784454219, 4388662.489388142712414 ], [ 424972.354229784454219, 4388662.489388142712414 ], [ 424972.354229784454219, 4388664.489388142712414 ], [ 424971.354229784454219, 4388664.489388142712414 ], [ 424971.354229784454219, 4388666.489388142712414 ], [ 424970.354229784454219, 4388666.489388142712414 ], [ 424970.354229784454219, 4388668.489388142712414 ], [ 424969.354229784454219, 4388668.489388142712414 ], [ 424969.354229784454219, 4388670.489388142712414 ], [ 424968.354229784454219, 4388670.489388142712414 ], [ 424968.354229784454219, 4388671.489388142712414 ], [ 424967.354229784454219, 4388671.489388142712414 ], [ 424967.354229784454219, 4388674.489388142712414 ], [ 424966.354229784454219, 4388674.489388142712414 ], [ 424966.354229784454219, 4388676.489388142712414 ], [ 424965.354229784454219, 4388676.489388142712414 ], [ 424965.354229784454219, 4388678.489388142712414 ], [ 424964.354229784454219, 4388678.489388142712414 ], [ 424964.354229784454219, 4388681.489388142712414 ], [ 424963.354229784454219, 4388681.489388142712414 ], [ 424963.354229784454219, 4388683.489388142712414 ], [ 424962.354229784454219, 4388683.489388142712414 ], [ 424962.354229784454219, 4388685.489388142712414 ], [ 424961.354229784454219, 4388685.489388142712414 ], [ 424961.354229784454219, 4388687.489388142712414 ], [ 424960.354229784454219, 4388687.489388142712414 ], [ 424960.354229784454219, 4388689.489388142712414 ], [ 424959.354229784454219, 4388689.489388142712414 ], [ 424959.354229784454219, 4388692.489388142712414 ], [ 424958.354229784454219, 4388692.489388142712414 ], [ 424958.354229784454219, 4388694.489388142712414 ], [ 424957.354229784454219, 4388694.489388142712414 ], [ 424957.354229784454219, 4388696.489388142712414 ], [ 424956.354229784454219, 4388696.489388142712414 ], [ 424956.354229784454219, 4388698.489388142712414 ], [ 424955.354229784454219, 4388698.489388142712414 ], [ 424955.354229784454219, 4388700.489388142712414 ], [ 424954.354229784454219, 4388700.489388142712414 ], [ 424954.354229784454219, 4388701.489388142712414 ], [ 424953.354229784454219, 4388701.489388142712414 ], [ 424953.354229784454219, 4388703.489388142712414 ], [ 424952.354229784454219, 4388703.489388142712414 ], [ 424952.354229784454219, 4388705.489388142712414 ], [ 424951.354229784454219, 4388705.489388142712414 ], [ 424951.354229784454219, 4388706.489388142712414 ], [ 424950.354229784454219, 4388706.489388142712414 ], [ 424950.354229784454219, 4388708.489388142712414 ], [ 424949.354229784454219, 4388708.489388142712414 ], [ 424949.354229784454219, 4388709.489388142712414 ], [ 424948.354229784454219, 4388709.489388142712414 ], [ 424948.354229784454219, 4388720.489388142712414 ], [ 424947.354229784454219, 4388720.489388142712414 ], [ 424947.354229784454219, 4388734.489388142712414 ], [ 424946.354229784454219, 4388734.489388142712414 ], [ 424946.354229784454219, 4388740.489388142712414 ], [ 424945.354229784454219, 4388740.489388142712414 ], [ 424945.354229784454219, 4388743.489388142712414 ], [ 424944.354229784454219, 4388743.489388142712414 ], [ 424944.354229784454219, 4388752.489388142712414 ], [ 424943.354229784454219, 4388752.489388142712414 ], [ 424943.354229784454219, 4388749.489388142712414 ], [ 424942.354229784454219, 4388749.489388142712414 ], [ 424942.354229784454219, 4388752.489388142712414 ], [ 424941.354229784454219, 4388752.489388142712414 ], [ 424941.354229784454219, 4388756.489388142712414 ], [ 424940.354229784454219, 4388756.489388142712414 ], [ 424940.354229784454219, 4388758.489388142712414 ], [ 424939.354229784454219, 4388758.489388142712414 ], [ 424939.354229784454219, 4388761.489388142712414 ], [ 424938.354229784454219, 4388761.489388142712414 ], [ 424938.354229784454219, 4388764.489388142712414 ], [ 424937.354229784454219, 4388764.489388142712414 ], [ 424937.354229784454219, 4388766.489388142712414 ], [ 424936.354229784454219, 4388766.489388142712414 ], [ 424936.354229784454219, 4388768.489388142712414 ], [ 424935.354229784454219, 4388768.489388142712414 ], [ 424935.354229784454219, 4388770.489388142712414 ], [ 424934.354229784454219, 4388770.489388142712414 ], [ 424934.354229784454219, 4388773.489388142712414 ], [ 424933.354229784454219, 4388773.489388142712414 ], [ 424933.354229784454219, 4388775.489388142712414 ], [ 424932.354229784454219, 4388775.489388142712414 ], [ 424932.354229784454219, 4388778.489388142712414 ], [ 424931.354229784454219, 4388778.489388142712414 ], [ 424931.354229784454219, 4388781.489388142712414 ], [ 424930.354229784454219, 4388781.489388142712414 ], [ 424930.354229784454219, 4388784.489388142712414 ], [ 424929.354229784454219, 4388784.489388142712414 ], [ 424929.354229784454219, 4388787.489388142712414 ], [ 424930.354229784454219, 4388787.489388142712414 ], [ 424930.354229784454219, 4388785.489388142712414 ], [ 424931.354229784454219, 4388785.489388142712414 ], [ 424931.354229784454219, 4388782.489388142712414 ], [ 424932.354229784454219, 4388782.489388142712414 ], [ 424932.354229784454219, 4388780.489388142712414 ], [ 424933.354229784454219, 4388780.489388142712414 ], [ 424933.354229784454219, 4388778.489388142712414 ], [ 424934.354229784454219, 4388778.489388142712414 ], [ 424934.354229784454219, 4388776.489388142712414 ], [ 424935.354229784454219, 4388776.489388142712414 ], [ 424935.354229784454219, 4388774.489388142712414 ], [ 424936.354229784454219, 4388774.489388142712414 ], [ 424936.354229784454219, 4388777.489388142712414 ], [ 424935.354229784454219, 4388777.489388142712414 ], [ 424935.354229784454219, 4388779.489388142712414 ], [ 424934.354229784454219, 4388779.489388142712414 ], [ 424934.354229784454219, 4388781.489388142712414 ], [ 424933.354229784454219, 4388781.489388142712414 ], [ 424933.354229784454219, 4388783.489388142712414 ], [ 424932.354229784454219, 4388783.489388142712414 ], [ 424932.354229784454219, 4388786.489388142712414 ], [ 424931.354229784454219, 4388786.489388142712414 ], [ 424931.354229784454219, 4388788.489388142712414 ], [ 424930.354229784454219, 4388788.489388142712414 ], [ 424930.354229784454219, 4388790.489388142712414 ], [ 424929.354229784454219, 4388790.489388142712414 ], [ 424929.354229784454219, 4388792.489388142712414 ], [ 424928.354229784454219, 4388792.489388142712414 ], [ 424928.354229784454219, 4388794.489388142712414 ], [ 424927.354229784454219, 4388794.489388142712414 ], [ 424927.354229784454219, 4388796.489388142712414 ], [ 424926.354229784454219, 4388796.489388142712414 ], [ 424926.354229784454219, 4388798.489388142712414 ], [ 424925.354229784454219, 4388798.489388142712414 ], [ 424925.354229784454219, 4388801.489388142712414 ], [ 424924.354229784454219, 4388801.489388142712414 ], [ 424924.354229784454219, 4388803.489388142712414 ], [ 424923.354229784454219, 4388803.489388142712414 ], [ 424923.354229784454219, 4388805.489388142712414 ], [ 424922.354229784454219, 4388805.489388142712414 ], [ 424922.354229784454219, 4388807.489388142712414 ], [ 424921.354229784454219, 4388807.489388142712414 ], [ 424921.354229784454219, 4388808.489388142712414 ], [ 424920.354229784454219, 4388808.489388142712414 ], [ 424920.354229784454219, 4388810.489388142712414 ], [ 424919.354229784454219, 4388810.489388142712414 ], [ 424919.354229784454219, 4388812.489388142712414 ], [ 424918.354229784454219, 4388812.489388142712414 ], [ 424918.354229784454219, 4388813.489388142712414 ], [ 424917.354229784454219, 4388813.489388142712414 ], [ 424917.354229784454219, 4388815.489388142712414 ], [ 424916.354229784454219, 4388815.489388142712414 ], [ 424916.354229784454219, 4388816.489388142712414 ], [ 424915.354229784454219, 4388816.489388142712414 ], [ 424915.354229784454219, 4388817.489388142712414 ], [ 424914.354229784454219, 4388817.489388142712414 ], [ 424914.354229784454219, 4388819.489388142712414 ], [ 424913.354229784454219, 4388819.489388142712414 ], [ 424913.354229784454219, 4388821.489388142712414 ], [ 424912.354229784454219, 4388821.489388142712414 ], [ 424912.354229784454219, 4388822.489388142712414 ], [ 424911.354229784454219, 4388822.489388142712414 ], [ 424911.354229784454219, 4388824.489388142712414 ], [ 424910.354229784454219, 4388824.489388142712414 ], [ 424910.354229784454219, 4388826.489388142712414 ], [ 424909.354229784454219, 4388826.489388142712414 ], [ 424909.354229784454219, 4388827.489388142712414 ], [ 424908.354229784454219, 4388827.489388142712414 ], [ 424908.354229784454219, 4388830.489388142712414 ], [ 424907.354229784454219, 4388830.489388142712414 ], [ 424907.354229784454219, 4388832.489388142712414 ], [ 424906.354229784454219, 4388832.489388142712414 ], [ 424906.354229784454219, 4388834.489388142712414 ], [ 424905.354229784454219, 4388834.489388142712414 ], [ 424905.354229784454219, 4388838.489388142712414 ], [ 424904.354229784454219, 4388838.489388142712414 ], [ 424904.354229784454219, 4388841.489388142712414 ], [ 424903.354229784454219, 4388841.489388142712414 ], [ 424903.354229784454219, 4388845.489388142712414 ], [ 424902.354229784454219, 4388845.489388142712414 ], [ 424902.354229784454219, 4388850.489388142712414 ], [ 424901.354229784454219, 4388850.489388142712414 ], [ 424901.354229784454219, 4388858.489388142712414 ], [ 424900.354229784454219, 4388858.489388142712414 ], [ 424900.354229784454219, 4388865.489388142712414 ], [ 424901.354229784454219, 4388865.489388142712414 ], [ 424901.354229784454219, 4388866.489388142712414 ], [ 424900.354229784454219, 4388866.489388142712414 ], [ 424900.354229784454219, 4388867.489388142712414 ], [ 424901.354229784454219, 4388867.489388142712414 ], [ 424901.354229784454219, 4388875.489388142712414 ], [ 424902.354229784454219, 4388875.489388142712414 ], [ 424902.354229784454219, 4388884.489388142712414 ], [ 424903.354229784454219, 4388884.489388142712414 ], [ 424903.354229784454219, 4388906.489388142712414 ], [ 424902.354229784454219, 4388906.489388142712414 ], [ 424902.354229784454219, 4388916.489388142712414 ], [ 424901.354229784454219, 4388916.489388142712414 ], [ 424901.354229784454219, 4388923.489388142712414 ], [ 424900.354229784454219, 4388923.489388142712414 ], [ 424900.354229784454219, 4388930.489388142712414 ], [ 424899.354229784454219, 4388930.489388142712414 ], [ 424899.354229784454219, 4388936.489388142712414 ], [ 424898.354229784454219, 4388936.489388142712414 ], [ 424898.354229784454219, 4388940.489388142712414 ], [ 424897.354229784454219, 4388940.489388142712414 ], [ 424897.354229784454219, 4388944.489388142712414 ], [ 424896.354229784454219, 4388944.489388142712414 ], [ 424896.354229784454219, 4388947.489388142712414 ], [ 424895.354229784454219, 4388947.489388142712414 ], [ 424895.354229784454219, 4388951.489388142712414 ], [ 424894.354229784454219, 4388951.489388142712414 ], [ 424894.354229784454219, 4388954.489388142712414 ], [ 424893.354229784454219, 4388954.489388142712414 ], [ 424893.354229784454219, 4388957.489388142712414 ], [ 424892.354229784454219, 4388957.489388142712414 ], [ 424892.354229784454219, 4388960.489388142712414 ], [ 424891.354229784454219, 4388960.489388142712414 ], [ 424891.354229784454219, 4388962.489388142712414 ], [ 424890.354229784454219, 4388962.489388142712414 ], [ 424890.354229784454219, 4388964.489388142712414 ], [ 424889.354229784454219, 4388964.489388142712414 ], [ 424889.354229784454219, 4388966.489388142712414 ], [ 424888.354229784454219, 4388966.489388142712414 ], [ 424888.354229784454219, 4388968.489388142712414 ], [ 424887.354229784454219, 4388968.489388142712414 ], [ 424887.354229784454219, 4388970.489388142712414 ], [ 424886.354229784454219, 4388970.489388142712414 ], [ 424886.354229784454219, 4388972.489388142712414 ], [ 424885.354229784454219, 4388972.489388142712414 ], [ 424885.354229784454219, 4388974.489388142712414 ], [ 424884.354229784454219, 4388974.489388142712414 ], [ 424884.354229784454219, 4388976.489388142712414 ], [ 424883.354229784454219, 4388976.489388142712414 ], [ 424883.354229784454219, 4388978.489388142712414 ], [ 424882.354229784454219, 4388978.489388142712414 ], [ 424882.354229784454219, 4388981.489388142712414 ], [ 424881.354229784454219, 4388981.489388142712414 ], [ 424881.354229784454219, 4388984.489388142712414 ], [ 424880.354229784454219, 4388984.489388142712414 ], [ 424880.354229784454219, 4388987.489388142712414 ], [ 424879.354229784454219, 4388987.489388142712414 ], [ 424879.354229784454219, 4388990.489388142712414 ], [ 424878.354229784454219, 4388990.489388142712414 ], [ 424878.354229784454219, 4388992.489388142712414 ], [ 424877.354229784454219, 4388992.489388142712414 ], [ 424877.354229784454219, 4388995.489388142712414 ], [ 424876.354229784454219, 4388995.489388142712414 ], [ 424876.354229784454219, 4388997.489388142712414 ], [ 424875.354229784454219, 4388997.489388142712414 ], [ 424875.354229784454219, 4388999.489388142712414 ], [ 424874.354229784454219, 4388999.489388142712414 ], [ 424874.354229784454219, 4389002.489388142712414 ], [ 424873.354229784454219, 4389002.489388142712414 ], [ 424873.354229784454219, 4389004.489388142712414 ], [ 424872.354229784454219, 4389004.489388142712414 ], [ 424872.354229784454219, 4389006.489388142712414 ], [ 424871.354229784454219, 4389006.489388142712414 ], [ 424871.354229784454219, 4389008.489388142712414 ], [ 424870.354229784454219, 4389008.489388142712414 ], [ 424870.354229784454219, 4389011.489388142712414 ], [ 424869.354229784454219, 4389011.489388142712414 ], [ 424869.354229784454219, 4389014.489388142712414 ], [ 424868.354229784454219, 4389014.489388142712414 ], [ 424868.354229784454219, 4389016.489388142712414 ], [ 424867.354229784454219, 4389016.489388142712414 ], [ 424867.354229784454219, 4389020.489388142712414 ], [ 424866.354229784454219, 4389020.489388142712414 ], [ 424866.354229784454219, 4389023.489388142712414 ], [ 424865.354229784454219, 4389023.489388142712414 ], [ 424865.354229784454219, 4389027.489388142712414 ], [ 424864.354229784454219, 4389027.489388142712414 ], [ 424864.354229784454219, 4389030.489388142712414 ], [ 424863.354229784454219, 4389030.489388142712414 ], [ 424863.354229784454219, 4389033.489388142712414 ], [ 424862.354229784454219, 4389033.489388142712414 ], [ 424862.354229784454219, 4389036.489388142712414 ], [ 424861.354229784454219, 4389036.489388142712414 ], [ 424861.354229784454219, 4389038.489388142712414 ], [ 424860.354229784454219, 4389038.489388142712414 ], [ 424860.354229784454219, 4389041.489388142712414 ], [ 424859.354229784454219, 4389041.489388142712414 ], [ 424859.354229784454219, 4389044.489388142712414 ], [ 424858.354229784454219, 4389044.489388142712414 ], [ 424858.354229784454219, 4389046.489388142712414 ], [ 424857.354229784454219, 4389046.489388142712414 ], [ 424857.354229784454219, 4389047.489388142712414 ], [ 424856.354229784454219, 4389047.489388142712414 ], [ 424856.354229784454219, 4389049.489388142712414 ], [ 424855.354229784454219, 4389049.489388142712414 ], [ 424855.354229784454219, 4389051.489388142712414 ], [ 424854.354229784454219, 4389051.489388142712414 ], [ 424854.354229784454219, 4389053.489388142712414 ], [ 424853.354229784454219, 4389053.489388142712414 ], [ 424853.354229784454219, 4389055.489388142712414 ], [ 424852.354229784454219, 4389055.489388142712414 ], [ 424852.354229784454219, 4389057.489388142712414 ], [ 424851.354229784454219, 4389057.489388142712414 ], [ 424851.354229784454219, 4389060.489388142712414 ], [ 424850.354229784454219, 4389060.489388142712414 ], [ 424850.354229784454219, 4389061.489388142712414 ], [ 424849.354229784454219, 4389061.489388142712414 ], [ 424849.354229784454219, 4389063.489388142712414 ], [ 424848.354229784454219, 4389063.489388142712414 ], [ 424848.354229784454219, 4389065.489388142712414 ], [ 424847.354229784454219, 4389065.489388142712414 ], [ 424847.354229784454219, 4389066.489388142712414 ], [ 424846.354229784454219, 4389066.489388142712414 ], [ 424846.354229784454219, 4389078.489388142712414 ], [ 424845.354229784454219, 4389078.489388142712414 ], [ 424845.354229784454219, 4389081.489388142712414 ], [ 424844.354229784454219, 4389081.489388142712414 ], [ 424844.354229784454219, 4389084.489388142712414 ], [ 424843.354229784454219, 4389084.489388142712414 ], [ 424843.354229784454219, 4389086.489388142712414 ], [ 424842.354229784454219, 4389086.489388142712414 ], [ 424842.354229784454219, 4389089.489388142712414 ], [ 424841.354229784454219, 4389089.489388142712414 ], [ 424841.354229784454219, 4389091.489388142712414 ], [ 424840.354229784454219, 4389091.489388142712414 ], [ 424840.354229784454219, 4389093.489388142712414 ], [ 424839.354229784454219, 4389093.489388142712414 ], [ 424839.354229784454219, 4389095.489388142712414 ], [ 424838.354229784454219, 4389095.489388142712414 ], [ 424838.354229784454219, 4389097.489388142712414 ], [ 424837.354229784454219, 4389097.489388142712414 ], [ 424837.354229784454219, 4389099.489388142712414 ], [ 424836.354229784454219, 4389099.489388142712414 ], [ 424836.354229784454219, 4389101.489388142712414 ], [ 424835.354229784454219, 4389101.489388142712414 ], [ 424835.354229784454219, 4389103.489388142712414 ], [ 424834.354229784454219, 4389103.489388142712414 ], [ 424834.354229784454219, 4389105.489388142712414 ], [ 424833.354229784454219, 4389105.489388142712414 ], [ 424833.354229784454219, 4389107.489388142712414 ], [ 424832.354229784454219, 4389107.489388142712414 ], [ 424832.354229784454219, 4389108.489388142712414 ], [ 424831.354229784454219, 4389108.489388142712414 ], [ 424831.354229784454219, 4389110.489388142712414 ], [ 424830.354229784454219, 4389110.489388142712414 ], [ 424830.354229784454219, 4389111.489388142712414 ], [ 424829.354229784454219, 4389111.489388142712414 ], [ 424829.354229784454219, 4389113.489388142712414 ], [ 424828.354229784454219, 4389113.489388142712414 ], [ 424828.354229784454219, 4389114.489388142712414 ], [ 424827.354229784454219, 4389114.489388142712414 ], [ 424827.354229784454219, 4389115.489388142712414 ], [ 424826.354229784454219, 4389115.489388142712414 ], [ 424826.354229784454219, 4389116.489388142712414 ], [ 424825.354229784454219, 4389116.489388142712414 ], [ 424825.354229784454219, 4389118.489388142712414 ], [ 424824.354229784454219, 4389118.489388142712414 ], [ 424824.354229784454219, 4389119.489388142712414 ], [ 424823.354229784454219, 4389119.489388142712414 ], [ 424823.354229784454219, 4389120.489388142712414 ], [ 424822.354229784454219, 4389120.489388142712414 ], [ 424822.354229784454219, 4389121.489388142712414 ], [ 424821.354229784454219, 4389121.489388142712414 ], [ 424821.354229784454219, 4389122.489388142712414 ], [ 424820.354229784454219, 4389122.489388142712414 ], [ 424820.354229784454219, 4389123.489388142712414 ], [ 424819.354229784454219, 4389123.489388142712414 ], [ 424819.354229784454219, 4389124.489388142712414 ], [ 424818.354229784454219, 4389124.489388142712414 ], [ 424818.354229784454219, 4389125.489388142712414 ], [ 424817.354229784454219, 4389125.489388142712414 ], [ 424817.354229784454219, 4389126.489388142712414 ], [ 424816.354229784454219, 4389126.489388142712414 ], [ 424816.354229784454219, 4389127.489388142712414 ], [ 424815.354229784454219, 4389127.489388142712414 ], [ 424815.354229784454219, 4389128.489388142712414 ], [ 424814.354229784454219, 4389128.489388142712414 ], [ 424814.354229784454219, 4389130.489388142712414 ], [ 424813.354229784454219, 4389130.489388142712414 ], [ 424813.354229784454219, 4389131.489388142712414 ], [ 424812.354229784454219, 4389131.489388142712414 ], [ 424812.354229784454219, 4389133.489388142712414 ], [ 424811.354229784454219, 4389133.489388142712414 ], [ 424811.354229784454219, 4389134.489388142712414 ], [ 424810.354229784454219, 4389134.489388142712414 ], [ 424810.354229784454219, 4389136.489388142712414 ], [ 424809.354229784454219, 4389136.489388142712414 ], [ 424809.354229784454219, 4389137.489388142712414 ], [ 424808.354229784454219, 4389137.489388142712414 ], [ 424808.354229784454219, 4389139.489388142712414 ], [ 424807.354229784454219, 4389139.489388142712414 ], [ 424807.354229784454219, 4389141.489388142712414 ], [ 424806.354229784454219, 4389141.489388142712414 ], [ 424806.354229784454219, 4389143.489388142712414 ], [ 424805.354229784454219, 4389143.489388142712414 ], [ 424805.354229784454219, 4389145.489388142712414 ], [ 424804.354229784454219, 4389145.489388142712414 ], [ 424804.354229784454219, 4389147.489388142712414 ], [ 424803.354229784454219, 4389147.489388142712414 ], [ 424803.354229784454219, 4389148.489388142712414 ], [ 424802.354229784454219, 4389148.489388142712414 ], [ 424802.354229784454219, 4389150.489388142712414 ], [ 424801.354229784454219, 4389150.489388142712414 ], [ 424801.354229784454219, 4389151.489388142712414 ], [ 424800.354229784454219, 4389151.489388142712414 ], [ 424800.354229784454219, 4389152.489388142712414 ], [ 424799.354229784454219, 4389152.489388142712414 ], [ 424799.354229784454219, 4389154.489388142712414 ], [ 424798.354229784454219, 4389154.489388142712414 ], [ 424798.354229784454219, 4389155.489388142712414 ], [ 424797.354229784454219, 4389155.489388142712414 ], [ 424797.354229784454219, 4389156.489388142712414 ], [ 424796.354229784454219, 4389156.489388142712414 ], [ 424796.354229784454219, 4389158.489388142712414 ], [ 424795.354229784454219, 4389158.489388142712414 ], [ 424795.354229784454219, 4389159.489388142712414 ], [ 424794.354229784454219, 4389159.489388142712414 ], [ 424794.354229784454219, 4389160.489388142712414 ], [ 424793.354229784454219, 4389160.489388142712414 ], [ 424793.354229784454219, 4389161.489388142712414 ], [ 424792.354229784454219, 4389161.489388142712414 ], [ 424792.354229784454219, 4389162.489388142712414 ], [ 424791.354229784454219, 4389162.489388142712414 ], [ 424791.354229784454219, 4389163.489388142712414 ], [ 424789.354229784454219, 4389163.489388142712414 ], [ 424789.354229784454219, 4389164.489388142712414 ], [ 424788.354229784454219, 4389164.489388142712414 ], [ 424788.354229784454219, 4389165.489388142712414 ], [ 424786.354229784454219, 4389165.489388142712414 ], [ 424786.354229784454219, 4389166.489388142712414 ], [ 424784.354229784454219, 4389166.489388142712414 ], [ 424784.354229784454219, 4389167.489388142712414 ], [ 424782.354229784454219, 4389167.489388142712414 ], [ 424782.354229784454219, 4389168.489388142712414 ], [ 424780.354229784454219, 4389168.489388142712414 ], [ 424780.354229784454219, 4389169.489388142712414 ], [ 424778.354229784454219, 4389169.489388142712414 ], [ 424778.354229784454219, 4389170.489388142712414 ], [ 424776.354229784454219, 4389170.489388142712414 ], [ 424776.354229784454219, 4389171.489388142712414 ], [ 424773.354229784454219, 4389171.489388142712414 ], [ 424773.354229784454219, 4389172.489388142712414 ], [ 424772.354229784454219, 4389172.489388142712414 ], [ 424772.354229784454219, 4389173.489388142712414 ], [ 424770.354229784454219, 4389173.489388142712414 ], [ 424770.354229784454219, 4389174.489388142712414 ], [ 424768.354229784454219, 4389174.489388142712414 ], [ 424768.354229784454219, 4389175.489388142712414 ], [ 424766.354229784454219, 4389175.489388142712414 ], [ 424766.354229784454219, 4389176.489388142712414 ], [ 424764.354229784454219, 4389176.489388142712414 ], [ 424764.354229784454219, 4389177.489388142712414 ], [ 424766.354229784454219, 4389177.489388142712414 ], [ 424766.354229784454219, 4389178.489388142712414 ], [ 424765.354229784454219, 4389178.489388142712414 ], [ 424765.354229784454219, 4389180.489388142712414 ], [ 424766.354229784454219, 4389180.489388142712414 ], [ 424766.354229784454219, 4389187.489388142712414 ], [ 424767.354229784454219, 4389187.489388142712414 ], [ 424767.354229784454219, 4389191.489388142712414 ], [ 424768.354229784454219, 4389191.489388142712414 ], [ 424768.354229784454219, 4389195.489388142712414 ], [ 424769.354229784454219, 4389195.489388142712414 ], [ 424769.354229784454219, 4389200.489388142712414 ], [ 424770.354229784454219, 4389200.489388142712414 ], [ 424770.354229784454219, 4389205.489388142712414 ], [ 424771.354229784454219, 4389205.489388142712414 ], [ 424771.354229784454219, 4389212.489388142712414 ], [ 424772.354229784454219, 4389212.489388142712414 ], [ 424772.354229784454219, 4389216.489388142712414 ], [ 424773.354229784454219, 4389216.489388142712414 ], [ 424773.354229784454219, 4389217.489388142712414 ], [ 424774.354229784454219, 4389217.489388142712414 ], [ 424774.354229784454219, 4389218.489388142712414 ], [ 424776.354229784454219, 4389218.489388142712414 ], [ 424776.354229784454219, 4389219.489388142712414 ], [ 424777.354229784454219, 4389219.489388142712414 ], [ 424777.354229784454219, 4389220.489388142712414 ], [ 424779.354229784454219, 4389220.489388142712414 ], [ 424779.354229784454219, 4389221.489388142712414 ], [ 424780.354229784454219, 4389221.489388142712414 ], [ 424780.354229784454219, 4389222.489388142712414 ], [ 424781.354229784454219, 4389222.489388142712414 ], [ 424781.354229784454219, 4389223.489388142712414 ], [ 424783.354229784454219, 4389223.489388142712414 ], [ 424783.354229784454219, 4389224.489388142712414 ], [ 424784.354229784454219, 4389224.489388142712414 ], [ 424784.354229784454219, 4389225.489388142712414 ], [ 424785.354229784454219, 4389225.489388142712414 ], [ 424785.354229784454219, 4389226.489388142712414 ], [ 424786.354229784454219, 4389226.489388142712414 ], [ 424786.354229784454219, 4389227.489388142712414 ], [ 424788.354229784454219, 4389227.489388142712414 ], [ 424788.354229784454219, 4389228.489388142712414 ], [ 424789.354229784454219, 4389228.489388142712414 ], [ 424789.354229784454219, 4389229.489388142712414 ], [ 424790.354229784454219, 4389229.489388142712414 ], [ 424790.354229784454219, 4389230.489388142712414 ], [ 424791.354229784454219, 4389230.489388142712414 ], [ 424791.354229784454219, 4389231.489388142712414 ], [ 424793.354229784454219, 4389231.489388142712414 ], [ 424793.354229784454219, 4389232.489388142712414 ], [ 424794.354229784454219, 4389232.489388142712414 ], [ 424794.354229784454219, 4389233.489388142712414 ], [ 424795.354229784454219, 4389233.489388142712414 ], [ 424795.354229784454219, 4389234.489388142712414 ], [ 424796.354229784454219, 4389234.489388142712414 ], [ 424796.354229784454219, 4389235.489388142712414 ], [ 424798.354229784454219, 4389235.489388142712414 ], [ 424798.354229784454219, 4389236.489388142712414 ], [ 424799.354229784454219, 4389236.489388142712414 ], [ 424799.354229784454219, 4389237.489388142712414 ], [ 424800.354229784454219, 4389237.489388142712414 ], [ 424800.354229784454219, 4389238.489388142712414 ], [ 424801.354229784454219, 4389238.489388142712414 ], [ 424801.354229784454219, 4389239.489388142712414 ], [ 424803.354229784454219, 4389239.489388142712414 ], [ 424803.354229784454219, 4389240.489388142712414 ], [ 424804.354229784454219, 4389240.489388142712414 ], [ 424804.354229784454219, 4389241.489388142712414 ], [ 424806.354229784454219, 4389241.489388142712414 ], [ 424806.354229784454219, 4389242.489388142712414 ], [ 424808.354229784454219, 4389242.489388142712414 ], [ 424808.354229784454219, 4389243.489388142712414 ], [ 424811.354229784454219, 4389243.489388142712414 ], [ 424811.354229784454219, 4389244.489388142712414 ], [ 424813.354229784454219, 4389244.489388142712414 ], [ 424813.354229784454219, 4389245.489388142712414 ], [ 424815.354229784454219, 4389245.489388142712414 ], [ 424815.354229784454219, 4389246.489388142712414 ], [ 424817.354229784454219, 4389246.489388142712414 ], [ 424817.354229784454219, 4389247.489388142712414 ], [ 424819.354229784454219, 4389247.489388142712414 ], [ 424819.354229784454219, 4389248.489388142712414 ], [ 424821.354229784454219, 4389248.489388142712414 ], [ 424821.354229784454219, 4389249.489388142712414 ], [ 424822.354229784454219, 4389249.489388142712414 ], [ 424822.354229784454219, 4389250.489388142712414 ], [ 424824.354229784454219, 4389250.489388142712414 ], [ 424824.354229784454219, 4389251.489388142712414 ], [ 424827.354229784454219, 4389251.489388142712414 ], [ 424827.354229784454219, 4389252.489388142712414 ], [ 424829.354229784454219, 4389252.489388142712414 ], [ 424829.354229784454219, 4389253.489388142712414 ], [ 424831.354229784454219, 4389253.489388142712414 ], [ 424831.354229784454219, 4389254.489388142712414 ], [ 424833.354229784454219, 4389254.489388142712414 ], [ 424833.354229784454219, 4389255.489388142712414 ], [ 424835.354229784454219, 4389255.489388142712414 ], [ 424835.354229784454219, 4389256.489388142712414 ], [ 424836.354229784454219, 4389256.489388142712414 ], [ 424836.354229784454219, 4389257.489388142712414 ], [ 424838.354229784454219, 4389257.489388142712414 ], [ 424838.354229784454219, 4389258.489388142712414 ], [ 424839.354229784454219, 4389258.489388142712414 ], [ 424839.354229784454219, 4389259.489388142712414 ], [ 424841.354229784454219, 4389259.489388142712414 ], [ 424841.354229784454219, 4389260.489388142712414 ], [ 424844.354229784454219, 4389260.489388142712414 ], [ 424844.354229784454219, 4389261.489388142712414 ], [ 424847.354229784454219, 4389261.489388142712414 ], [ 424847.354229784454219, 4389262.489388142712414 ], [ 424849.354229784454219, 4389262.489388142712414 ], [ 424849.354229784454219, 4389263.489388142712414 ], [ 424851.354229784454219, 4389263.489388142712414 ], [ 424851.354229784454219, 4389264.489388142712414 ], [ 424852.354229784454219, 4389264.489388142712414 ], [ 424852.354229784454219, 4389265.489388142712414 ], [ 424854.354229784454219, 4389265.489388142712414 ], [ 424854.354229784454219, 4389266.489388142712414 ], [ 424855.354229784454219, 4389266.489388142712414 ], [ 424855.354229784454219, 4389267.489388142712414 ], [ 424856.354229784454219, 4389267.489388142712414 ], [ 424856.354229784454219, 4389268.489388142712414 ], [ 424857.354229784454219, 4389268.489388142712414 ], [ 424857.354229784454219, 4389269.489388142712414 ], [ 424858.354229784454219, 4389269.489388142712414 ], [ 424858.354229784454219, 4389270.489388142712414 ], [ 424859.354229784454219, 4389270.489388142712414 ], [ 424859.354229784454219, 4389271.489388142712414 ], [ 424860.354229784454219, 4389271.489388142712414 ], [ 424860.354229784454219, 4389272.489388142712414 ], [ 424861.354229784454219, 4389272.489388142712414 ], [ 424861.354229784454219, 4389273.489388142712414 ], [ 424862.354229784454219, 4389273.489388142712414 ], [ 424862.354229784454219, 4389274.489388142712414 ], [ 424863.354229784454219, 4389274.489388142712414 ], [ 424863.354229784454219, 4389275.489388142712414 ], [ 424865.354229784454219, 4389275.489388142712414 ], [ 424865.354229784454219, 4389276.489388142712414 ], [ 424867.354229784454219, 4389276.489388142712414 ], [ 424867.354229784454219, 4389277.489388142712414 ], [ 424868.354229784454219, 4389277.489388142712414 ], [ 424868.354229784454219, 4389278.489388142712414 ], [ 424870.354229784454219, 4389278.489388142712414 ], [ 424870.354229784454219, 4389279.489388142712414 ], [ 424872.354229784454219, 4389279.489388142712414 ], [ 424872.354229784454219, 4389280.489388142712414 ], [ 424874.354229784454219, 4389280.489388142712414 ], [ 424874.354229784454219, 4389281.489388142712414 ], [ 424876.354229784454219, 4389281.489388142712414 ], [ 424876.354229784454219, 4389282.489388142712414 ], [ 424878.354229784454219, 4389282.489388142712414 ], [ 424878.354229784454219, 4389283.489388142712414 ], [ 424880.354229784454219, 4389283.489388142712414 ], [ 424880.354229784454219, 4389284.489388142712414 ], [ 424881.354229784454219, 4389284.489388142712414 ], [ 424881.354229784454219, 4389285.489388142712414 ], [ 424883.354229784454219, 4389285.489388142712414 ], [ 424883.354229784454219, 4389286.489388142712414 ], [ 424885.354229784454219, 4389286.489388142712414 ], [ 424885.354229784454219, 4389287.489388142712414 ], [ 424887.354229784454219, 4389287.489388142712414 ], [ 424887.354229784454219, 4389288.489388142712414 ], [ 424889.354229784454219, 4389288.489388142712414 ], [ 424889.354229784454219, 4389289.489388142712414 ], [ 424896.354229784454219, 4389289.489388142712414 ], [ 424896.354229784454219, 4389299.489388142712414 ], [ 424897.354229784454219, 4389299.489388142712414 ], [ 424897.354229784454219, 4389301.489388142712414 ], [ 424900.354229784454219, 4389301.489388142712414 ], [ 424900.354229784454219, 4389302.489388142712414 ], [ 424901.354229784454219, 4389302.489388142712414 ], [ 424901.354229784454219, 4389303.489388142712414 ], [ 424902.354229784454219, 4389303.489388142712414 ], [ 424902.354229784454219, 4389305.489388142712414 ], [ 424903.354229784454219, 4389305.489388142712414 ], [ 424903.354229784454219, 4389308.489388142712414 ], [ 424904.354229784454219, 4389308.489388142712414 ], [ 424904.354229784454219, 4389309.489388142712414 ], [ 424905.354229784454219, 4389309.489388142712414 ], [ 424905.354229784454219, 4389310.489388142712414 ], [ 424908.354229784454219, 4389310.489388142712414 ], [ 424908.354229784454219, 4389311.489388142712414 ], [ 424910.354229784454219, 4389311.489388142712414 ], [ 424910.354229784454219, 4389312.489388142712414 ], [ 424911.354229784454219, 4389312.489388142712414 ], [ 424911.354229784454219, 4389315.489388142712414 ], [ 424912.354229784454219, 4389315.489388142712414 ], [ 424912.354229784454219, 4389316.489388142712414 ], [ 424911.354229784454219, 4389316.489388142712414 ], [ 424911.354229784454219, 4389319.489388142712414 ], [ 424910.354229784454219, 4389319.489388142712414 ], [ 424910.354229784454219, 4389320.489388142712414 ], [ 424908.354229784454219, 4389320.489388142712414 ] ], [ [ 424816.354229784454219, 4389263.489388142712414 ], [ 424817.354229784454219, 4389263.489388142712414 ], [ 424817.354229784454219, 4389262.489388142712414 ], [ 424816.354229784454219, 4389262.489388142712414 ], [ 424816.354229784454219, 4389263.489388142712414 ] ], [ [ 424814.354229784454219, 4389262.489388142712414 ], [ 424815.354229784454219, 4389262.489388142712414 ], [ 424815.354229784454219, 4389261.489388142712414 ], [ 424814.354229784454219, 4389261.489388142712414 ], [ 424814.354229784454219, 4389262.489388142712414 ] ], [ [ 424813.354229784454219, 4389261.489388142712414 ], [ 424814.354229784454219, 4389261.489388142712414 ], [ 424814.354229784454219, 4389260.489388142712414 ], [ 424813.354229784454219, 4389260.489388142712414 ], [ 424813.354229784454219, 4389261.489388142712414 ] ], [ [ 424805.354229784454219, 4389259.489388142712414 ], [ 424806.354229784454219, 4389259.489388142712414 ], [ 424806.354229784454219, 4389258.489388142712414 ], [ 424805.354229784454219, 4389258.489388142712414 ], [ 424805.354229784454219, 4389259.489388142712414 ] ], [ [ 424804.354229784454219, 4389258.489388142712414 ], [ 424805.354229784454219, 4389258.489388142712414 ], [ 424805.354229784454219, 4389257.489388142712414 ], [ 424804.354229784454219, 4389257.489388142712414 ], [ 424804.354229784454219, 4389258.489388142712414 ] ], [ [ 424802.354229784454219, 4389257.489388142712414 ], [ 424803.354229784454219, 4389257.489388142712414 ], [ 424803.354229784454219, 4389256.489388142712414 ], [ 424802.354229784454219, 4389256.489388142712414 ], [ 424802.354229784454219, 4389257.489388142712414 ] ], [ [ 424800.354229784454219, 4389256.489388142712414 ], [ 424801.354229784454219, 4389256.489388142712414 ], [ 424801.354229784454219, 4389255.489388142712414 ], [ 424800.354229784454219, 4389255.489388142712414 ], [ 424800.354229784454219, 4389256.489388142712414 ] ], [ [ 424768.354229784454219, 4389241.489388142712414 ], [ 424769.354229784454219, 4389241.489388142712414 ], [ 424769.354229784454219, 4389240.489388142712414 ], [ 424768.354229784454219, 4389240.489388142712414 ], [ 424768.354229784454219, 4389241.489388142712414 ] ], [ [ 424729.354229784454219, 4389214.489388142712414 ], [ 424730.354229784454219, 4389214.489388142712414 ], [ 424730.354229784454219, 4389213.489388142712414 ], [ 424729.354229784454219, 4389213.489388142712414 ], [ 424729.354229784454219, 4389214.489388142712414 ] ], [ [ 424723.354229784454219, 4389211.489388142712414 ], [ 424724.354229784454219, 4389211.489388142712414 ], [ 424724.354229784454219, 4389210.489388142712414 ], [ 424723.354229784454219, 4389210.489388142712414 ], [ 424723.354229784454219, 4389211.489388142712414 ] ], [ [ 424721.354229784454219, 4389210.489388142712414 ], [ 424722.354229784454219, 4389210.489388142712414 ], [ 424722.354229784454219, 4389209.489388142712414 ], [ 424721.354229784454219, 4389209.489388142712414 ], [ 424721.354229784454219, 4389210.489388142712414 ] ], [ [ 424716.354229784454219, 4389208.489388142712414 ], [ 424717.354229784454219, 4389208.489388142712414 ], [ 424717.354229784454219, 4389207.489388142712414 ], [ 424716.354229784454219, 4389207.489388142712414 ], [ 424716.354229784454219, 4389208.489388142712414 ] ], [ [ 424896.354229784454219, 4388816.489388142712414 ], [ 424897.354229784454219, 4388816.489388142712414 ], [ 424897.354229784454219, 4388815.489388142712414 ], [ 424896.354229784454219, 4388815.489388142712414 ], [ 424896.354229784454219, 4388816.489388142712414 ] ], [ [ 424897.354229784454219, 4388814.489388142712414 ], [ 424898.354229784454219, 4388814.489388142712414 ], [ 424898.354229784454219, 4388813.489388142712414 ], [ 424897.354229784454219, 4388813.489388142712414 ], [ 424897.354229784454219, 4388814.489388142712414 ] ], [ [ 424898.354229784454219, 4388812.489388142712414 ], [ 424899.354229784454219, 4388812.489388142712414 ], [ 424899.354229784454219, 4388811.489388142712414 ], [ 424898.354229784454219, 4388811.489388142712414 ], [ 424898.354229784454219, 4388812.489388142712414 ] ], [ [ 424901.354229784454219, 4388807.489388142712414 ], [ 424902.354229784454219, 4388807.489388142712414 ], [ 424902.354229784454219, 4388806.489388142712414 ], [ 424901.354229784454219, 4388806.489388142712414 ], [ 424901.354229784454219, 4388807.489388142712414 ] ], [ [ 424900.354229784454219, 4388800.489388142712414 ], [ 424901.354229784454219, 4388800.489388142712414 ], [ 424901.354229784454219, 4388799.489388142712414 ], [ 424900.354229784454219, 4388799.489388142712414 ], [ 424900.354229784454219, 4388800.489388142712414 ] ], [ [ 424923.354229784454219, 4388800.489388142712414 ], [ 424924.354229784454219, 4388800.489388142712414 ], [ 424924.354229784454219, 4388799.489388142712414 ], [ 424923.354229784454219, 4388799.489388142712414 ], [ 424923.354229784454219, 4388800.489388142712414 ] ], [ [ 424892.354229784454219, 4388798.489388142712414 ], [ 424893.354229784454219, 4388798.489388142712414 ], [ 424893.354229784454219, 4388796.489388142712414 ], [ 424892.354229784454219, 4388796.489388142712414 ], [ 424892.354229784454219, 4388798.489388142712414 ] ], [ [ 424924.354229784454219, 4388798.489388142712414 ], [ 424925.354229784454219, 4388798.489388142712414 ], [ 424925.354229784454219, 4388797.489388142712414 ], [ 424924.354229784454219, 4388797.489388142712414 ], [ 424924.354229784454219, 4388798.489388142712414 ] ], [ [ 424903.354229784454219, 4388796.489388142712414 ], [ 424904.354229784454219, 4388796.489388142712414 ], [ 424904.354229784454219, 4388795.489388142712414 ], [ 424903.354229784454219, 4388795.489388142712414 ], [ 424903.354229784454219, 4388796.489388142712414 ] ], [ [ 424925.354229784454219, 4388795.489388142712414 ], [ 424926.354229784454219, 4388795.489388142712414 ], [ 424926.354229784454219, 4388794.489388142712414 ], [ 424925.354229784454219, 4388794.489388142712414 ], [ 424925.354229784454219, 4388795.489388142712414 ] ], [ [ 424893.354229784454219, 4388794.489388142712414 ], [ 424894.354229784454219, 4388794.489388142712414 ], [ 424894.354229784454219, 4388791.489388142712414 ], [ 424895.354229784454219, 4388791.489388142712414 ], [ 424895.354229784454219, 4388788.489388142712414 ], [ 424896.354229784454219, 4388788.489388142712414 ], [ 424896.354229784454219, 4388785.489388142712414 ], [ 424897.354229784454219, 4388785.489388142712414 ], [ 424897.354229784454219, 4388782.489388142712414 ], [ 424896.354229784454219, 4388782.489388142712414 ], [ 424896.354229784454219, 4388784.489388142712414 ], [ 424895.354229784454219, 4388784.489388142712414 ], [ 424895.354229784454219, 4388786.489388142712414 ], [ 424894.354229784454219, 4388786.489388142712414 ], [ 424894.354229784454219, 4388790.489388142712414 ], [ 424893.354229784454219, 4388790.489388142712414 ], [ 424893.354229784454219, 4388794.489388142712414 ] ], [ [ 424897.354229784454219, 4388794.489388142712414 ], [ 424898.354229784454219, 4388794.489388142712414 ], [ 424898.354229784454219, 4388793.489388142712414 ], [ 424897.354229784454219, 4388793.489388142712414 ], [ 424897.354229784454219, 4388794.489388142712414 ] ], [ [ 424926.354229784454219, 4388793.489388142712414 ], [ 424927.354229784454219, 4388793.489388142712414 ], [ 424927.354229784454219, 4388792.489388142712414 ], [ 424926.354229784454219, 4388792.489388142712414 ], [ 424926.354229784454219, 4388793.489388142712414 ] ], [ [ 424898.354229784454219, 4388792.489388142712414 ], [ 424899.354229784454219, 4388792.489388142712414 ], [ 424899.354229784454219, 4388791.489388142712414 ], [ 424898.354229784454219, 4388791.489388142712414 ], [ 424898.354229784454219, 4388792.489388142712414 ] ], [ [ 424927.354229784454219, 4388791.489388142712414 ], [ 424928.354229784454219, 4388791.489388142712414 ], [ 424928.354229784454219, 4388789.489388142712414 ], [ 424927.354229784454219, 4388789.489388142712414 ], [ 424927.354229784454219, 4388791.489388142712414 ] ], [ [ 424899.354229784454219, 4388790.489388142712414 ], [ 424900.354229784454219, 4388790.489388142712414 ], [ 424900.354229784454219, 4388789.489388142712414 ], [ 424899.354229784454219, 4388789.489388142712414 ], [ 424899.354229784454219, 4388790.489388142712414 ] ], [ [ 424928.354229784454219, 4388789.489388142712414 ], [ 424929.354229784454219, 4388789.489388142712414 ], [ 424929.354229784454219, 4388787.489388142712414 ], [ 424928.354229784454219, 4388787.489388142712414 ], [ 424928.354229784454219, 4388789.489388142712414 ] ], [ [ 424900.354229784454219, 4388788.489388142712414 ], [ 424901.354229784454219, 4388788.489388142712414 ], [ 424901.354229784454219, 4388787.489388142712414 ], [ 424900.354229784454219, 4388787.489388142712414 ], [ 424900.354229784454219, 4388788.489388142712414 ] ], [ [ 424901.354229784454219, 4388786.489388142712414 ], [ 424902.354229784454219, 4388786.489388142712414 ], [ 424902.354229784454219, 4388785.489388142712414 ], [ 424903.354229784454219, 4388785.489388142712414 ], [ 424903.354229784454219, 4388783.489388142712414 ], [ 424902.354229784454219, 4388783.489388142712414 ], [ 424902.354229784454219, 4388784.489388142712414 ], [ 424901.354229784454219, 4388784.489388142712414 ], [ 424901.354229784454219, 4388786.489388142712414 ] ], [ [ 424905.354229784454219, 4388784.489388142712414 ], [ 424906.354229784454219, 4388784.489388142712414 ], [ 424906.354229784454219, 4388783.489388142712414 ], [ 424905.354229784454219, 4388783.489388142712414 ], [ 424905.354229784454219, 4388784.489388142712414 ] ], [ [ 424903.354229784454219, 4388783.489388142712414 ], [ 424904.354229784454219, 4388783.489388142712414 ], [ 424904.354229784454219, 4388781.489388142712414 ], [ 424903.354229784454219, 4388781.489388142712414 ], [ 424903.354229784454219, 4388783.489388142712414 ] ], [ [ 424906.354229784454219, 4388783.489388142712414 ], [ 424907.354229784454219, 4388783.489388142712414 ], [ 424907.354229784454219, 4388782.489388142712414 ], [ 424906.354229784454219, 4388782.489388142712414 ], [ 424906.354229784454219, 4388783.489388142712414 ] ], [ [ 424897.354229784454219, 4388782.489388142712414 ], [ 424898.354229784454219, 4388782.489388142712414 ], [ 424898.354229784454219, 4388780.489388142712414 ], [ 424899.354229784454219, 4388780.489388142712414 ], [ 424899.354229784454219, 4388778.489388142712414 ], [ 424898.354229784454219, 4388778.489388142712414 ], [ 424898.354229784454219, 4388779.489388142712414 ], [ 424897.354229784454219, 4388779.489388142712414 ], [ 424897.354229784454219, 4388782.489388142712414 ] ], [ [ 424904.354229784454219, 4388781.489388142712414 ], [ 424905.354229784454219, 4388781.489388142712414 ], [ 424905.354229784454219, 4388780.489388142712414 ], [ 424906.354229784454219, 4388780.489388142712414 ], [ 424906.354229784454219, 4388779.489388142712414 ], [ 424907.354229784454219, 4388779.489388142712414 ], [ 424907.354229784454219, 4388777.489388142712414 ], [ 424908.354229784454219, 4388777.489388142712414 ], [ 424908.354229784454219, 4388776.489388142712414 ], [ 424909.354229784454219, 4388776.489388142712414 ], [ 424909.354229784454219, 4388775.489388142712414 ], [ 424910.354229784454219, 4388775.489388142712414 ], [ 424910.354229784454219, 4388774.489388142712414 ], [ 424911.354229784454219, 4388774.489388142712414 ], [ 424911.354229784454219, 4388772.489388142712414 ], [ 424912.354229784454219, 4388772.489388142712414 ], [ 424912.354229784454219, 4388771.489388142712414 ], [ 424913.354229784454219, 4388771.489388142712414 ], [ 424913.354229784454219, 4388770.489388142712414 ], [ 424914.354229784454219, 4388770.489388142712414 ], [ 424914.354229784454219, 4388769.489388142712414 ], [ 424915.354229784454219, 4388769.489388142712414 ], [ 424915.354229784454219, 4388767.489388142712414 ], [ 424916.354229784454219, 4388767.489388142712414 ], [ 424916.354229784454219, 4388766.489388142712414 ], [ 424917.354229784454219, 4388766.489388142712414 ], [ 424917.354229784454219, 4388765.489388142712414 ], [ 424918.354229784454219, 4388765.489388142712414 ], [ 424918.354229784454219, 4388764.489388142712414 ], [ 424919.354229784454219, 4388764.489388142712414 ], [ 424919.354229784454219, 4388763.489388142712414 ], [ 424920.354229784454219, 4388763.489388142712414 ], [ 424920.354229784454219, 4388762.489388142712414 ], [ 424921.354229784454219, 4388762.489388142712414 ], [ 424921.354229784454219, 4388761.489388142712414 ], [ 424922.354229784454219, 4388761.489388142712414 ], [ 424922.354229784454219, 4388760.489388142712414 ], [ 424923.354229784454219, 4388760.489388142712414 ], [ 424923.354229784454219, 4388759.489388142712414 ], [ 424924.354229784454219, 4388759.489388142712414 ], [ 424924.354229784454219, 4388758.489388142712414 ], [ 424925.354229784454219, 4388758.489388142712414 ], [ 424925.354229784454219, 4388757.489388142712414 ], [ 424926.354229784454219, 4388757.489388142712414 ], [ 424926.354229784454219, 4388756.489388142712414 ], [ 424927.354229784454219, 4388756.489388142712414 ], [ 424927.354229784454219, 4388755.489388142712414 ], [ 424928.354229784454219, 4388755.489388142712414 ], [ 424928.354229784454219, 4388754.489388142712414 ], [ 424929.354229784454219, 4388754.489388142712414 ], [ 424929.354229784454219, 4388753.489388142712414 ], [ 424930.354229784454219, 4388753.489388142712414 ], [ 424930.354229784454219, 4388752.489388142712414 ], [ 424931.354229784454219, 4388752.489388142712414 ], [ 424931.354229784454219, 4388750.489388142712414 ], [ 424932.354229784454219, 4388750.489388142712414 ], [ 424932.354229784454219, 4388749.489388142712414 ], [ 424933.354229784454219, 4388749.489388142712414 ], [ 424933.354229784454219, 4388747.489388142712414 ], [ 424934.354229784454219, 4388747.489388142712414 ], [ 424934.354229784454219, 4388745.489388142712414 ], [ 424935.354229784454219, 4388745.489388142712414 ], [ 424935.354229784454219, 4388744.489388142712414 ], [ 424936.354229784454219, 4388744.489388142712414 ], [ 424936.354229784454219, 4388742.489388142712414 ], [ 424937.354229784454219, 4388742.489388142712414 ], [ 424937.354229784454219, 4388739.489388142712414 ], [ 424938.354229784454219, 4388739.489388142712414 ], [ 424938.354229784454219, 4388737.489388142712414 ], [ 424939.354229784454219, 4388737.489388142712414 ], [ 424939.354229784454219, 4388734.489388142712414 ], [ 424940.354229784454219, 4388734.489388142712414 ], [ 424940.354229784454219, 4388722.489388142712414 ], [ 424939.354229784454219, 4388722.489388142712414 ], [ 424939.354229784454219, 4388725.489388142712414 ], [ 424938.354229784454219, 4388725.489388142712414 ], [ 424938.354229784454219, 4388726.489388142712414 ], [ 424937.354229784454219, 4388726.489388142712414 ], [ 424937.354229784454219, 4388725.489388142712414 ], [ 424936.354229784454219, 4388725.489388142712414 ], [ 424936.354229784454219, 4388726.489388142712414 ], [ 424935.354229784454219, 4388726.489388142712414 ], [ 424935.354229784454219, 4388727.489388142712414 ], [ 424934.354229784454219, 4388727.489388142712414 ], [ 424934.354229784454219, 4388728.489388142712414 ], [ 424933.354229784454219, 4388728.489388142712414 ], [ 424933.354229784454219, 4388729.489388142712414 ], [ 424932.354229784454219, 4388729.489388142712414 ], [ 424932.354229784454219, 4388730.489388142712414 ], [ 424931.354229784454219, 4388730.489388142712414 ], [ 424931.354229784454219, 4388731.489388142712414 ], [ 424930.354229784454219, 4388731.489388142712414 ], [ 424930.354229784454219, 4388732.489388142712414 ], [ 424929.354229784454219, 4388732.489388142712414 ], [ 424929.354229784454219, 4388734.489388142712414 ], [ 424928.354229784454219, 4388734.489388142712414 ], [ 424928.354229784454219, 4388735.489388142712414 ], [ 424927.354229784454219, 4388735.489388142712414 ], [ 424927.354229784454219, 4388737.489388142712414 ], [ 424926.354229784454219, 4388737.489388142712414 ], [ 424926.354229784454219, 4388738.489388142712414 ], [ 424925.354229784454219, 4388738.489388142712414 ], [ 424925.354229784454219, 4388739.489388142712414 ], [ 424924.354229784454219, 4388739.489388142712414 ], [ 424924.354229784454219, 4388741.489388142712414 ], [ 424923.354229784454219, 4388741.489388142712414 ], [ 424923.354229784454219, 4388743.489388142712414 ], [ 424922.354229784454219, 4388743.489388142712414 ], [ 424922.354229784454219, 4388745.489388142712414 ], [ 424921.354229784454219, 4388745.489388142712414 ], [ 424921.354229784454219, 4388747.489388142712414 ], [ 424920.354229784454219, 4388747.489388142712414 ], [ 424920.354229784454219, 4388749.489388142712414 ], [ 424919.354229784454219, 4388749.489388142712414 ], [ 424919.354229784454219, 4388751.489388142712414 ], [ 424918.354229784454219, 4388751.489388142712414 ], [ 424918.354229784454219, 4388753.489388142712414 ], [ 424917.354229784454219, 4388753.489388142712414 ], [ 424917.354229784454219, 4388754.489388142712414 ], [ 424916.354229784454219, 4388754.489388142712414 ], [ 424916.354229784454219, 4388756.489388142712414 ], [ 424915.354229784454219, 4388756.489388142712414 ], [ 424915.354229784454219, 4388758.489388142712414 ], [ 424914.354229784454219, 4388758.489388142712414 ], [ 424914.354229784454219, 4388760.489388142712414 ], [ 424913.354229784454219, 4388760.489388142712414 ], [ 424913.354229784454219, 4388762.489388142712414 ], [ 424912.354229784454219, 4388762.489388142712414 ], [ 424912.354229784454219, 4388763.489388142712414 ], [ 424911.354229784454219, 4388763.489388142712414 ], [ 424911.354229784454219, 4388765.489388142712414 ], [ 424910.354229784454219, 4388765.489388142712414 ], [ 424910.354229784454219, 4388767.489388142712414 ], [ 424909.354229784454219, 4388767.489388142712414 ], [ 424909.354229784454219, 4388769.489388142712414 ], [ 424910.354229784454219, 4388769.489388142712414 ], [ 424910.354229784454219, 4388768.489388142712414 ], [ 424911.354229784454219, 4388768.489388142712414 ], [ 424911.354229784454219, 4388770.489388142712414 ], [ 424910.354229784454219, 4388770.489388142712414 ], [ 424910.354229784454219, 4388771.489388142712414 ], [ 424909.354229784454219, 4388771.489388142712414 ], [ 424909.354229784454219, 4388772.489388142712414 ], [ 424908.354229784454219, 4388772.489388142712414 ], [ 424908.354229784454219, 4388774.489388142712414 ], [ 424907.354229784454219, 4388774.489388142712414 ], [ 424907.354229784454219, 4388776.489388142712414 ], [ 424906.354229784454219, 4388776.489388142712414 ], [ 424906.354229784454219, 4388777.489388142712414 ], [ 424905.354229784454219, 4388777.489388142712414 ], [ 424905.354229784454219, 4388779.489388142712414 ], [ 424904.354229784454219, 4388779.489388142712414 ], [ 424904.354229784454219, 4388781.489388142712414 ] ], [ [ 424909.354229784454219, 4388779.489388142712414 ], [ 424910.354229784454219, 4388779.489388142712414 ], [ 424910.354229784454219, 4388778.489388142712414 ], [ 424909.354229784454219, 4388778.489388142712414 ], [ 424909.354229784454219, 4388779.489388142712414 ] ], [ [ 424899.354229784454219, 4388778.489388142712414 ], [ 424900.354229784454219, 4388778.489388142712414 ], [ 424900.354229784454219, 4388776.489388142712414 ], [ 424899.354229784454219, 4388776.489388142712414 ], [ 424899.354229784454219, 4388778.489388142712414 ] ], [ [ 424910.354229784454219, 4388778.489388142712414 ], [ 424911.354229784454219, 4388778.489388142712414 ], [ 424911.354229784454219, 4388777.489388142712414 ], [ 424910.354229784454219, 4388777.489388142712414 ], [ 424910.354229784454219, 4388778.489388142712414 ] ], [ [ 424911.354229784454219, 4388777.489388142712414 ], [ 424912.354229784454219, 4388777.489388142712414 ], [ 424912.354229784454219, 4388776.489388142712414 ], [ 424911.354229784454219, 4388776.489388142712414 ], [ 424911.354229784454219, 4388777.489388142712414 ] ], [ [ 424912.354229784454219, 4388776.489388142712414 ], [ 424913.354229784454219, 4388776.489388142712414 ], [ 424913.354229784454219, 4388775.489388142712414 ], [ 424912.354229784454219, 4388775.489388142712414 ], [ 424912.354229784454219, 4388776.489388142712414 ] ], [ [ 424900.354229784454219, 4388775.489388142712414 ], [ 424901.354229784454219, 4388775.489388142712414 ], [ 424901.354229784454219, 4388774.489388142712414 ], [ 424900.354229784454219, 4388774.489388142712414 ], [ 424900.354229784454219, 4388775.489388142712414 ] ], [ [ 424913.354229784454219, 4388775.489388142712414 ], [ 424914.354229784454219, 4388775.489388142712414 ], [ 424914.354229784454219, 4388774.489388142712414 ], [ 424915.354229784454219, 4388774.489388142712414 ], [ 424915.354229784454219, 4388773.489388142712414 ], [ 424916.354229784454219, 4388773.489388142712414 ], [ 424916.354229784454219, 4388772.489388142712414 ], [ 424917.354229784454219, 4388772.489388142712414 ], [ 424917.354229784454219, 4388771.489388142712414 ], [ 424918.354229784454219, 4388771.489388142712414 ], [ 424918.354229784454219, 4388770.489388142712414 ], [ 424919.354229784454219, 4388770.489388142712414 ], [ 424919.354229784454219, 4388769.489388142712414 ], [ 424920.354229784454219, 4388769.489388142712414 ], [ 424920.354229784454219, 4388768.489388142712414 ], [ 424921.354229784454219, 4388768.489388142712414 ], [ 424921.354229784454219, 4388767.489388142712414 ], [ 424922.354229784454219, 4388767.489388142712414 ], [ 424922.354229784454219, 4388766.489388142712414 ], [ 424923.354229784454219, 4388766.489388142712414 ], [ 424923.354229784454219, 4388765.489388142712414 ], [ 424925.354229784454219, 4388765.489388142712414 ], [ 424925.354229784454219, 4388764.489388142712414 ], [ 424926.354229784454219, 4388764.489388142712414 ], [ 424926.354229784454219, 4388763.489388142712414 ], [ 424927.354229784454219, 4388763.489388142712414 ], [ 424927.354229784454219, 4388762.489388142712414 ], [ 424928.354229784454219, 4388762.489388142712414 ], [ 424928.354229784454219, 4388761.489388142712414 ], [ 424929.354229784454219, 4388761.489388142712414 ], [ 424929.354229784454219, 4388760.489388142712414 ], [ 424930.354229784454219, 4388760.489388142712414 ], [ 424930.354229784454219, 4388759.489388142712414 ], [ 424931.354229784454219, 4388759.489388142712414 ], [ 424931.354229784454219, 4388758.489388142712414 ], [ 424932.354229784454219, 4388758.489388142712414 ], [ 424932.354229784454219, 4388757.489388142712414 ], [ 424933.354229784454219, 4388757.489388142712414 ], [ 424933.354229784454219, 4388756.489388142712414 ], [ 424934.354229784454219, 4388756.489388142712414 ], [ 424934.354229784454219, 4388754.489388142712414 ], [ 424935.354229784454219, 4388754.489388142712414 ], [ 424935.354229784454219, 4388750.489388142712414 ], [ 424934.354229784454219, 4388750.489388142712414 ], [ 424934.354229784454219, 4388751.489388142712414 ], [ 424933.354229784454219, 4388751.489388142712414 ], [ 424933.354229784454219, 4388753.489388142712414 ], [ 424932.354229784454219, 4388753.489388142712414 ], [ 424932.354229784454219, 4388754.489388142712414 ], [ 424931.354229784454219, 4388754.489388142712414 ], [ 424931.354229784454219, 4388755.489388142712414 ], [ 424930.354229784454219, 4388755.489388142712414 ], [ 424930.354229784454219, 4388756.489388142712414 ], [ 424929.354229784454219, 4388756.489388142712414 ], [ 424929.354229784454219, 4388757.489388142712414 ], [ 424928.354229784454219, 4388757.489388142712414 ], [ 424928.354229784454219, 4388758.489388142712414 ], [ 424927.354229784454219, 4388758.489388142712414 ], [ 424927.354229784454219, 4388759.489388142712414 ], [ 424926.354229784454219, 4388759.489388142712414 ], [ 424926.354229784454219, 4388760.489388142712414 ], [ 424925.354229784454219, 4388760.489388142712414 ], [ 424925.354229784454219, 4388761.489388142712414 ], [ 424924.354229784454219, 4388761.489388142712414 ], [ 424924.354229784454219, 4388762.489388142712414 ], [ 424923.354229784454219, 4388762.489388142712414 ], [ 424923.354229784454219, 4388763.489388142712414 ], [ 424922.354229784454219, 4388763.489388142712414 ], [ 424922.354229784454219, 4388764.489388142712414 ], [ 424921.354229784454219, 4388764.489388142712414 ], [ 424921.354229784454219, 4388765.489388142712414 ], [ 424920.354229784454219, 4388765.489388142712414 ], [ 424920.354229784454219, 4388766.489388142712414 ], [ 424919.354229784454219, 4388766.489388142712414 ], [ 424919.354229784454219, 4388768.489388142712414 ], [ 424918.354229784454219, 4388768.489388142712414 ], [ 424918.354229784454219, 4388769.489388142712414 ], [ 424917.354229784454219, 4388769.489388142712414 ], [ 424917.354229784454219, 4388770.489388142712414 ], [ 424916.354229784454219, 4388770.489388142712414 ], [ 424916.354229784454219, 4388771.489388142712414 ], [ 424915.354229784454219, 4388771.489388142712414 ], [ 424915.354229784454219, 4388772.489388142712414 ], [ 424914.354229784454219, 4388772.489388142712414 ], [ 424914.354229784454219, 4388773.489388142712414 ], [ 424913.354229784454219, 4388773.489388142712414 ], [ 424913.354229784454219, 4388775.489388142712414 ] ], [ [ 424901.354229784454219, 4388773.489388142712414 ], [ 424902.354229784454219, 4388773.489388142712414 ], [ 424902.354229784454219, 4388772.489388142712414 ], [ 424901.354229784454219, 4388772.489388142712414 ], [ 424901.354229784454219, 4388773.489388142712414 ] ], [ [ 424907.354229784454219, 4388772.489388142712414 ], [ 424908.354229784454219, 4388772.489388142712414 ], [ 424908.354229784454219, 4388771.489388142712414 ], [ 424907.354229784454219, 4388771.489388142712414 ], [ 424907.354229784454219, 4388772.489388142712414 ] ], [ [ 424908.354229784454219, 4388770.489388142712414 ], [ 424909.354229784454219, 4388770.489388142712414 ], [ 424909.354229784454219, 4388769.489388142712414 ], [ 424908.354229784454219, 4388769.489388142712414 ], [ 424908.354229784454219, 4388770.489388142712414 ] ], [ [ 424923.354229784454219, 4388769.489388142712414 ], [ 424924.354229784454219, 4388769.489388142712414 ], [ 424924.354229784454219, 4388768.489388142712414 ], [ 424923.354229784454219, 4388768.489388142712414 ], [ 424923.354229784454219, 4388769.489388142712414 ] ], [ [ 424924.354229784454219, 4388768.489388142712414 ], [ 424925.354229784454219, 4388768.489388142712414 ], [ 424925.354229784454219, 4388767.489388142712414 ], [ 424924.354229784454219, 4388767.489388142712414 ], [ 424924.354229784454219, 4388768.489388142712414 ] ], [ [ 424909.354229784454219, 4388762.489388142712414 ], [ 424910.354229784454219, 4388762.489388142712414 ], [ 424910.354229784454219, 4388761.489388142712414 ], [ 424909.354229784454219, 4388761.489388142712414 ], [ 424909.354229784454219, 4388762.489388142712414 ] ], [ [ 424910.354229784454219, 4388760.489388142712414 ], [ 424911.354229784454219, 4388760.489388142712414 ], [ 424911.354229784454219, 4388759.489388142712414 ], [ 424910.354229784454219, 4388759.489388142712414 ], [ 424910.354229784454219, 4388760.489388142712414 ] ], [ [ 424911.354229784454219, 4388759.489388142712414 ], [ 424912.354229784454219, 4388759.489388142712414 ], [ 424912.354229784454219, 4388757.489388142712414 ], [ 424911.354229784454219, 4388757.489388142712414 ], [ 424911.354229784454219, 4388759.489388142712414 ] ], [ [ 424912.354229784454219, 4388757.489388142712414 ], [ 424913.354229784454219, 4388757.489388142712414 ], [ 424913.354229784454219, 4388755.489388142712414 ], [ 424912.354229784454219, 4388755.489388142712414 ], [ 424912.354229784454219, 4388757.489388142712414 ] ], [ [ 424913.354229784454219, 4388755.489388142712414 ], [ 424914.354229784454219, 4388755.489388142712414 ], [ 424914.354229784454219, 4388753.489388142712414 ], [ 424913.354229784454219, 4388753.489388142712414 ], [ 424913.354229784454219, 4388755.489388142712414 ] ], [ [ 424914.354229784454219, 4388753.489388142712414 ], [ 424915.354229784454219, 4388753.489388142712414 ], [ 424915.354229784454219, 4388751.489388142712414 ], [ 424914.354229784454219, 4388751.489388142712414 ], [ 424914.354229784454219, 4388753.489388142712414 ] ], [ [ 424915.354229784454219, 4388751.489388142712414 ], [ 424916.354229784454219, 4388751.489388142712414 ], [ 424916.354229784454219, 4388749.489388142712414 ], [ 424915.354229784454219, 4388749.489388142712414 ], [ 424915.354229784454219, 4388751.489388142712414 ] ], [ [ 424935.354229784454219, 4388750.489388142712414 ], [ 424936.354229784454219, 4388750.489388142712414 ], [ 424936.354229784454219, 4388748.489388142712414 ], [ 424935.354229784454219, 4388748.489388142712414 ], [ 424935.354229784454219, 4388750.489388142712414 ] ], [ [ 424916.354229784454219, 4388749.489388142712414 ], [ 424917.354229784454219, 4388749.489388142712414 ], [ 424917.354229784454219, 4388747.489388142712414 ], [ 424916.354229784454219, 4388747.489388142712414 ], [ 424916.354229784454219, 4388749.489388142712414 ] ], [ [ 424917.354229784454219, 4388747.489388142712414 ], [ 424918.354229784454219, 4388747.489388142712414 ], [ 424918.354229784454219, 4388746.489388142712414 ], [ 424917.354229784454219, 4388746.489388142712414 ], [ 424917.354229784454219, 4388747.489388142712414 ] ], [ [ 424918.354229784454219, 4388745.489388142712414 ], [ 424919.354229784454219, 4388745.489388142712414 ], [ 424919.354229784454219, 4388744.489388142712414 ], [ 424918.354229784454219, 4388744.489388142712414 ], [ 424918.354229784454219, 4388745.489388142712414 ] ], [ [ 424919.354229784454219, 4388744.489388142712414 ], [ 424920.354229784454219, 4388744.489388142712414 ], [ 424920.354229784454219, 4388743.489388142712414 ], [ 424919.354229784454219, 4388743.489388142712414 ], [ 424919.354229784454219, 4388744.489388142712414 ] ], [ [ 424920.354229784454219, 4388742.489388142712414 ], [ 424921.354229784454219, 4388742.489388142712414 ], [ 424921.354229784454219, 4388741.489388142712414 ], [ 424920.354229784454219, 4388741.489388142712414 ], [ 424920.354229784454219, 4388742.489388142712414 ] ], [ [ 425039.354229784454219, 4388437.489388142712414 ], [ 425040.354229784454219, 4388437.489388142712414 ], [ 425040.354229784454219, 4388436.489388142712414 ], [ 425039.354229784454219, 4388436.489388142712414 ], [ 425039.354229784454219, 4388437.489388142712414 ] ], [ [ 425040.354229784454219, 4388433.489388142712414 ], [ 425041.354229784454219, 4388433.489388142712414 ], [ 425041.354229784454219, 4388432.489388142712414 ], [ 425040.354229784454219, 4388432.489388142712414 ], [ 425040.354229784454219, 4388433.489388142712414 ] ], [ [ 424834.354229784454219, 4388354.489388142712414 ], [ 424835.354229784454219, 4388354.489388142712414 ], [ 424835.354229784454219, 4388353.489388142712414 ], [ 424834.354229784454219, 4388353.489388142712414 ], [ 424834.354229784454219, 4388354.489388142712414 ] ], [ [ 424833.354229784454219, 4388353.489388142712414 ], [ 424834.354229784454219, 4388353.489388142712414 ], [ 424834.354229784454219, 4388352.489388142712414 ], [ 424833.354229784454219, 4388352.489388142712414 ], [ 424833.354229784454219, 4388353.489388142712414 ] ], [ [ 424832.354229784454219, 4388352.489388142712414 ], [ 424833.354229784454219, 4388352.489388142712414 ], [ 424833.354229784454219, 4388351.489388142712414 ], [ 424832.354229784454219, 4388351.489388142712414 ], [ 424832.354229784454219, 4388352.489388142712414 ] ], [ [ 424831.354229784454219, 4388351.489388142712414 ], [ 424832.354229784454219, 4388351.489388142712414 ], [ 424832.354229784454219, 4388349.489388142712414 ], [ 424831.354229784454219, 4388349.489388142712414 ], [ 424831.354229784454219, 4388351.489388142712414 ] ] ] } },
{ "type": "Feature", "properties": { "level": 0.25 }, "geometry": { "type": "Polygon", "coordinates": [ [ [ 424823.354229784454219, 4389268.489388142712414 ], [ 424823.354229784454219, 4389267.489388142712414 ], [ 424822.354229784454219, 4389267.489388142712414 ], [ 424822.354229784454219, 4389266.489388142712414 ], [ 424824.354229784454219, 4389266.489388142712414 ], [ 424824.354229784454219, 4389268.489388142712414 ], [ 424823.354229784454219, 4389268.489388142712414 ] ] ] } },
{ "type": "Feature", "properties": { "level": 0.25 }, "geometry": { "type": "Polygon", "coordinates": [ [ [ 424820.354229784454219, 4389266.489388142712414 ], [ 424820.354229784454219, 4389265.489388142712414 ], [ 424822.354229784454219, 4389265.489388142712414 ], [ 424822.354229784454219, 4389266.489388142712414 ], [ 424820.354229784454219, 4389266.489388142712414 ] ] ] } },
{ "type": "Feature", "properties": { "level": 0.25 }, "geometry": { "type": "Polygon", "coordinates": [ [ [ 424818.354229784454219, 4389265.489388142712414 ], [ 424818.354229784454219, 4389264.489388142712414 ], [ 424820.354229784454219, 4389264.489388142712414 ], [ 424820.354229784454219, 4389265.489388142712414 ], [ 424818.354229784454219, 4389265.489388142712414 ] ] ] } },
{ "type": "Feature", "properties": { "level": 0.25 }, "geometry": { "type": "Polygon", "coordinates": [ [ [ 424816.354229784454219, 4389264.489388142712414 ], [ 424816.354229784454219, 4389263.489388142712414 ], [ 424817.354229784454219, 4389263.489388142712414 ], [ 424817.354229784454219, 4389264.489388142712414 ], [ 424816.354229784454219, 4389264.489388142712414 ] ] ] } },
{ "type": "Feature", "properties": { "level": 0.25 }, "geometry": { "type": "Polygon", "coordinates": [ [ [ 424811.354229784454219, 4389263.489388142712414 ], [ 424811.354229784454219, 4389262.489388142712414 ], [ 424810.354229784454219, 4389262.489388142712414 ], [ 424810.354229784454219, 4389261.489388142712414 ], [ 424811.354229784454219, 4389261.489388142712414 ], [ 424811.354229784454219, 4389260.489388142712414 ], [ 424812.354229784454219, 4389260.489388142712414 ], [ 424812.354229784454219, 4389261.489388142712414 ], [ 424813.354229784454219, 4389261.489388142712414 ], [ 424813.354229784454219, 4389263.489388142712414 ], [ 424811.354229784454219, 4389263.489388142712414 ] ] ] } },
{ "type": "Feature", "properties": { "level": 0.25 }, "geometry": { "type": "Polygon", "coordinates": [ [ [ 424809.354229784454219, 4389261.489388142712414 ], [ 424809.354229784454219, 4389260.489388142712414 ], [ 424810.354229784454219, 4389260.489388142712414 ], [ 424810.354229784454219, 4389261.489388142712414 ], [ 424809.354229784454219, 4389261.489388142712414 ] ] ] } },
{ "type": "Feature", "properties": { "level": 0.25 }, "geometry": { "type": "Polygon", "coordinates": [ [ [ 424808.354229784454219, 4389260.489388142712414 ], [ 424808.354229784454219, 4389259.489388142712414 ], [ 424809.354229784454219, 4389259.489388142712414 ], [ 424809.354229784454219, 4389260.489388142712414 ], [ 424808.354229784454219, 4389260.489388142712414 ] ] ] } },
{ "type": "Feature", "properties": { "level": 0.25 }, "geometry": { "type": "Polygon", "coordinates": [ [ [ 424810.354229784454219, 4389260.489388142712414 ], [ 424810.354229784454219, 4389259.489388142712414 ], [ 424811.354229784454219, 4389259.489388142712414 ], [ 424811.354229784454219, 4389260.489388142712414 ], [ 424810.354229784454219, 4389260.489388142712414 ] ] ] } },
{ "type": "Feature", "properties": { "level": 0.25 }, "geometry": { "type": "Polygon", "coordinates": [ [ [ 424807.354229784454219, 4389259.489388142712414 ], [ 424807.354229784454219, 4389258.489388142712414 ], [ 424808.354229784454219, 4389258.489388142712414 ], [ 424808.354229784454219, 4389259.489388142712414 ], [ 424807.354229784454219, 4389259.489388142712414 ] ] ] } },
{ "type": "Feature", "properties": { "level": 0.25 }, "geometry": { "type": "Polygon", "coordinates": [ [ [ 424809.354229784454219, 4389259.489388142712414 ], [ 424809.354229784454219, 4389258.489388142712414 ], [ 424810.354229784454219, 4389258.489388142712414 ], [ 424810.354229784454219, 4389259.489388142712414 ], [ 424809.354229784454219, 4389259.489388142712414 ] ] ] } },
{ "type": "Feature", "properties": { "level": 0.25 }, "geometry": { "type": "Polygon", "coordinates": [ [ [ 424808.354229784454219, 4389258.489388142712414 ], [ 424808.354229784454219, 4389257.489388142712414 ], [ 424809.354229784454219, 4389257.489388142712414 ], [ 424809.354229784454219, 4389258.489388142712414 ], [ 424808.354229784454219, 4389258.489388142712414 ] ] ] } },
{ "type": "Feature", "properties": { "level": 0.25 }, "geometry": { "type": "Polygon", "coordinates": [ [ [ 424806.354229784454219, 4389258.489388142712414 ], [ 424806.354229784454219, 4389257.489388142712414 ], [ 424804.354229784454219, 4389257.489388142712414 ], [ 424804.354229784454219, 4389256.489388142712414 ], [ 424803.354229784454219, 4389256.489388142712414 ], [ 424803.354229784454219, 4389255.489388142712414 ], [ 424801.354229784454219, 4389255.489388142712414 ], [ 424801.354229784454219, 4389253.489388142712414 ], [ 424803.354229784454219, 4389253.489388142712414 ], [ 424803.354229784454219, 4389254.489388142712414 ], [ 424805.354229784454219, 4389254.489388142712414 ], [ 424805.354229784454219, 4389255.489388142712414 ], [ 424806.354229784454219, 4389255.489388142712414 ], [ 424806.354229784454219, 4389256.489388142712414 ], [ 424808.354229784454219, 4389256.489388142712414 ], [ 424808.354229784454219, 4389257.489388142712414 ], [ 424807.354229784454219, 4389257.489388142712414 ], [ 424807.354229784454219, 4389258.489388142712414 ], [ 424806.354229784454219, 4389258.489388142712414 ] ] ] } },
{ "type": "Feature", "properties": { "level": 0.25 }, "geometry": { "type": "Polygon", "coordinates": [ [ [ 424810.354229784454219, 4389121.489388142712414 ], [ 424810.354229784454219, 4389120.489388142712414 ], [ 424811.354229784454219, 4389120.489388142712414 ], [ 424811.354229784454219, 4389121.489388142712414 ], [ 424810.354229784454219, 4389121.489388142712414 ] ] ] } },
{ "type": "Feature", "properties": { "level": 0.25 }, "geometry": { "type": "Polygon", "coordinates": [ [ [ 424813.354229784454219, 4389119.489388142712414 ], [ 424813.354229784454219, 4389118.489388142712414 ], [ 424814.354229784454219, 4389118.489388142712414 ], [ 424814.354229784454219, 4389119.489388142712414 ], [ 424813.354229784454219, 4389119.489388142712414 ] ] ] } },
{ "type": "Feature", "properties": { "level": 0.25 }, "geometry": { "type": "Polygon", "coordinates": [ [ [ 424816.354229784454219, 4389109.489388142712414 ], [ 424816.354229784454219, 4389108.489388142712414 ], [ 424817.354229784454219, 4389108.489388142712414 ], [ 424817.354229784454219, 4389109.489388142712414 ], [ 424816.354229784454219, 4389109.489388142712414 ] ] ] } },
{ "type": "Feature", "properties": { "level": 0.25 }, "geometry": { "type": "Polygon", "coordinates": [ [ [ 424817.354229784454219, 4389108.489388142712414 ], [ 424817.354229784454219, 4389107.489388142712414 ], [ 424818.354229784454219, 4389107.489388142712414 ], [ 424818.354229784454219, 4389108.489388142712414 ], [ 424817.354229784454219, 4389108.489388142712414 ] ] ] } },
{ "type": "Feature", "properties": { "level": 0.25 }, "geometry": { "type": "Polygon", "coordinates": [ [ [ 424816.354229784454219, 4389107.489388142712414 ], [ 424816.354229784454219, 4389105.489388142712414 ], [ 424817.354229784454219, 4389105.489388142712414 ], [ 424817.354229784454219, 4389107.489388142712414 ], [ 424816.354229784454219, 4389107.489388142712414 ] ] ] } },
{ "type": "Feature", "properties": { "level": 0.25 }, "geometry": { "type": "Polygon", "coordinates": [ [ [ 424818.354229784454219, 4389107.489388142712414 ], [ 424818.354229784454219, 4389105.489388142712414 ], [ 424819.354229784454219, 4389105.489388142712414 ], [ 424819.354229784454219, 4389104.489388142712414 ], [ 424820.354229784454219, 4389104.489388142712414 ], [ 424820.354229784454219, 4389103.489388142712414 ], [ 424821.354229784454219, 4389103.489388142712414 ], [ 424821.354229784454219, 4389105.489388142712414 ], [ 424820.354229784454219, 4389105.489388142712414 ], [ 424820.354229784454219, 4389106.489388142712414 ], [ 424819.354229784454219, 4389106.489388142712414 ], [ 424819.354229784454219, 4389107.489388142712414 ], [ 424818.354229784454219, 4389107.489388142712414 ] ] ] } },
{ "type": "Feature", "properties": { "level": 0.25 }, "geometry": { "type": "Polygon", "coordinates": [ [ [ 424816.354229784454219, 4389104.489388142712414 ], [ 424816.354229784454219, 4389103.489388142712414 ], [ 424817.354229784454219, 4389103.489388142712414 ], [ 424817.354229784454219, 4389104.489388142712414 ], [ 424816.354229784454219, 4389104.489388142712414 ] ] ] } },
{ "type": "Feature", "properties": { "level": 0.25 }, "geometry": { "type": "Polygon", "coordinates": [ [ [ 424819.354229784454219, 4389102.489388142712414 ], [ 424819.354229784454219, 4389101.489388142712414 ], [ 424820.354229784454219, 4389101.489388142712414 ], [ 424820.354229784454219, 4389102.489388142712414 ], [ 424819.354229784454219, 4389102.489388142712414 ] ] ] } },
{ "type": "Feature", "properties": { "level": 0.25 }, "geometry": { "type": "Polygon", "coordinates": [ [ [ 424818.354229784454219, 4389101.489388142712414 ], [ 424818.354229784454219, 4389100.489388142712414 ], [ 424819.354229784454219, 4389100.489388142712414 ], [ 424819.354229784454219, 4389101.489388142712414 ], [ 424818.354229784454219, 4389101.489388142712414 ] ] ] } },
{ "type": "Feature", "properties": { "level": 0.25 }, "geometry": { "type": "Polygon", "coordinates": [ [ [ 424822.354229784454219, 4389102.489388142712414 ], [ 424822.354229784454219, 4389100.489388142712414 ], [ 424823.354229784454219, 4389100.489388142712414 ], [ 424823.354229784454219, 4389099.489388142712414 ], [ 424824.354229784454219, 4389099.489388142712414 ], [ 424824.354229784454219, 4389101.489388142712414 ], [ 424823.354229784454219, 4389101.489388142712414 ], [ 424823.354229784454219, 4389102.489388142712414 ], [ 424822.354229784454219, 4389102.489388142712414 ] ] ] } },
{ "type": "Feature", "properties": { "level": 0.25 }, "geometry": { "type": "Polygon", "coordinates": [ [ [ 424821.354229784454219, 4389099.489388142712414 ], [ 424821.354229784454219, 4389098.489388142712414 ], [ 424822.354229784454219, 4389098.489388142712414 ], [ 424822.354229784454219, 4389099.489388142712414 ], [ 424821.354229784454219, 4389099.489388142712414 ] ] ] } },
{ "type": "Feature", "properties": { "level": 0.25 }, "geometry": { "type": "Polygon", "coordinates": [ [ [ 424820.354229784454219, 4389098.489388142712414 ], [ 424820.354229784454219, 4389097.489388142712414 ], [ 424821.354229784454219, 4389097.489388142712414 ], [ 424821.354229784454219, 4389098.489388142712414 ], [ 424820.354229784454219, 4389098.489388142712414 ] ] ] } },
{ "type": "Feature", "properties": { "level": 0.25 }, "geometry": { "type": "Polygon", "coordinates": [ [ [ 424824.354229784454219, 4389098.489388142712414 ], [ 424824.354229784454219, 4389097.489388142712414 ], [ 424825.354229784454219, 4389097.489388142712414 ], [ 424825.354229784454219, 4389096.489388142712414 ], [ 424826.354229784454219, 4389096.489388142712414 ], [ 424826.354229784454219, 4389098.489388142712414 ], [ 424824.354229784454219, 4389098.489388142712414 ] ] ] } },
{ "type": "Feature", "properties": { "level": 0.25 }, "geometry": { "type": "Polygon", "coordinates": [ [ [ 424821.354229784454219, 4389096.489388142712414 ], [ 424821.354229784454219, 4389095.489388142712414 ], [ 424822.354229784454219, 4389095.489388142712414 ], [ 424822.354229784454219, 4389096.489388142712414 ], [ 424821.354229784454219, 4389096.489388142712414 ] ] ] } },
{ "type": "Feature", "properties": { "level": 0.25 }, "geometry": { "type": "Polygon", "coordinates": [ [ [ 424826.354229784454219, 4389095.489388142712414 ], [ 424826.354229784454219, 4389094.489388142712414 ], [ 424828.354229784454219, 4389094.489388142712414 ], [ 424828.354229784454219, 4389095.489388142712414 ], [ 424826.354229784454219, 4389095.489388142712414 ] ] ] } },
{ "type": "Feature", "properties": { "level": 0.25 }, "geometry": { "type": "Polygon", "coordinates": [ [ [ 424822.354229784454219, 4389094.489388142712414 ], [ 424822.354229784454219, 4389093.489388142712414 ], [ 424823.354229784454219, 4389093.489388142712414 ], [ 424823.354229784454219, 4389094.489388142712414 ], [ 424822.354229784454219, 4389094.489388142712414 ] ] ] } },
{ "type": "Feature", "properties": { "level": 0.25 }, "geometry": { "type": "Polygon", "coordinates": [ [ [ 424827.354229784454219, 4389093.489388142712414 ], [ 424827.354229784454219, 4389092.489388142712414 ], [ 424829.354229784454219, 4389092.489388142712414 ], [ 424829.354229784454219, 4389093.489388142712414 ], [ 424827.354229784454219, 4389093.489388142712414 ] ] ] } },
{ "type": "Feature", "properties": { "level": 0.25 }, "geometry": { "type": "Polygon", "coordinates": [ [ [ 424823.354229784454219, 4389092.489388142712414 ], [ 424823.354229784454219, 4389091.489388142712414 ], [ 424824.354229784454219, 4389091.489388142712414 ], [ 424824.354229784454219, 4389092.489388142712414 ], [ 424823.354229784454219, 4389092.489388142712414 ] ] ] } },
{ "type": "Feature", "properties": { "level": 0.25 }, "geometry": { "type": "Polygon", "coordinates": [ [ [ 424828.354229784454219, 4389091.489388142712414 ], [ 424828.354229784454219, 4389090.489388142712414 ], [ 424830.354229784454219, 4389090.489388142712414 ], [ 424830.354229784454219, 4389091.489388142712414 ], [ 424828.354229784454219, 4389091.489388142712414 ] ] ] } },
{ "type": "Feature", "properties": { "level": 0.25 }, "geometry": { "type": "Polygon", "coordinates": [ [ [ 424824.354229784454219, 4389090.489388142712414 ], [ 424824.354229784454219, 4389089.489388142712414 ], [ 424825.354229784454219, 4389089.489388142712414 ], [ 424825.354229784454219, 4389090.489388142712414 ], [ 424824.354229784454219, 4389090.489388142712414 ] ] ] } },
{ "type": "Feature", "properties": { "level": 0.25 }, "geometry": { "type": "Polygon", "coordinates": [ [ [ 424829.354229784454219, 4389089.489388142712414 ], [ 424829.354229784454219, 4389088.489388142712414 ], [ 424830.354229784454219, 4389088.489388142712414 ], [ 424830.354229784454219, 4389089.489388142712414 ], [ 424829.354229784454219, 4389089.489388142712414 ] ] ] } },
{ "type": "Feature", "properties": { "level": 0.25 }, "geometry": { "type": "Polygon", "coordinates": [ [ [ 424818.354229784454219, 4389096.489388142712414 ], [ 424818.354229784454219, 4389093.489388142712414 ], [ 424819.354229784454219, 4389093.489388142712414 ], [ 424819.354229784454219, 4389091.489388142712414 ], [ 424820.354229784454219, 4389091.489388142712414 ], [ 424820.354229784454219, 4389089.489388142712414 ], [ 424821.354229784454219, 4389089.489388142712414 ], [ 424821.354229784454219, 4389087.489388142712414 ], [ 424822.354229784454219, 4389087.489388142712414 ], [ 424822.354229784454219, 4389090.489388142712414 ], [ 424821.354229784454219, 4389090.489388142712414 ], [ 424821.354229784454219, 4389092.489388142712414 ], [ 424820.354229784454219, 4389092.489388142712414 ], [ 424820.354229784454219, 4389094.489388142712414 ], [ 424819.354229784454219, 4389094.489388142712414 ], [ 424819.354229784454219, 4389096.489388142712414 ], [ 424818.354229784454219, 4389096.489388142712414 ] ] ] } },
{ "type": "Feature", "properties": { "level": 0.25 }, "geometry": { "type": "Polygon", "coordinates": [ [ [ 424825.354229784454219, 4389088.489388142712414 ], [ 424825.354229784454219, 4389087.489388142712414 ], [ 424826.354229784454219, 4389087.489388142712414 ], [ 424826.354229784454219, 4389088.489388142712414 ], [ 424825.354229784454219, 4389088.489388142712414 ] ] ] } },
{ "type": "Feature", "properties": { "level": 0.25 }, "geometry": { "type": "Polygon", "coordinates": [ [ [ 424822.354229784454219, 4389087.489388142712414 ], [ 424822.354229784454219, 4389085.489388142712414 ], [ 424823.354229784454219, 4389085.489388142712414 ], [ 424823.354229784454219, 4389087.489388142712414 ], [ 424822.354229784454219, 4389087.489388142712414 ] ] ] } },
{ "type": "Feature", "properties": { "level": 0.25 }, "geometry": { "type": "Polygon", "coordinates": [ [ [ 424830.354229784454219, 4389086.489388142712414 ], [ 424830.354229784454219, 4389085.489388142712414 ], [ 424831.354229784454219, 4389085.489388142712414 ], [ 424831.354229784454219, 4389086.489388142712414 ], [ 424830.354229784454219, 4389086.489388142712414 ] ] ] } },
{ "type": "Feature", "properties": { "level": 0.25 }, "geometry": { "type": "Polygon", "coordinates": [ [ [ 424826.354229784454219, 4389085.489388142712414 ], [ 424826.354229784454219, 4389084.489388142712414 ], [ 424827.354229784454219, 4389084.489388142712414 ], [ 424827.354229784454219, 4389085.489388142712414 ], [ 424826.354229784454219, 4389085.489388142712414 ] ] ] } },
{ "type": "Feature", "properties": { "level": 0.25 }, "geometry": { "type": "Polygon", "coordinates": [ [ [ 424825.354229784454219, 4389084.489388142712414 ], [ 424825.354229784454219, 4389083.489388142712414 ], [ 424826.354229784454219, 4389083.489388142712414 ], [ 424826.354229784454219, 4389084.489388142712414 ], [ 424825.354229784454219, 4389084.489388142712414 ] ] ] } },
{ "type": "Feature", "properties": { "level": 0.25 }, "geometry": { "type": "Polygon", "coordinates": [ [ [ 424831.354229784454219, 4389082.489388142712414 ], [ 424831.354229784454219, 4389081.489388142712414 ], [ 424833.354229784454219, 4389081.489388142712414 ], [ 424833.354229784454219, 4389082.489388142712414 ], [ 424831.354229784454219, 4389082.489388142712414 ] ] ] } },
{ "type": "Feature", "properties": { "level": 0.25 }, "geometry": { "type": "Polygon", "coordinates": [ [ [ 424719.354229784454219, 4388958.489388142712414 ], [ 424719.354229784454219, 4388957.489388142712414 ], [ 424720.354229784454219, 4388957.489388142712414 ], [ 424720.354229784454219, 4388958.489388142712414 ], [ 424719.354229784454219, 4388958.489388142712414 ] ] ] } },
{ "type": "Feature", "properties": { "level": 0.25 }, "geometry": { "type": "Polygon", "coordinates": [ [ [ 424728.354229784454219, 4388950.489388142712414 ], [ 424728.354229784454219, 4388949.489388142712414 ], [ 424729.354229784454219, 4388949.489388142712414 ], [ 424729.354229784454219, 4388950.489388142712414 ], [ 424728.354229784454219, 4388950.489388142712414 ] ] ] } },
{ "type": "Feature", "properties": { "level": 0.25 }, "geometry": { "type": "Polygon", "coordinates": [ [ [ 424729.354229784454219, 4388949.489388142712414 ], [ 424729.354229784454219, 4388948.489388142712414 ], [ 424730.354229784454219, 4388948.489388142712414 ], [ 424730.354229784454219, 4388949.489388142712414 ], [ 424729.354229784454219, 4388949.489388142712414 ] ] ] } },
{ "type": "Feature", "properties": { "level": 0.25 }, "geometry": { "type": "Polygon", "coordinates": [ [ [ 424730.354229784454219, 4388948.489388142712414 ], [ 424730.354229784454219, 4388947.489388142712414 ], [ 424731.354229784454219, 4388947.489388142712414 ], [ 424731.354229784454219, 4388948.489388142712414 ], [ 424730.354229784454219, 4388948.489388142712414 ] ] ] } },
{ "type": "Feature", "properties": { "level": 0.25 }, "geometry": { "type": "Polygon", "coordinates": [ [ [ 424731.354229784454219, 4388947.489388142712414 ], [ 424731.354229784454219, 4388946.489388142712414 ], [ 424732.354229784454219, 4388946.489388142712414 ], [ 424732.354229784454219, 4388945.489388142712414 ], [ 424733.354229784454219, 4388945.489388142712414 ], [ 424733.354229784454219, 4388944.489388142712414 ], [ 424734.354229784454219, 4388944.489388142712414 ], [ 424734.354229784454219, 4388943.489388142712414 ], [ 424735.354229784454219, 4388943.489388142712414 ], [ 424735.354229784454219, 4388942.489388142712414 ], [ 424736.354229784454219, 4388942.489388142712414 ], [ 424736.354229784454219, 4388941.489388142712414 ], [ 424737.354229784454219, 4388941.489388142712414 ], [ 424737.354229784454219, 4388940.489388142712414 ], [ 424739.354229784454219, 4388940.489388142712414 ], [ 424739.354229784454219, 4388941.489388142712414 ], [ 424738.354229784454219, 4388941.489388142712414 ], [ 424738.354229784454219, 4388942.489388142712414 ], [ 424737.354229784454219, 4388942.489388142712414 ], [ 424737.354229784454219, 4388943.489388142712414 ], [ 424736.354229784454219, 4388943.489388142712414 ], [ 424736.354229784454219, 4388944.489388142712414 ], [ 424735.354229784454219, 4388944.489388142712414 ], [ 424735.354229784454219, 4388945.489388142712414 ], [ 424734.354229784454219, 4388945.489388142712414 ], [ 424734.354229784454219, 4388946.489388142712414 ], [ 424733.354229784454219, 4388946.489388142712414 ], [ 424733.354229784454219, 4388947.489388142712414 ], [ 424731.354229784454219, 4388947.489388142712414 ] ] ] } },
{ "type": "Feature", "properties": { "level": 0.25 }, "geometry": { "type": "Polygon", "coordinates": [ [ [ 424739.354229784454219, 4388940.489388142712414 ], [ 424739.354229784454219, 4388939.489388142712414 ], [ 424740.354229784454219, 4388939.489388142712414 ], [ 424740.354229784454219, 4388940.489388142712414 ], [ 424739.354229784454219, 4388940.489388142712414 ] ] ] } },
{ "type": "Feature", "properties": { "level": 0.25 }, "geometry": { "type": "Polygon", "coordinates": [ [ [ 424740.354229784454219, 4388939.489388142712414 ], [ 424740.354229784454219, 4388938.489388142712414 ], [ 424741.354229784454219, 4388938.489388142712414 ], [ 424741.354229784454219, 4388937.489388142712414 ], [ 424742.354229784454219, 4388937.489388142712414 ], [ 424742.354229784454219, 4388936.489388142712414 ], [ 424743.354229784454219, 4388936.489388142712414 ], [ 424743.354229784454219, 4388935.489388142712414 ], [ 424744.354229784454219, 4388935.489388142712414 ], [ 424744.354229784454219, 4388934.489388142712414 ], [ 424745.354229784454219, 4388934.489388142712414 ], [ 424745.354229784454219, 4388933.489388142712414 ], [ 424747.354229784454219, 4388933.489388142712414 ], [ 424747.354229784454219, 4388934.489388142712414 ], [ 424746.354229784454219, 4388934.489388142712414 ], [ 424746.354229784454219, 4388935.489388142712414 ], [ 424745.354229784454219, 4388935.489388142712414 ], [ 424745.354229784454219, 4388936.489388142712414 ], [ 424744.354229784454219, 4388936.489388142712414 ], [ 424744.354229784454219, 4388937.489388142712414 ], [ 424743.354229784454219, 4388937.489388142712414 ], [ 424743.354229784454219, 4388938.489388142712414 ], [ 424742.354229784454219, 4388938.489388142712414 ], [ 424742.354229784454219, 4388939.489388142712414 ], [ 424740.354229784454219, 4388939.489388142712414 ] ] ] } },
{ "type": "Feature", "properties": { "level": 0.25 }, "geometry": { "type": "Polygon", "coordinates": [ [ [ 424747.354229784454219, 4388933.489388142712414 ], [ 424747.354229784454219, 4388932.489388142712414 ], [ 424748.354229784454219, 4388932.489388142712414 ], [ 424748.354229784454219, 4388933.489388142712414 ], [ 424747.354229784454219, 4388933.489388142712414 ] ] ] } },
{ "type": "Feature", "properties": { "level": 0.25 }, "geometry": { "type": "Polygon", "coordinates": [ [ [ 424748.354229784454219, 4388932.489388142712414 ], [ 424748.354229784454219, 4388931.489388142712414 ], [ 424749.354229784454219, 4388931.489388142712414 ], [ 424749.354229784454219, 4388930.489388142712414 ], [ 424750.354229784454219, 4388930.489388142712414 ], [ 424750.354229784454219, 4388929.489388142712414 ], [ 424751.354229784454219, 4388929.489388142712414 ], [ 424751.354229784454219, 4388928.489388142712414 ], [ 424752.354229784454219, 4388928.489388142712414 ], [ 424752.354229784454219, 4388927.489388142712414 ], [ 424754.354229784454219, 4388927.489388142712414 ], [ 424754.354229784454219, 4388928.489388142712414 ], [ 424753.354229784454219, 4388928.489388142712414 ], [ 424753.354229784454219, 4388929.489388142712414 ], [ 424752.354229784454219, 4388929.489388142712414 ], [ 424752.354229784454219, 4388930.489388142712414 ], [ 424751.354229784454219, 4388930.489388142712414 ], [ 424751.354229784454219, 4388931.489388142712414 ], [ 424750.354229784454219, 4388931.489388142712414 ], [ 424750.354229784454219, 4388932.489388142712414 ], [ 424748.354229784454219, 4388932.489388142712414 ] ] ] } },
{ "type": "Feature", "properties": { "level": 0.25 }, "geometry": { "type": "Polygon", "coordinates": [ [ [ 424754.354229784454219, 4388927.489388142712414 ], [ 424754.354229784454219, 4388926.489388142712414 ], [ 424755.354229784454219, 4388926.489388142712414 ], [ 424755.354229784454219, 4388925.489388142712414 ], [ 424756.354229784454219, 4388925.489388142712414 ], [ 424756.354229784454219, 4388924.489388142712414 ], [ 424757.354229784454219, 4388924.489388142712414 ], [ 424757.354229784454219, 4388923.489388142712414 ], [ 424758.354229784454219, 4388923.489388142712414 ], [ 424758.354229784454219, 4388922.489388142712414 ], [ 424759.354229784454219, 4388922.489388142712414 ], [ 424759.354229784454219, 4388921.489388142712414 ], [ 424761.354229784454219, 4388921.489388142712414 ], [ 424761.354229784454219, 4388922.489388142712414 ], [ 424760.354229784454219, 4388922.489388142712414 ], [ 424760.354229784454219, 4388923.489388142712414 ], [ 424759.354229784454219, 4388923.489388142712414 ], [ 424759.354229784454219, 4388924.489388142712414 ], [ 424758.354229784454219, 4388924.489388142712414 ], [ 424758.354229784454219, 4388925.489388142712414 ], [ 424757.354229784454219, 4388925.489388142712414 ], [ 424757.354229784454219, 4388926.489388142712414 ], [ 424756.354229784454219, 4388926.489388142712414 ], [ 424756.354229784454219, 4388927.489388142712414 ], [ 424754.354229784454219, 4388927.489388142712414 ] ] ] } },
{ "type": "Feature", "properties": { "level": 0.25 }, "geometry": { "type": "Polygon", "coordinates": [ [ [ 424761.354229784454219, 4388921.489388142712414 ], [ 424761.354229784454219, 4388920.489388142712414 ], [ 424762.354229784454219, 4388920.489388142712414 ], [ 424762.354229784454219, 4388921.489388142712414 ], [ 424761.354229784454219, 4388921.489388142712414 ] ] ] } },
{ "type": "Feature", "properties": { "level": 0.25 }, "geometry": { "type": "Polygon", "coordinates": [ [ [ 424762.354229784454219, 4388920.489388142712414 ], [ 424762.354229784454219, 4388919.489388142712414 ], [ 424763.354229784454219, 4388919.489388142712414 ], [ 424763.354229784454219, 4388920.489388142712414 ], [ 424762.354229784454219, 4388920.489388142712414 ] ] ] } },
{ "type": "Feature", "properties": { "level": 0.25 }, "geometry": { "type": "Polygon", "coordinates": [ [ [ 424763.354229784454219, 4388919.489388142712414 ], [ 424763.354229784454219, 4388918.489388142712414 ], [ 424764.354229784454219, 4388918.489388142712414 ], [ 424764.354229784454219, 4388919.489388142712414 ], [ 424763.354229784454219, 4388919.489388142712414 ] ] ] } },
{ "type": "Feature", "properties": { "level": 0.25 }, "geometry": { "type": "Polygon", "coordinates": [ [ [ 424764.354229784454219, 4388918.489388142712414 ], [ 424764.354229784454219, 4388917.489388142712414 ], [ 424765.354229784454219, 4388917.489388142712414 ], [ 424765.354229784454219, 4388918.489388142712414 ], [ 424764.354229784454219, 4388918.489388142712414 ] ] ] } },
{ "type": "Feature", "properties": { "level": 0.25 }, "geometry": { "type": "Polygon", "coordinates": [ [ [ 424765.354229784454219, 4388917.489388142712414 ], [ 424765.354229784454219, 4388916.489388142712414 ], [ 424766.354229784454219, 4388916.489388142712414 ], [ 424766.354229784454219, 4388917.489388142712414 ], [ 424765.354229784454219, 4388917.489388142712414 ] ] ] } },
{ "type": "Feature", "properties": { "level": 0.25 }, "geometry": { "type": "Polygon", "coordinates": [ [ [ 424766.354229784454219, 4388916.489388142712414 ], [ 424766.354229784454219, 4388914.489388142712414 ], [ 424767.354229784454219, 4388914.489388142712414 ], [ 424767.354229784454219, 4388913.489388142712414 ], [ 424768.354229784454219, 4388913.489388142712414 ], [ 424768.354229784454219, 4388912.489388142712414 ], [ 424769.354229784454219, 4388912.489388142712414 ], [ 424769.354229784454219, 4388911.489388142712414 ], [ 424770.354229784454219, 4388911.489388142712414 ], [ 424770.354229784454219, 4388910.489388142712414 ], [ 424771.354229784454219, 4388910.489388142712414 ], [ 424771.354229784454219, 4388909.489388142712414 ], [ 424772.354229784454219, 4388909.489388142712414 ], [ 424772.354229784454219, 4388911.489388142712414 ], [ 424771.354229784454219, 4388911.489388142712414 ], [ 424771.354229784454219, 4388912.489388142712414 ], [ 424770.354229784454219, 4388912.489388142712414 ], [ 424770.354229784454219, 4388913.489388142712414 ], [ 424769.354229784454219, 4388913.489388142712414 ], [ 424769.354229784454219, 4388914.489388142712414 ], [ 424768.354229784454219, 4388914.489388142712414 ], [ 424768.354229784454219, 4388915.489388142712414 ], [ 424767.354229784454219, 4388915.489388142712414 ], [ 424767.354229784454219, 4388916.489388142712414 ], [ 424766.354229784454219, 4388916.489388142712414 ] ] ] } },
{ "type": "Feature", "properties": { "level": 0.25 }, "geometry": { "type": "Polygon", "coordinates": [ [ [ 424772.354229784454219, 4388909.489388142712414 ], [ 424772.354229784454219, 4388908.489388142712414 ], [ 424773.354229784454219, 4388908.489388142712414 ], [ 424773.354229784454219, 4388909.489388142712414 ], [ 424772.354229784454219, 4388909.489388142712414 ] ] ] } },
{ "type": "Feature", "properties": { "level": 0.25 }, "geometry": { "type": "Polygon", "coordinates": [ [ [ 424773.354229784454219, 4388908.489388142712414 ], [ 424773.354229784454219, 4388906.489388142712414 ], [ 424774.354229784454219, 4388906.489388142712414 ], [ 424774.354229784454219, 4388905.489388142712414 ], [ 424775.354229784454219, 4388905.489388142712414 ], [ 424775.354229784454219, 4388904.489388142712414 ], [ 424776.354229784454219, 4388904.489388142712414 ], [ 424776.354229784454219, 4388903.489388142712414 ], [ 424777.354229784454219, 4388903.489388142712414 ], [ 424777.354229784454219, 4388902.489388142712414 ], [ 424778.354229784454219, 4388902.489388142712414 ], [ 424778.354229784454219, 4388904.489388142712414 ], [ 424777.354229784454219, 4388904.489388142712414 ], [ 424777.354229784454219, 4388905.489388142712414 ], [ 424776.354229784454219, 4388905.489388142712414 ], [ 424776.354229784454219, 4388906.489388142712414 ], [ 424775.354229784454219, 4388906.489388142712414 ], [ 424775.354229784454219, 4388907.489388142712414 ], [ 424774.354229784454219, 4388907.489388142712414 ], [ 424774.354229784454219, 4388908.489388142712414 ], [ 424773.354229784454219, 4388908.489388142712414 ] ] ] } },
{ "type": "Feature", "properties": { "level": 0.25 }, "geometry": { "type": "Polygon", "coordinates": [ [ [ 424778.354229784454219, 4388902.489388142712414 ], [ 424778.354229784454219, 4388901.489388142712414 ], [ 424779.354229784454219, 4388901.489388142712414 ], [ 424779.354229784454219, 4388902.489388142712414 ], [ 424778.354229784454219, 4388902.489388142712414 ] ] ] } },
{ "type": "Feature", "properties": { "level": 0.25 }, "geometry": { "type": "Polygon", "coordinates": [ [ [ 424779.354229784454219, 4388901.489388142712414 ], [ 424779.354229784454219, 4388899.489388142712414 ], [ 424780.354229784454219, 4388899.489388142712414 ], [ 424780.354229784454219, 4388898.489388142712414 ], [ 424781.354229784454219, 4388898.489388142712414 ], [ 424781.354229784454219, 4388897.489388142712414 ], [ 424782.354229784454219, 4388897.489388142712414 ], [ 424782.354229784454219, 4388896.489388142712414 ], [ 424783.354229784454219, 4388896.489388142712414 ], [ 424783.354229784454219, 4388895.489388142712414 ], [ 424784.354229784454219, 4388895.489388142712414 ], [ 424784.354229784454219, 4388894.489388142712414 ], [ 424785.354229784454219, 4388894.489388142712414 ], [ 424785.354229784454219, 4388893.489388142712414 ], [ 424786.354229784454219, 4388893.489388142712414 ], [ 424786.354229784454219, 4388895.489388142712414 ], [ 424785.354229784454219, 4388895.489388142712414 ], [ 424785.354229784454219, 4388896.489388142712414 ], [ 424784.354229784454219, 4388896.489388142712414 ], [ 424784.354229784454219, 4388897.489388142712414 ], [ 424783.354229784454219, 4388897.489388142712414 ], [ 424783.354229784454219, 4388898.489388142712414 ], [ 424782.354229784454219, 4388898.489388142712414 ], [ 424782.354229784454219, 4388899.489388142712414 ], [ 424781.354229784454219, 4388899.489388142712414 ], [ 424781.354229784454219, 4388900.489388142712414 ], [ 424780.354229784454219, 4388900.489388142712414 ], [ 424780.354229784454219, 4388901.489388142712414 ], [ 424779.354229784454219, 4388901.489388142712414 ] ] ] } },
{ "type": "Feature", "properties": { "level": 0.25 }, "geometry": { "type": "Polygon", "coordinates": [ [ [ 424974.354229784454219, 4388402.489388142712414 ], [ 424974.354229784454219, 4388401.489388142712414 ], [ 424975.354229784454219, 4388401.489388142712414 ], [ 424975.354229784454219, 4388402.489388142712414 ], [ 424974.354229784454219, 4388402.489388142712414 ] ] ] } },
{ "type": "Feature", "properties": { "level": 0.25 }, "geometry": { "type": "Polygon", "coordinates": [ [ [ 424975.354229784454219, 4388399.489388142712414 ], [ 424975.354229784454219, 4388398.489388142712414 ], [ 424976.354229784454219, 4388398.489388142712414 ], [ 424976.354229784454219, 4388399.489388142712414 ], [ 424975.354229784454219, 4388399.489388142712414 ] ] ] } },
{ "type": "Feature", "properties": { "level": 0.25 }, "geometry": { "type": "Polygon", "coordinates": [ [ [ 424967.354229784454219, 4388396.489388142712414 ], [ 424967.354229784454219, 4388393.489388142712414 ], [ 424968.354229784454219, 4388393.489388142712414 ], [ 424968.354229784454219, 4388394.489388142712414 ], [ 424969.354229784454219, 4388394.489388142712414 ], [ 424969.354229784454219, 4388396.489388142712414 ], [ 424967.354229784454219, 4388396.489388142712414 ] ] ] } },
{ "type": "Feature", "properties": { "level": 0.25 }, "geometry": { "type": "Polygon", "coordinates": [ [ [ 424977.354229784454219, 4388394.489388142712414 ], [ 424977.354229784454219, 4388393.489388142712414 ], [ 424978.354229784454219, 4388393.489388142712414 ], [ 424978.354229784454219, 4388394.489388142712414 ], [ 424977.354229784454219, 4388394.489388142712414 ] ] ] } },
{ "type": "Feature", "properties": { "level": 0.25 }, "geometry": { "type": "Polygon", "coordinates": [ [ [ 424968.354229784454219, 4388393.489388142712414 ], [ 424968.354229784454219, 4388391.489388142712414 ], [ 424970.354229784454219, 4388391.489388142712414 ], [ 424970.354229784454219, 4388393.489388142712414 ], [ 424968.354229784454219, 4388393.489388142712414 ] ] ] } },
{ "type": "Feature", "properties": { "level": 0.25 }, "geometry": { "type": "Polygon", "coordinates": [ [ [ 424986.354229784454219, 4388393.489388142712414 ], [ 424986.354229784454219, 4388390.489388142712414 ], [ 424987.354229784454219, 4388390.489388142712414 ], [ 424987.354229784454219, 4388393.489388142712414 ], [ 424986.354229784454219, 4388393.489388142712414 ] ] ] } },
{ "type": "Feature", "properties": { "level": 0.25 }, "geometry": { "type": "Polygon", "coordinates": [ [ [ 424969.354229784454219, 4388390.489388142712414 ], [ 424969.354229784454219, 4388387.489388142712414 ], [ 424971.354229784454219, 4388387.489388142712414 ], [ 424971.354229784454219, 4388390.489388142712414 ], [ 424969.354229784454219, 4388390.489388142712414 ] ] ] } },
{ "type": "Feature", "properties": { "level": 0.25 }, "geometry": { "type": "Polygon", "coordinates": [ [ [ 424978.354229784454219, 4388391.489388142712414 ], [ 424978.354229784454219, 4388386.489388142712414 ], [ 424979.354229784454219, 4388386.489388142712414 ], [ 424979.354229784454219, 4388391.489388142712414 ], [ 424978.354229784454219, 4388391.489388142712414 ] ] ] } },
{ "type": "Feature", "properties": { "level": 0.25 }, "geometry": { "type": "Polygon", "coordinates": [ [ [ 424971.354229784454219, 4388387.489388142712414 ], [ 424971.354229784454219, 4388386.489388142712414 ], [ 424970.354229784454219, 4388386.489388142712414 ], [ 424970.354229784454219, 4388382.489388142712414 ], [ 424971.354229784454219, 4388382.489388142712414 ], [ 424971.354229784454219, 4388383.489388142712414 ], [ 424972.354229784454219, 4388383.489388142712414 ], [ 424972.354229784454219, 4388387.489388142712414 ], [ 424971.354229784454219, 4388387.489388142712414 ] ] ] } },
{ "type": "Feature", "properties": { "level": 0.25 }, "geometry": { "type": "Polygon", "coordinates": [ [ [ 424834.354229784454219, 4388353.489388142712414 ], [ 424834.354229784454219, 4388352.489388142712414 ], [ 424835.354229784454219, 4388352.489388142712414 ], [ 424835.354229784454219, 4388353.489388142712414 ], [ 424834.354229784454219, 4388353.489388142712414 ] ] ] } },
{ "type": "Feature", "properties": { "level": 0.25 }, "geometry": { "type": "Polygon", "coordinates": [ [ [ 424832.354229784454219, 4388350.489388142712414 ], [ 424832.354229784454219, 4388349.489388142712414 ], [ 424833.354229784454219, 4388349.489388142712414 ], [ 424833.354229784454219, 4388350.489388142712414 ], [ 424832.354229784454219, 4388350.489388142712414 ] ] ] } },
{ "type": "Feature", "properties": { "level": 0.25 }, "geometry": { "type": "Polygon", "coordinates": [ [ [ 424904.354229784454219, 4389318.489388142712414 ], [ 424904.354229784454219, 4389317.489388142712414 ], [ 424902.354229784454219, 4389317.489388142712414 ], [ 424902.354229784454219, 4389316.489388142712414 ], [ 424901.354229784454219, 4389316.489388142712414 ], [ 424901.354229784454219, 4389315.489388142712414 ], [ 424898.354229784454219, 4389315.489388142712414 ], [ 424898.354229784454219, 4389314.489388142712414 ], [ 424894.354229784454219, 4389314.489388142712414 ], [ 424894.354229784454219, 4389313.489388142712414 ], [ 424892.354229784454219, 4389313.489388142712414 ], [ 424892.354229784454219, 4389312.489388142712414 ], [ 424891.354229784454219, 4389312.489388142712414 ], [ 424891.354229784454219, 4389311.489388142712414 ], [ 424890.354229784454219, 4389311.489388142712414 ], [ 424890.354229784454219, 4389310.489388142712414 ], [ 424889.354229784454219, 4389310.489388142712414 ], [ 424889.354229784454219, 4389309.489388142712414 ], [ 424888.354229784454219, 4389309.489388142712414 ], [ 424888.354229784454219, 4389306.489388142712414 ], [ 424887.354229784454219, 4389306.489388142712414 ], [ 424887.354229784454219, 4389304.489388142712414 ], [ 424886.354229784454219, 4389304.489388142712414 ], [ 424886.354229784454219, 4389302.489388142712414 ], [ 424885.354229784454219, 4389302.489388142712414 ], [ 424885.354229784454219, 4389301.489388142712414 ], [ 424884.354229784454219, 4389301.489388142712414 ], [ 424884.354229784454219, 4389300.489388142712414 ], [ 424882.354229784454219, 4389300.489388142712414 ], [ 424882.354229784454219, 4389299.489388142712414 ], [ 424881.354229784454219, 4389299.489388142712414 ], [ 424881.354229784454219, 4389298.489388142712414 ], [ 424879.354229784454219, 4389298.489388142712414 ], [ 424879.354229784454219, 4389297.489388142712414 ], [ 424877.354229784454219, 4389297.489388142712414 ], [ 424877.354229784454219, 4389296.489388142712414 ], [ 424876.354229784454219, 4389296.489388142712414 ], [ 424876.354229784454219, 4389295.489388142712414 ], [ 424874.354229784454219, 4389295.489388142712414 ], [ 424874.354229784454219, 4389294.489388142712414 ], [ 424872.354229784454219, 4389294.489388142712414 ], [ 424872.354229784454219, 4389293.489388142712414 ], [ 424870.354229784454219, 4389293.489388142712414 ], [ 424870.354229784454219, 4389292.489388142712414 ], [ 424867.354229784454219, 4389292.489388142712414 ], [ 424867.354229784454219, 4389291.489388142712414 ], [ 424865.354229784454219, 4389291.489388142712414 ], [ 424865.354229784454219, 4389290.489388142712414 ], [ 424864.354229784454219, 4389290.489388142712414 ], [ 424864.354229784454219, 4389289.489388142712414 ], [ 424862.354229784454219, 4389289.489388142712414 ], [ 424862.354229784454219, 4389288.489388142712414 ], [ 424861.354229784454219, 4389288.489388142712414 ], [ 424861.354229784454219, 4389287.489388142712414 ], [ 424860.354229784454219, 4389287.489388142712414 ], [ 424860.354229784454219, 4389286.489388142712414 ], [ 424859.354229784454219, 4389286.489388142712414 ], [ 424859.354229784454219, 4389285.489388142712414 ], [ 424858.354229784454219, 4389285.489388142712414 ], [ 424858.354229784454219, 4389284.489388142712414 ], [ 424857.354229784454219, 4389284.489388142712414 ], [ 424857.354229784454219, 4389283.489388142712414 ], [ 424855.354229784454219, 4389283.489388142712414 ], [ 424855.354229784454219, 4389282.489388142712414 ], [ 424853.354229784454219, 4389282.489388142712414 ], [ 424853.354229784454219, 4389281.489388142712414 ], [ 424851.354229784454219, 4389281.489388142712414 ], [ 424851.354229784454219, 4389280.489388142712414 ], [ 424849.354229784454219, 4389280.489388142712414 ], [ 424849.354229784454219, 4389279.489388142712414 ], [ 424848.354229784454219, 4389279.489388142712414 ], [ 424848.354229784454219, 4389278.489388142712414 ], [ 424846.354229784454219, 4389278.489388142712414 ], [ 424846.354229784454219, 4389277.489388142712414 ], [ 424844.354229784454219, 4389277.489388142712414 ], [ 424844.354229784454219, 4389276.489388142712414 ], [ 424842.354229784454219, 4389276.489388142712414 ], [ 424842.354229784454219, 4389275.489388142712414 ], [ 424839.354229784454219, 4389275.489388142712414 ], [ 424839.354229784454219, 4389274.489388142712414 ], [ 424837.354229784454219, 4389274.489388142712414 ], [ 424837.354229784454219, 4389273.489388142712414 ], [ 424835.354229784454219, 4389273.489388142712414 ], [ 424835.354229784454219, 4389272.489388142712414 ], [ 424833.354229784454219, 4389272.489388142712414 ], [ 424833.354229784454219, 4389271.489388142712414 ], [ 424831.354229784454219, 4389271.489388142712414 ], [ 424831.354229784454219, 4389270.489388142712414 ], [ 424830.354229784454219, 4389270.489388142712414 ], [ 424830.354229784454219, 4389269.489388142712414 ], [ 424829.354229784454219, 4389269.489388142712414 ], [ 424829.354229784454219, 4389268.489388142712414 ], [ 424828.354229784454219, 4389268.489388142712414 ], [ 424828.354229784454219, 4389267.489388142712414 ], [ 424826.354229784454219, 4389267.489388142712414 ], [ 424826.354229784454219, 4389266.489388142712414 ], [ 424825.354229784454219, 4389266.489388142712414 ], [ 424825.354229784454219, 4389265.489388142712414 ], [ 424824.354229784454219, 4389265.489388142712414 ], [ 424824.354229784454219, 4389264.489388142712414 ], [ 424822.354229784454219, 4389264.489388142712414 ], [ 424822.354229784454219, 4389263.489388142712414 ], [ 424821.354229784454219, 4389263.489388142712414 ], [ 424821.354229784454219, 4389262.489388142712414 ], [ 424819.354229784454219, 4389262.489388142712414 ], [ 424819.354229784454219, 4389261.489388142712414 ], [ 424817.354229784454219, 4389261.489388142712414 ], [ 424817.354229784454219, 4389260.489388142712414 ], [ 424815.354229784454219, 4389260.489388142712414 ], [ 424815.354229784454219, 4389259.489388142712414 ], [ 424814.354229784454219, 4389259.489388142712414 ], [ 424814.354229784454219, 4389258.489388142712414 ], [ 424812.354229784454219, 4389258.489388142712414 ], [ 424812.354229784454219, 4389257.489388142712414 ], [ 424811.354229784454219, 4389257.489388142712414 ], [ 424811.354229784454219, 4389256.489388142712414 ], [ 424809.354229784454219, 4389256.489388142712414 ], [ 424809.354229784454219, 4389255.489388142712414 ], [ 424808.354229784454219, 4389255.489388142712414 ], [ 424808.354229784454219, 4389254.489388142712414 ], [ 424805.354229784454219, 4389254.489388142712414 ], [ 424805.354229784454219, 4389253.489388142712414 ], [ 424803.354229784454219, 4389253.489388142712414 ], [ 424803.354229784454219, 4389252.489388142712414 ], [ 424801.354229784454219, 4389252.489388142712414 ], [ 424801.354229784454219, 4389253.489388142712414 ], [ 424800.354229784454219, 4389253.489388142712414 ], [ 424800.354229784454219, 4389254.489388142712414 ], [ 424798.354229784454219, 4389254.489388142712414 ], [ 424798.354229784454219, 4389253.489388142712414 ], [ 424796.354229784454219, 4389253.489388142712414 ], [ 424796.354229784454219, 4389251.489388142712414 ], [ 424795.354229784454219, 4389251.489388142712414 ], [ 424795.354229784454219, 4389252.489388142712414 ], [ 424794.354229784454219, 4389252.489388142712414 ], [ 424794.354229784454219, 4389251.489388142712414 ], [ 424792.354229784454219, 4389251.489388142712414 ], [ 424792.354229784454219, 4389250.489388142712414 ], [ 424790.354229784454219, 4389250.489388142712414 ], [ 424790.354229784454219, 4389249.489388142712414 ], [ 424788.354229784454219, 4389249.489388142712414 ], [ 424788.354229784454219, 4389248.489388142712414 ], [ 424786.354229784454219, 4389248.489388142712414 ], [ 424786.354229784454219, 4389247.489388142712414 ], [ 424785.354229784454219, 4389247.489388142712414 ], [ 424785.354229784454219, 4389246.489388142712414 ], [ 424783.354229784454219, 4389246.489388142712414 ], [ 424783.354229784454219, 4389245.489388142712414 ], [ 424782.354229784454219, 4389245.489388142712414 ], [ 424782.354229784454219, 4389244.489388142712414 ], [ 424780.354229784454219, 4389244.489388142712414 ], [ 424780.354229784454219, 4389242.489388142712414 ], [ 424777.354229784454219, 4389242.489388142712414 ], [ 424777.354229784454219, 4389240.489388142712414 ], [ 424776.354229784454219, 4389240.489388142712414 ], [ 424776.354229784454219, 4389239.489388142712414 ], [ 424774.354229784454219, 4389239.489388142712414 ], [ 424774.354229784454219, 4389238.489388142712414 ], [ 424773.354229784454219, 4389238.489388142712414 ], [ 424773.354229784454219, 4389237.489388142712414 ], [ 424771.354229784454219, 4389237.489388142712414 ], [ 424771.354229784454219, 4389236.489388142712414 ], [ 424770.354229784454219, 4389236.489388142712414 ], [ 424770.354229784454219, 4389235.489388142712414 ], [ 424769.354229784454219, 4389235.489388142712414 ], [ 424769.354229784454219, 4389234.489388142712414 ], [ 424767.354229784454219, 4389234.489388142712414 ], [ 424767.354229784454219, 4389233.489388142712414 ], [ 424766.354229784454219, 4389233.489388142712414 ], [ 424766.354229784454219, 4389232.489388142712414 ], [ 424763.354229784454219, 4389232.489388142712414 ], [ 424763.354229784454219, 4389230.489388142712414 ], [ 424762.354229784454219, 4389230.489388142712414 ], [ 424762.354229784454219, 4389229.489388142712414 ], [ 424759.354229784454219, 4389229.489388142712414 ], [ 424759.354229784454219, 4389228.489388142712414 ], [ 424758.354229784454219, 4389228.489388142712414 ], [ 424758.354229784454219, 4389227.489388142712414 ], [ 424757.354229784454219, 4389227.489388142712414 ], [ 424757.354229784454219, 4389226.489388142712414 ], [ 424755.354229784454219, 4389226.489388142712414 ], [ 424755.354229784454219, 4389225.489388142712414 ], [ 424754.354229784454219, 4389225.489388142712414 ], [ 424754.354229784454219, 4389224.489388142712414 ], [ 424752.354229784454219, 4389224.489388142712414 ], [ 424752.354229784454219, 4389223.489388142712414 ], [ 424751.354229784454219, 4389223.489388142712414 ], [ 424751.354229784454219, 4389222.489388142712414 ], [ 424749.354229784454219, 4389222.489388142712414 ], [ 424749.354229784454219, 4389221.489388142712414 ], [ 424747.354229784454219, 4389221.489388142712414 ], [ 424747.354229784454219, 4389220.489388142712414 ], [ 424745.354229784454219, 4389220.489388142712414 ], [ 424745.354229784454219, 4389219.489388142712414 ], [ 424743.354229784454219, 4389219.489388142712414 ], [ 424743.354229784454219, 4389218.489388142712414 ], [ 424742.354229784454219, 4389218.489388142712414 ], [ 424742.354229784454219, 4389217.489388142712414 ], [ 424740.354229784454219, 4389217.489388142712414 ], [ 424740.354229784454219, 4389216.489388142712414 ], [ 424738.354229784454219, 4389216.489388142712414 ], [ 424738.354229784454219, 4389215.489388142712414 ], [ 424736.354229784454219, 4389215.489388142712414 ], [ 424736.354229784454219, 4389214.489388142712414 ], [ 424734.354229784454219, 4389214.489388142712414 ], [ 424734.354229784454219, 4389213.489388142712414 ], [ 424732.354229784454219, 4389213.489388142712414 ], [ 424732.354229784454219, 4389212.489388142712414 ], [ 424730.354229784454219, 4389212.489388142712414 ], [ 424730.354229784454219, 4389211.489388142712414 ], [ 424728.354229784454219, 4389211.489388142712414 ], [ 424728.354229784454219, 4389210.489388142712414 ], [ 424725.354229784454219, 4389210.489388142712414 ], [ 424725.354229784454219, 4389209.489388142712414 ], [ 424723.354229784454219, 4389209.489388142712414 ], [ 424723.354229784454219, 4389208.489388142712414 ], [ 424720.354229784454219, 4389208.489388142712414 ], [ 424720.354229784454219, 4389207.489388142712414 ], [ 424718.354229784454219, 4389207.489388142712414 ], [ 424718.354229784454219, 4389206.489388142712414 ], [ 424715.354229784454219, 4389206.489388142712414 ], [ 424715.354229784454219, 4389205.489388142712414 ], [ 424713.354229784454219, 4389205.489388142712414 ], [ 424713.354229784454219, 4389204.489388142712414 ], [ 424710.354229784454219, 4389204.489388142712414 ], [ 424710.354229784454219, 4389203.489388142712414 ], [ 424707.354229784454219, 4389203.489388142712414 ], [ 424707.354229784454219, 4389202.489388142712414 ], [ 424705.354229784454219, 4389202.489388142712414 ], [ 424705.354229784454219, 4389201.489388142712414 ], [ 424702.354229784454219, 4389201.489388142712414 ], [ 424702.354229784454219, 4389200.489388142712414 ], [ 424699.354229784454219, 4389200.489388142712414 ], [ 424699.354229784454219, 4389199.489388142712414 ], [ 424695.354229784454219, 4389199.489388142712414 ], [ 424695.354229784454219, 4389198.489388142712414 ], [ 424691.354229784454219, 4389198.489388142712414 ], [ 424691.354229784454219, 4389197.489388142712414 ], [ 424687.354229784454219, 4389197.489388142712414 ], [ 424687.354229784454219, 4389196.489388142712414 ], [ 424683.354229784454219, 4389196.489388142712414 ], [ 424683.354229784454219, 4389195.489388142712414 ], [ 424679.354229784454219, 4389195.489388142712414 ], [ 424679.354229784454219, 4389194.489388142712414 ], [ 424673.354229784454219, 4389194.489388142712414 ], [ 424673.354229784454219, 4389193.489388142712414 ], [ 424665.354229784454219, 4389193.489388142712414 ], [ 424665.354229784454219, 4389192.489388142712414 ], [ 424657.354229784454219, 4389192.489388142712414 ], [ 424657.354229784454219, 4389191.489388142712414 ], [ 424648.354229784454219, 4389191.489388142712414 ], [ 424648.354229784454219, 4389190.489388142712414 ], [ 424643.354229784454219, 4389190.489388142712414 ], [ 424643.354229784454219, 4389189.489388142712414 ], [ 424637.354229784454219, 4389189.489388142712414 ], [ 424637.354229784454219, 4389188.489388142712414 ], [ 424633.354229784454219, 4389188.489388142712414 ], [ 424633.354229784454219, 4389187.489388142712414 ], [ 424628.354229784454219, 4389187.489388142712414 ], [ 424628.354229784454219, 4389186.489388142712414 ], [ 424625.354229784454219, 4389186.489388142712414 ], [ 424625.354229784454219, 4389185.489388142712414 ], [ 424622.354229784454219, 4389185.489388142712414 ], [ 424622.354229784454219, 4389184.489388142712414 ], [ 424619.354229784454219, 4389184.489388142712414 ], [ 424619.354229784454219, 4389183.489388142712414 ], [ 424616.354229784454219, 4389183.489388142712414 ], [ 424616.354229784454219, 4389182.489388142712414 ], [ 424614.354229784454219, 4389182.489388142712414 ], [ 424614.354229784454219, 4389181.489388142712414 ], [ 424611.354229784454219, 4389181.489388142712414 ], [ 424611.354229784454219, 4389180.489388142712414 ], [ 424608.354229784454219, 4389180.489388142712414 ], [ 424608.354229784454219, 4389179.489388142712414 ], [ 424604.354229784454219, 4389179.489388142712414 ], [ 424604.354229784454219, 4389178.489388142712414 ], [ 424602.354229784454219, 4389178.489388142712414 ], [ 424602.354229784454219, 4389177.489388142712414 ], [ 424597.354229784454219, 4389177.489388142712414 ], [ 424597.354229784454219, 4389176.489388142712414 ], [ 424594.354229784454219, 4389176.489388142712414 ], [ 424594.354229784454219, 4389175.489388142712414 ], [ 424591.354229784454219, 4389175.489388142712414 ], [ 424591.354229784454219, 4389174.489388142712414 ], [ 424589.354229784454219, 4389174.489388142712414 ], [ 424589.354229784454219, 4389173.489388142712414 ], [ 424588.354229784454219, 4389173.489388142712414 ], [ 424588.354229784454219, 4389172.489388142712414 ], [ 424586.354229784454219, 4389172.489388142712414 ], [ 424586.354229784454219, 4389171.489388142712414 ], [ 424585.354229784454219, 4389171.489388142712414 ], [ 424585.354229784454219, 4389169.489388142712414 ], [ 424584.354229784454219, 4389169.489388142712414 ], [ 424584.354229784454219, 4389167.489388142712414 ], [ 424583.354229784454219, 4389167.489388142712414 ], [ 424583.354229784454219, 4389166.489388142712414 ], [ 424579.354229784454219, 4389166.489388142712414 ], [ 424579.354229784454219, 4389165.489388142712414 ], [ 424577.354229784454219, 4389165.489388142712414 ], [ 424577.354229784454219, 4389163.489388142712414 ], [ 424576.354229784454219, 4389163.489388142712414 ], [ 424576.354229784454219, 4389162.489388142712414 ], [ 424575.354229784454219, 4389162.489388142712414 ], [ 424575.354229784454219, 4389160.489388142712414 ], [ 424574.354229784454219, 4389160.489388142712414 ], [ 424574.354229784454219, 4389158.489388142712414 ], [ 424575.354229784454219, 4389158.489388142712414 ], [ 424575.354229784454219, 4389155.489388142712414 ], [ 424573.354229784454219, 4389155.489388142712414 ], [ 424573.354229784454219, 4389154.489388142712414 ], [ 424572.354229784454219, 4389154.489388142712414 ], [ 424572.354229784454219, 4389153.489388142712414 ], [ 424571.354229784454219, 4389153.489388142712414 ], [ 424571.354229784454219, 4389152.489388142712414 ], [ 424570.354229784454219, 4389152.489388142712414 ], [ 424570.354229784454219, 4389150.489388142712414 ], [ 424569.354229784454219, 4389150.489388142712414 ], [ 424569.354229784454219, 4389148.489388142712414 ], [ 424568.354229784454219, 4389148.489388142712414 ], [ 424568.354229784454219, 4389145.489388142712414 ], [ 424567.354229784454219, 4389145.489388142712414 ], [ 424567.354229784454219, 4389142.489388142712414 ], [ 424566.354229784454219, 4389142.489388142712414 ], [ 424566.354229784454219, 4389141.489388142712414 ], [ 424565.354229784454219, 4389141.489388142712414 ], [ 424565.354229784454219, 4389140.489388142712414 ], [ 424563.354229784454219, 4389140.489388142712414 ], [ 424563.354229784454219, 4389139.489388142712414 ], [ 424561.354229784454219, 4389139.489388142712414 ], [ 424561.354229784454219, 4389138.489388142712414 ], [ 424560.354229784454219, 4389138.489388142712414 ], [ 424560.354229784454219, 4389136.489388142712414 ], [ 424559.354229784454219, 4389136.489388142712414 ], [ 424559.354229784454219, 4389133.489388142712414 ], [ 424558.354229784454219, 4389133.489388142712414 ], [ 424558.354229784454219, 4389132.489388142712414 ], [ 424557.354229784454219, 4389132.489388142712414 ], [ 424557.354229784454219, 4389131.489388142712414 ], [ 424556.354229784454219, 4389131.489388142712414 ], [ 424556.354229784454219, 4389129.489388142712414 ], [ 424555.354229784454219, 4389129.489388142712414 ], [ 424555.354229784454219, 4389128.489388142712414 ], [ 424556.354229784454219, 4389128.489388142712414 ], [ 424556.354229784454219, 4389111.489388142712414 ], [ 424557.354229784454219, 4389111.489388142712414 ], [ 424557.354229784454219, 4389104.489388142712414 ], [ 424558.354229784454219, 4389104.489388142712414 ], [ 424558.354229784454219, 4389100.489388142712414 ], [ 424559.354229784454219, 4389100.489388142712414 ], [ 424559.354229784454219, 4389097.489388142712414 ], [ 424560.354229784454219, 4389097.489388142712414 ], [ 424560.354229784454219, 4389095.489388142712414 ], [ 424561.354229784454219, 4389095.489388142712414 ], [ 424561.354229784454219, 4389093.489388142712414 ], [ 424562.354229784454219, 4389093.489388142712414 ], [ 424562.354229784454219, 4389092.489388142712414 ], [ 424563.354229784454219, 4389092.489388142712414 ], [ 424563.354229784454219, 4389091.489388142712414 ], [ 424564.354229784454219, 4389091.489388142712414 ], [ 424564.354229784454219, 4389090.489388142712414 ], [ 424566.354229784454219, 4389090.489388142712414 ], [ 424566.354229784454219, 4389089.489388142712414 ], [ 424567.354229784454219, 4389089.489388142712414 ], [ 424567.354229784454219, 4389088.489388142712414 ], [ 424568.354229784454219, 4389088.489388142712414 ], [ 424568.354229784454219, 4389087.489388142712414 ], [ 424569.354229784454219, 4389087.489388142712414 ], [ 424569.354229784454219, 4389086.489388142712414 ], [ 424571.354229784454219, 4389086.489388142712414 ], [ 424571.354229784454219, 4389085.489388142712414 ], [ 424573.354229784454219, 4389085.489388142712414 ], [ 424573.354229784454219, 4389084.489388142712414 ], [ 424574.354229784454219, 4389084.489388142712414 ], [ 424574.354229784454219, 4389083.489388142712414 ], [ 424575.354229784454219, 4389083.489388142712414 ], [ 424575.354229784454219, 4389082.489388142712414 ], [ 424577.354229784454219, 4389082.489388142712414 ], [ 424577.354229784454219, 4389081.489388142712414 ], [ 424578.354229784454219, 4389081.489388142712414 ], [ 424578.354229784454219, 4389080.489388142712414 ], [ 424579.354229784454219, 4389080.489388142712414 ], [ 424579.354229784454219, 4389079.489388142712414 ], [ 424581.354229784454219, 4389079.489388142712414 ], [ 424581.354229784454219, 4389078.489388142712414 ], [ 424582.354229784454219, 4389078.489388142712414 ], [ 424582.354229784454219, 4389077.489388142712414 ], [ 424583.354229784454219, 4389077.489388142712414 ], [ 424583.354229784454219, 4389076.489388142712414 ], [ 424584.354229784454219, 4389076.489388142712414 ], [ 424584.354229784454219, 4389075.489388142712414 ], [ 424586.354229784454219, 4389075.489388142712414 ], [ 424586.354229784454219, 4389074.489388142712414 ], [ 424587.354229784454219, 4389074.489388142712414 ], [ 424587.354229784454219, 4389073.489388142712414 ], [ 424588.354229784454219, 4389073.489388142712414 ], [ 424588.354229784454219, 4389072.489388142712414 ], [ 424589.354229784454219, 4389072.489388142712414 ], [ 424589.354229784454219, 4389071.489388142712414 ], [ 424590.354229784454219, 4389071.489388142712414 ], [ 424590.354229784454219, 4389070.489388142712414 ], [ 424591.354229784454219, 4389070.489388142712414 ], [ 424591.354229784454219, 4389069.489388142712414 ], [ 424593.354229784454219, 4389069.489388142712414 ], [ 424593.354229784454219, 4389068.489388142712414 ], [ 424594.354229784454219, 4389068.489388142712414 ], [ 424594.354229784454219, 4389067.489388142712414 ], [ 424595.354229784454219, 4389067.489388142712414 ], [ 424595.354229784454219, 4389066.489388142712414 ], [ 424596.354229784454219, 4389066.489388142712414 ], [ 424596.354229784454219, 4389065.489388142712414 ], [ 424597.354229784454219, 4389065.489388142712414 ], [ 424597.354229784454219, 4389064.489388142712414 ], [ 424598.354229784454219, 4389064.489388142712414 ], [ 424598.354229784454219, 4389063.489388142712414 ], [ 424599.354229784454219, 4389063.489388142712414 ], [ 424599.354229784454219, 4389062.489388142712414 ], [ 424600.354229784454219, 4389062.489388142712414 ], [ 424600.354229784454219, 4389061.489388142712414 ], [ 424601.354229784454219, 4389061.489388142712414 ], [ 424601.354229784454219, 4389060.489388142712414 ], [ 424602.354229784454219, 4389060.489388142712414 ], [ 424602.354229784454219, 4389059.489388142712414 ], [ 424604.354229784454219, 4389059.489388142712414 ], [ 424604.354229784454219, 4389058.489388142712414 ], [ 424605.354229784454219, 4389058.489388142712414 ], [ 424605.354229784454219, 4389057.489388142712414 ], [ 424606.354229784454219, 4389057.489388142712414 ], [ 424606.354229784454219, 4389056.489388142712414 ], [ 424607.354229784454219, 4389056.489388142712414 ], [ 424607.354229784454219, 4389055.489388142712414 ], [ 424608.354229784454219, 4389055.489388142712414 ], [ 424608.354229784454219, 4389054.489388142712414 ], [ 424609.354229784454219, 4389054.489388142712414 ], [ 424609.354229784454219, 4389053.489388142712414 ], [ 424610.354229784454219, 4389053.489388142712414 ], [ 424610.354229784454219, 4389052.489388142712414 ], [ 424611.354229784454219, 4389052.489388142712414 ], [ 424611.354229784454219, 4389051.489388142712414 ], [ 424612.354229784454219, 4389051.489388142712414 ], [ 424612.354229784454219, 4389050.489388142712414 ], [ 424613.354229784454219, 4389050.489388142712414 ], [ 424613.354229784454219, 4389049.489388142712414 ], [ 424615.354229784454219, 4389049.489388142712414 ], [ 424615.354229784454219, 4389048.489388142712414 ], [ 424616.354229784454219, 4389048.489388142712414 ], [ 424616.354229784454219, 4389047.489388142712414 ], [ 424617.354229784454219, 4389047.489388142712414 ], [ 424617.354229784454219, 4389046.489388142712414 ], [ 424618.354229784454219, 4389046.489388142712414 ], [ 424618.354229784454219, 4389045.489388142712414 ], [ 424619.354229784454219, 4389045.489388142712414 ], [ 424619.354229784454219, 4389044.489388142712414 ], [ 424620.354229784454219, 4389044.489388142712414 ], [ 424620.354229784454219, 4389043.489388142712414 ], [ 424621.354229784454219, 4389043.489388142712414 ], [ 424621.354229784454219, 4389042.489388142712414 ], [ 424622.354229784454219, 4389042.489388142712414 ], [ 424622.354229784454219, 4389041.489388142712414 ], [ 424623.354229784454219, 4389041.489388142712414 ], [ 424623.354229784454219, 4389040.489388142712414 ], [ 424624.354229784454219, 4389040.489388142712414 ], [ 424624.354229784454219, 4389039.489388142712414 ], [ 424625.354229784454219, 4389039.489388142712414 ], [ 424625.354229784454219, 4389038.489388142712414 ], [ 424626.354229784454219, 4389038.489388142712414 ], [ 424626.354229784454219, 4389037.489388142712414 ], [ 424627.354229784454219, 4389037.489388142712414 ], [ 424627.354229784454219, 4389036.489388142712414 ], [ 424628.354229784454219, 4389036.489388142712414 ], [ 424628.354229784454219, 4389035.489388142712414 ], [ 424629.354229784454219, 4389035.489388142712414 ], [ 424629.354229784454219, 4389034.489388142712414 ], [ 424631.354229784454219, 4389034.489388142712414 ], [ 424631.354229784454219, 4389033.489388142712414 ], [ 424632.354229784454219, 4389033.489388142712414 ], [ 424632.354229784454219, 4389032.489388142712414 ], [ 424633.354229784454219, 4389032.489388142712414 ], [ 424633.354229784454219, 4389031.489388142712414 ], [ 424634.354229784454219, 4389031.489388142712414 ], [ 424634.354229784454219, 4389030.489388142712414 ], [ 424636.354229784454219, 4389030.489388142712414 ], [ 424636.354229784454219, 4389029.489388142712414 ], [ 424637.354229784454219, 4389029.489388142712414 ], [ 424637.354229784454219, 4389028.489388142712414 ], [ 424638.354229784454219, 4389028.489388142712414 ], [ 424638.354229784454219, 4389027.489388142712414 ], [ 424639.354229784454219, 4389027.489388142712414 ], [ 424639.354229784454219, 4389026.489388142712414 ], [ 424640.354229784454219, 4389026.489388142712414 ], [ 424640.354229784454219, 4389025.489388142712414 ], [ 424642.354229784454219, 4389025.489388142712414 ], [ 424642.354229784454219, 4389024.489388142712414 ], [ 424643.354229784454219, 4389024.489388142712414 ], [ 424643.354229784454219, 4389023.489388142712414 ], [ 424644.354229784454219, 4389023.489388142712414 ], [ 424644.354229784454219, 4389022.489388142712414 ], [ 424645.354229784454219, 4389022.489388142712414 ], [ 424645.354229784454219, 4389021.489388142712414 ], [ 424646.354229784454219, 4389021.489388142712414 ], [ 424646.354229784454219, 4389020.489388142712414 ], [ 424648.354229784454219, 4389020.489388142712414 ], [ 424648.354229784454219, 4389019.489388142712414 ], [ 424649.354229784454219, 4389019.489388142712414 ], [ 424649.354229784454219, 4389018.489388142712414 ], [ 424650.354229784454219, 4389018.489388142712414 ], [ 424650.354229784454219, 4389017.489388142712414 ], [ 424651.354229784454219, 4389017.489388142712414 ], [ 424651.354229784454219, 4389016.489388142712414 ], [ 424652.354229784454219, 4389016.489388142712414 ], [ 424652.354229784454219, 4389015.489388142712414 ], [ 424653.354229784454219, 4389015.489388142712414 ], [ 424653.354229784454219, 4389014.489388142712414 ], [ 424654.354229784454219, 4389014.489388142712414 ], [ 424654.354229784454219, 4389013.489388142712414 ], [ 424655.354229784454219, 4389013.489388142712414 ], [ 424655.354229784454219, 4389012.489388142712414 ], [ 424656.354229784454219, 4389012.489388142712414 ], [ 424656.354229784454219, 4389011.489388142712414 ], [ 424657.354229784454219, 4389011.489388142712414 ], [ 424657.354229784454219, 4389010.489388142712414 ], [ 424658.354229784454219, 4389010.489388142712414 ], [ 424658.354229784454219, 4389009.489388142712414 ], [ 424659.354229784454219, 4389009.489388142712414 ], [ 424659.354229784454219, 4389008.489388142712414 ], [ 424660.354229784454219, 4389008.489388142712414 ], [ 424660.354229784454219, 4389007.489388142712414 ], [ 424661.354229784454219, 4389007.489388142712414 ], [ 424661.354229784454219, 4389006.489388142712414 ], [ 424662.354229784454219, 4389006.489388142712414 ], [ 424662.354229784454219, 4389005.489388142712414 ], [ 424664.354229784454219, 4389005.489388142712414 ], [ 424664.354229784454219, 4389004.489388142712414 ], [ 424665.354229784454219, 4389004.489388142712414 ], [ 424665.354229784454219, 4389003.489388142712414 ], [ 424666.354229784454219, 4389003.489388142712414 ], [ 424666.354229784454219, 4389002.489388142712414 ], [ 424667.354229784454219, 4389002.489388142712414 ], [ 424667.354229784454219, 4389001.489388142712414 ], [ 424668.354229784454219, 4389001.489388142712414 ], [ 424668.354229784454219, 4389000.489388142712414 ], [ 424669.354229784454219, 4389000.489388142712414 ], [ 424669.354229784454219, 4388999.489388142712414 ], [ 424670.354229784454219, 4388999.489388142712414 ], [ 424670.354229784454219, 4388998.489388142712414 ], [ 424671.354229784454219, 4388998.489388142712414 ], [ 424671.354229784454219, 4388997.489388142712414 ], [ 424673.354229784454219, 4388997.489388142712414 ], [ 424673.354229784454219, 4388996.489388142712414 ], [ 424674.354229784454219, 4388996.489388142712414 ], [ 424674.354229784454219, 4388995.489388142712414 ], [ 424675.354229784454219, 4388995.489388142712414 ], [ 424675.354229784454219, 4388994.489388142712414 ], [ 424677.354229784454219, 4388994.489388142712414 ], [ 424677.354229784454219, 4388993.489388142712414 ], [ 424678.354229784454219, 4388993.489388142712414 ], [ 424678.354229784454219, 4388992.489388142712414 ], [ 424679.354229784454219, 4388992.489388142712414 ], [ 424679.354229784454219, 4388991.489388142712414 ], [ 424681.354229784454219, 4388991.489388142712414 ], [ 424681.354229784454219, 4388990.489388142712414 ], [ 424682.354229784454219, 4388990.489388142712414 ], [ 424682.354229784454219, 4388989.489388142712414 ], [ 424683.354229784454219, 4388989.489388142712414 ], [ 424683.354229784454219, 4388988.489388142712414 ], [ 424685.354229784454219, 4388988.489388142712414 ], [ 424685.354229784454219, 4388987.489388142712414 ], [ 424686.354229784454219, 4388987.489388142712414 ], [ 424686.354229784454219, 4388986.489388142712414 ], [ 424687.354229784454219, 4388986.489388142712414 ], [ 424687.354229784454219, 4388985.489388142712414 ], [ 424689.354229784454219, 4388985.489388142712414 ], [ 424689.354229784454219, 4388984.489388142712414 ], [ 424690.354229784454219, 4388984.489388142712414 ], [ 424690.354229784454219, 4388983.489388142712414 ], [ 424691.354229784454219, 4388983.489388142712414 ], [ 424691.354229784454219, 4388982.489388142712414 ], [ 424692.354229784454219, 4388982.489388142712414 ], [ 424692.354229784454219, 4388981.489388142712414 ], [ 424694.354229784454219, 4388981.489388142712414 ], [ 424694.354229784454219, 4388980.489388142712414 ], [ 424695.354229784454219, 4388980.489388142712414 ], [ 424695.354229784454219, 4388979.489388142712414 ], [ 424696.354229784454219, 4388979.489388142712414 ], [ 424696.354229784454219, 4388978.489388142712414 ], [ 424697.354229784454219, 4388978.489388142712414 ], [ 424697.354229784454219, 4388977.489388142712414 ], [ 424698.354229784454219, 4388977.489388142712414 ], [ 424698.354229784454219, 4388976.489388142712414 ], [ 424699.354229784454219, 4388976.489388142712414 ], [ 424699.354229784454219, 4388975.489388142712414 ], [ 424700.354229784454219, 4388975.489388142712414 ], [ 424700.354229784454219, 4388974.489388142712414 ], [ 424702.354229784454219, 4388974.489388142712414 ], [ 424702.354229784454219, 4388973.489388142712414 ], [ 424703.354229784454219, 4388973.489388142712414 ], [ 424703.354229784454219, 4388972.489388142712414 ], [ 424704.354229784454219, 4388972.489388142712414 ], [ 424704.354229784454219, 4388971.489388142712414 ], [ 424705.354229784454219, 4388971.489388142712414 ], [ 424705.354229784454219, 4388970.489388142712414 ], [ 424706.354229784454219, 4388970.489388142712414 ], [ 424706.354229784454219, 4388969.489388142712414 ], [ 424707.354229784454219, 4388969.489388142712414 ], [ 424707.354229784454219, 4388968.489388142712414 ], [ 424708.354229784454219, 4388968.489388142712414 ], [ 424708.354229784454219, 4388967.489388142712414 ], [ 424709.354229784454219, 4388967.489388142712414 ], [ 424709.354229784454219, 4388966.489388142712414 ], [ 424710.354229784454219, 4388966.489388142712414 ], [ 424710.354229784454219, 4388965.489388142712414 ], [ 424711.354229784454219, 4388965.489388142712414 ], [ 424711.354229784454219, 4388964.489388142712414 ], [ 424712.354229784454219, 4388964.489388142712414 ], [ 424712.354229784454219, 4388963.489388142712414 ], [ 424713.354229784454219, 4388963.489388142712414 ], [ 424713.354229784454219, 4388962.489388142712414 ], [ 424714.354229784454219, 4388962.489388142712414 ], [ 424714.354229784454219, 4388961.489388142712414 ], [ 424715.354229784454219, 4388961.489388142712414 ], [ 424715.354229784454219, 4388960.489388142712414 ], [ 424716.354229784454219, 4388960.489388142712414 ], [ 424716.354229784454219, 4388959.489388142712414 ], [ 424718.354229784454219, 4388959.489388142712414 ], [ 424718.354229784454219, 4388958.489388142712414 ], [ 424719.354229784454219, 4388958.489388142712414 ], [ 424719.354229784454219, 4388959.489388142712414 ], [ 424720.354229784454219, 4388959.489388142712414 ], [ 424720.354229784454219, 4388958.489388142712414 ], [ 424721.354229784454219, 4388958.489388142712414 ], [ 424721.354229784454219, 4388957.489388142712414 ], [ 424720.354229784454219, 4388957.489388142712414 ], [ 424720.354229784454219, 4388956.489388142712414 ], [ 424721.354229784454219, 4388956.489388142712414 ], [ 424721.354229784454219, 4388955.489388142712414 ], [ 424722.354229784454219, 4388955.489388142712414 ], [ 424722.354229784454219, 4388954.489388142712414 ], [ 424723.354229784454219, 4388954.489388142712414 ], [ 424723.354229784454219, 4388953.489388142712414 ], [ 424724.354229784454219, 4388953.489388142712414 ], [ 424724.354229784454219, 4388952.489388142712414 ], [ 424725.354229784454219, 4388952.489388142712414 ], [ 424725.354229784454219, 4388951.489388142712414 ], [ 424726.354229784454219, 4388951.489388142712414 ], [ 424726.354229784454219, 4388950.489388142712414 ], [ 424728.354229784454219, 4388950.489388142712414 ], [ 424728.354229784454219, 4388951.489388142712414 ], [ 424727.354229784454219, 4388951.489388142712414 ], [ 424727.354229784454219, 4388952.489388142712414 ], [ 424729.354229784454219, 4388952.489388142712414 ], [ 424729.354229784454219, 4388951.489388142712414 ], [ 424730.354229784454219, 4388951.489388142712414 ], [ 424730.354229784454219, 4388950.489388142712414 ], [ 424731.354229784454219, 4388950.489388142712414 ], [ 424731.354229784454219, 4388949.489388142712414 ], [ 424733.354229784454219, 4388949.489388142712414 ], [ 424733.354229784454219, 4388948.489388142712414 ], [ 424734.354229784454219, 4388948.489388142712414 ], [ 424734.354229784454219, 4388947.489388142712414 ], [ 424735.354229784454219, 4388947.489388142712414 ], [ 424735.354229784454219, 4388946.489388142712414 ], [ 424736.354229784454219, 4388946.489388142712414 ], [ 424736.354229784454219, 4388945.489388142712414 ], [ 424737.354229784454219, 4388945.489388142712414 ], [ 424737.354229784454219, 4388944.489388142712414 ], [ 424739.354229784454219, 4388944.489388142712414 ], [ 424739.354229784454219, 4388943.489388142712414 ], [ 424740.354229784454219, 4388943.489388142712414 ], [ 424740.354229784454219, 4388942.489388142712414 ], [ 424741.354229784454219, 4388942.489388142712414 ], [ 424741.354229784454219, 4388941.489388142712414 ], [ 424742.354229784454219, 4388941.489388142712414 ], [ 424742.354229784454219, 4388940.489388142712414 ], [ 424744.354229784454219, 4388940.489388142712414 ], [ 424744.354229784454219, 4388939.489388142712414 ], [ 424745.354229784454219, 4388939.489388142712414 ], [ 424745.354229784454219, 4388938.489388142712414 ], [ 424746.354229784454219, 4388938.489388142712414 ], [ 424746.354229784454219, 4388937.489388142712414 ], [ 424747.354229784454219, 4388937.489388142712414 ], [ 424747.354229784454219, 4388936.489388142712414 ], [ 424748.354229784454219, 4388936.489388142712414 ], [ 424748.354229784454219, 4388935.489388142712414 ], [ 424750.354229784454219, 4388935.489388142712414 ], [ 424750.354229784454219, 4388934.489388142712414 ], [ 424751.354229784454219, 4388934.489388142712414 ], [ 424751.354229784454219, 4388933.489388142712414 ], [ 424752.354229784454219, 4388933.489388142712414 ], [ 424752.354229784454219, 4388932.489388142712414 ], [ 424753.354229784454219, 4388932.489388142712414 ], [ 424753.354229784454219, 4388931.489388142712414 ], [ 424754.354229784454219, 4388931.489388142712414 ], [ 424754.354229784454219, 4388930.489388142712414 ], [ 424755.354229784454219, 4388930.489388142712414 ], [ 424755.354229784454219, 4388929.489388142712414 ], [ 424757.354229784454219, 4388929.489388142712414 ], [ 424757.354229784454219, 4388928.489388142712414 ], [ 424758.354229784454219, 4388928.489388142712414 ], [ 424758.354229784454219, 4388927.489388142712414 ], [ 424759.354229784454219, 4388927.489388142712414 ], [ 424759.354229784454219, 4388926.489388142712414 ], [ 424760.354229784454219, 4388926.489388142712414 ], [ 424760.354229784454219, 4388925.489388142712414 ], [ 424761.354229784454219, 4388925.489388142712414 ], [ 424761.354229784454219, 4388924.489388142712414 ], [ 424762.354229784454219, 4388924.489388142712414 ], [ 424762.354229784454219, 4388923.489388142712414 ], [ 424763.354229784454219, 4388923.489388142712414 ], [ 424763.354229784454219, 4388922.489388142712414 ], [ 424764.354229784454219, 4388922.489388142712414 ], [ 424764.354229784454219, 4388921.489388142712414 ], [ 424765.354229784454219, 4388921.489388142712414 ], [ 424765.354229784454219, 4388920.489388142712414 ], [ 424766.354229784454219, 4388920.489388142712414 ], [ 424766.354229784454219, 4388919.489388142712414 ], [ 424767.354229784454219, 4388919.489388142712414 ], [ 424767.354229784454219, 4388918.489388142712414 ], [ 424768.354229784454219, 4388918.489388142712414 ], [ 424768.354229784454219, 4388917.489388142712414 ], [ 424769.354229784454219, 4388917.489388142712414 ], [ 424769.354229784454219, 4388915.489388142712414 ], [ 424770.354229784454219, 4388915.489388142712414 ], [ 424770.354229784454219, 4388914.489388142712414 ], [ 424771.354229784454219, 4388914.489388142712414 ], [ 424771.354229784454219, 4388913.489388142712414 ], [ 424772.354229784454219, 4388913.489388142712414 ], [ 424772.354229784454219, 4388912.489388142712414 ], [ 424773.354229784454219, 4388912.489388142712414 ], [ 424773.354229784454219, 4388911.489388142712414 ], [ 424774.354229784454219, 4388911.489388142712414 ], [ 424774.354229784454219, 4388910.489388142712414 ], [ 424775.354229784454219, 4388910.489388142712414 ], [ 424775.354229784454219, 4388908.489388142712414 ], [ 424776.354229784454219, 4388908.489388142712414 ], [ 424776.354229784454219, 4388907.489388142712414 ], [ 424777.354229784454219, 4388907.489388142712414 ], [ 424777.354229784454219, 4388906.489388142712414 ], [ 424778.354229784454219, 4388906.489388142712414 ], [ 424778.354229784454219, 4388905.489388142712414 ], [ 424779.354229784454219, 4388905.489388142712414 ], [ 424779.354229784454219, 4388904.489388142712414 ], [ 424780.354229784454219, 4388904.489388142712414 ], [ 424780.354229784454219, 4388902.489388142712414 ], [ 424781.354229784454219, 4388902.489388142712414 ], [ 424781.354229784454219, 4388901.489388142712414 ], [ 424782.354229784454219, 4388901.489388142712414 ], [ 424782.354229784454219, 4388900.489388142712414 ], [ 424783.354229784454219, 4388900.489388142712414 ], [ 424783.354229784454219, 4388899.489388142712414 ], [ 424784.354229784454219, 4388899.489388142712414 ], [ 424784.354229784454219, 4388897.489388142712414 ], [ 424785.354229784454219, 4388897.489388142712414 ], [ 424785.354229784454219, 4388896.489388142712414 ], [ 424786.354229784454219, 4388896.489388142712414 ], [ 424786.354229784454219, 4388895.489388142712414 ], [ 424787.354229784454219, 4388895.489388142712414 ], [ 424787.354229784454219, 4388894.489388142712414 ], [ 424788.354229784454219, 4388894.489388142712414 ], [ 424788.354229784454219, 4388892.489388142712414 ], [ 424787.354229784454219, 4388892.489388142712414 ], [ 424787.354229784454219, 4388893.489388142712414 ], [ 424786.354229784454219, 4388893.489388142712414 ], [ 424786.354229784454219, 4388891.489388142712414 ], [ 424787.354229784454219, 4388891.489388142712414 ], [ 424787.354229784454219, 4388890.489388142712414 ], [ 424788.354229784454219, 4388890.489388142712414 ], [ 424788.354229784454219, 4388889.489388142712414 ], [ 424789.354229784454219, 4388889.489388142712414 ], [ 424789.354229784454219, 4388888.489388142712414 ], [ 424790.354229784454219, 4388888.489388142712414 ], [ 424790.354229784454219, 4388887.489388142712414 ], [ 424791.354229784454219, 4388887.489388142712414 ], [ 424791.354229784454219, 4388885.489388142712414 ], [ 424792.354229784454219, 4388885.489388142712414 ], [ 424792.354229784454219, 4388884.489388142712414 ], [ 424793.354229784454219, 4388884.489388142712414 ], [ 424793.354229784454219, 4388883.489388142712414 ], [ 424794.354229784454219, 4388883.489388142712414 ], [ 424794.354229784454219, 4388882.489388142712414 ], [ 424795.354229784454219, 4388882.489388142712414 ], [ 424795.354229784454219, 4388881.489388142712414 ], [ 424796.354229784454219, 4388881.489388142712414 ], [ 424796.354229784454219, 4388879.489388142712414 ], [ 424797.354229784454219, 4388879.489388142712414 ], [ 424797.354229784454219, 4388878.489388142712414 ], [ 424798.354229784454219, 4388878.489388142712414 ], [ 424798.354229784454219, 4388877.489388142712414 ], [ 424799.354229784454219, 4388877.489388142712414 ], [ 424799.354229784454219, 4388876.489388142712414 ], [ 424800.354229784454219, 4388876.489388142712414 ], [ 424800.354229784454219, 4388875.489388142712414 ], [ 424801.354229784454219, 4388875.489388142712414 ], [ 424801.354229784454219, 4388874.489388142712414 ], [ 424802.354229784454219, 4388874.489388142712414 ], [ 424802.354229784454219, 4388873.489388142712414 ], [ 424803.354229784454219, 4388873.489388142712414 ], [ 424803.354229784454219, 4388872.489388142712414 ], [ 424804.354229784454219, 4388872.489388142712414 ], [ 424804.354229784454219, 4388870.489388142712414 ], [ 424805.354229784454219, 4388870.489388142712414 ], [ 424805.354229784454219, 4388866.489388142712414 ], [ 424806.354229784454219, 4388866.489388142712414 ], [ 424806.354229784454219, 4388861.489388142712414 ], [ 424807.354229784454219, 4388861.489388142712414 ], [ 424807.354229784454219, 4388857.489388142712414 ], [ 424808.354229784454219, 4388857.489388142712414 ], [ 424808.354229784454219, 4388851.489388142712414 ], [ 424809.354229784454219, 4388851.489388142712414 ], [ 424809.354229784454219, 4388848.489388142712414 ], [ 424810.354229784454219, 4388848.489388142712414 ], [ 424810.354229784454219, 4388842.489388142712414 ], [ 424811.354229784454219, 4388842.489388142712414 ], [ 424811.354229784454219, 4388837.489388142712414 ], [ 424812.354229784454219, 4388837.489388142712414 ], [ 424812.354229784454219, 4388834.489388142712414 ], [ 424813.354229784454219, 4388834.489388142712414 ], [ 424813.354229784454219, 4388830.489388142712414 ], [ 424814.354229784454219, 4388830.489388142712414 ], [ 424814.354229784454219, 4388826.489388142712414 ], [ 424815.354229784454219, 4388826.489388142712414 ], [ 424815.354229784454219, 4388823.489388142712414 ], [ 424816.354229784454219, 4388823.489388142712414 ], [ 424816.354229784454219, 4388819.489388142712414 ], [ 424817.354229784454219, 4388819.489388142712414 ], [ 424817.354229784454219, 4388817.489388142712414 ], [ 424818.354229784454219, 4388817.489388142712414 ], [ 424818.354229784454219, 4388814.489388142712414 ], [ 424819.354229784454219, 4388814.489388142712414 ], [ 424819.354229784454219, 4388812.489388142712414 ], [ 424820.354229784454219, 4388812.489388142712414 ], [ 424820.354229784454219, 4388809.489388142712414 ], [ 424821.354229784454219, 4388809.489388142712414 ], [ 424821.354229784454219, 4388807.489388142712414 ], [ 424822.354229784454219, 4388807.489388142712414 ], [ 424822.354229784454219, 4388804.489388142712414 ], [ 424823.354229784454219, 4388804.489388142712414 ], [ 424823.354229784454219, 4388802.489388142712414 ], [ 424824.354229784454219, 4388802.489388142712414 ], [ 424824.354229784454219, 4388799.489388142712414 ], [ 424825.354229784454219, 4388799.489388142712414 ], [ 424825.354229784454219, 4388797.489388142712414 ], [ 424826.354229784454219, 4388797.489388142712414 ], [ 424826.354229784454219, 4388795.489388142712414 ], [ 424827.354229784454219, 4388795.489388142712414 ], [ 424827.354229784454219, 4388792.489388142712414 ], [ 424828.354229784454219, 4388792.489388142712414 ], [ 424828.354229784454219, 4388790.489388142712414 ], [ 424829.354229784454219, 4388790.489388142712414 ], [ 424829.354229784454219, 4388788.489388142712414 ], [ 424830.354229784454219, 4388788.489388142712414 ], [ 424830.354229784454219, 4388785.489388142712414 ], [ 424831.354229784454219, 4388785.489388142712414 ], [ 424831.354229784454219, 4388783.489388142712414 ], [ 424832.354229784454219, 4388783.489388142712414 ], [ 424832.354229784454219, 4388781.489388142712414 ], [ 424833.354229784454219, 4388781.489388142712414 ], [ 424833.354229784454219, 4388779.489388142712414 ], [ 424834.354229784454219, 4388779.489388142712414 ], [ 424834.354229784454219, 4388777.489388142712414 ], [ 424835.354229784454219, 4388777.489388142712414 ], [ 424835.354229784454219, 4388776.489388142712414 ], [ 424836.354229784454219, 4388776.489388142712414 ], [ 424836.354229784454219, 4388774.489388142712414 ], [ 424837.354229784454219, 4388774.489388142712414 ], [ 424837.354229784454219, 4388772.489388142712414 ], [ 424838.354229784454219, 4388772.489388142712414 ], [ 424838.354229784454219, 4388770.489388142712414 ], [ 424839.354229784454219, 4388770.489388142712414 ], [ 424839.354229784454219, 4388769.489388142712414 ], [ 424840.354229784454219, 4388769.489388142712414 ], [ 424840.354229784454219, 4388767.489388142712414 ], [ 424841.354229784454219, 4388767.489388142712414 ], [ 424841.354229784454219, 4388766.489388142712414 ], [ 424842.354229784454219, 4388766.489388142712414 ], [ 424842.354229784454219, 4388764.489388142712414 ], [ 424843.354229784454219, 4388764.489388142712414 ], [ 424843.354229784454219, 4388762.489388142712414 ], [ 424844.354229784454219, 4388762.489388142712414 ], [ 424844.354229784454219, 4388761.489388142712414 ], [ 424845.354229784454219, 4388761.489388142712414 ], [ 424845.354229784454219, 4388760.489388142712414 ], [ 424846.354229784454219, 4388760.489388142712414 ], [ 424846.354229784454219, 4388757.489388142712414 ], [ 424847.354229784454219, 4388757.489388142712414 ], [ 424847.354229784454219, 4388756.489388142712414 ], [ 424848.354229784454219, 4388756.489388142712414 ], [ 424848.354229784454219, 4388755.489388142712414 ], [ 424849.354229784454219, 4388755.489388142712414 ], [ 424849.354229784454219, 4388753.489388142712414 ], [ 424850.354229784454219, 4388753.489388142712414 ], [ 424850.354229784454219, 4388752.489388142712414 ], [ 424851.354229784454219, 4388752.489388142712414 ], [ 424851.354229784454219, 4388749.489388142712414 ], [ 424852.354229784454219, 4388749.489388142712414 ], [ 424852.354229784454219, 4388748.489388142712414 ], [ 424853.354229784454219, 4388748.489388142712414 ], [ 424853.354229784454219, 4388746.489388142712414 ], [ 424854.354229784454219, 4388746.489388142712414 ], [ 424854.354229784454219, 4388744.489388142712414 ], [ 424855.354229784454219, 4388744.489388142712414 ], [ 424855.354229784454219, 4388742.489388142712414 ], [ 424856.354229784454219, 4388742.489388142712414 ], [ 424856.354229784454219, 4388740.489388142712414 ], [ 424857.354229784454219, 4388740.489388142712414 ], [ 424857.354229784454219, 4388738.489388142712414 ], [ 424858.354229784454219, 4388738.489388142712414 ], [ 424858.354229784454219, 4388737.489388142712414 ], [ 424859.354229784454219, 4388737.489388142712414 ], [ 424859.354229784454219, 4388735.489388142712414 ], [ 424860.354229784454219, 4388735.489388142712414 ], [ 424860.354229784454219, 4388733.489388142712414 ], [ 424861.354229784454219, 4388733.489388142712414 ], [ 424861.354229784454219, 4388731.489388142712414 ], [ 424862.354229784454219, 4388731.489388142712414 ], [ 424862.354229784454219, 4388729.489388142712414 ], [ 424863.354229784454219, 4388729.489388142712414 ], [ 424863.354229784454219, 4388724.489388142712414 ], [ 424864.354229784454219, 4388724.489388142712414 ], [ 424864.354229784454219, 4388720.489388142712414 ], [ 424865.354229784454219, 4388720.489388142712414 ], [ 424865.354229784454219, 4388716.489388142712414 ], [ 424866.354229784454219, 4388716.489388142712414 ], [ 424866.354229784454219, 4388712.489388142712414 ], [ 424867.354229784454219, 4388712.489388142712414 ], [ 424867.354229784454219, 4388707.489388142712414 ], [ 424868.354229784454219, 4388707.489388142712414 ], [ 424868.354229784454219, 4388701.489388142712414 ], [ 424869.354229784454219, 4388701.489388142712414 ], [ 424869.354229784454219, 4388694.489388142712414 ], [ 424870.354229784454219, 4388694.489388142712414 ], [ 424870.354229784454219, 4388662.489388142712414 ], [ 424869.354229784454219, 4388662.489388142712414 ], [ 424869.354229784454219, 4388652.489388142712414 ], [ 424868.354229784454219, 4388652.489388142712414 ], [ 424868.354229784454219, 4388639.489388142712414 ], [ 424867.354229784454219, 4388639.489388142712414 ], [ 424867.354229784454219, 4388603.489388142712414 ], [ 424868.354229784454219, 4388603.489388142712414 ], [ 424868.354229784454219, 4388581.489388142712414 ], [ 424869.354229784454219, 4388581.489388142712414 ], [ 424869.354229784454219, 4388569.489388142712414 ], [ 424870.354229784454219, 4388569.489388142712414 ], [ 424870.354229784454219, 4388566.489388142712414 ], [ 424869.354229784454219, 4388566.489388142712414 ], [ 424869.354229784454219, 4388565.489388142712414 ], [ 424870.354229784454219, 4388565.489388142712414 ], [ 424870.354229784454219, 4388561.489388142712414 ], [ 424869.354229784454219, 4388561.489388142712414 ], [ 424869.354229784454219, 4388547.489388142712414 ], [ 424868.354229784454219, 4388547.489388142712414 ], [ 424868.354229784454219, 4388546.489388142712414 ], [ 424869.354229784454219, 4388546.489388142712414 ], [ 424869.354229784454219, 4388545.489388142712414 ], [ 424868.354229784454219, 4388545.489388142712414 ], [ 424868.354229784454219, 4388540.489388142712414 ], [ 424867.354229784454219, 4388540.489388142712414 ], [ 424867.354229784454219, 4388534.489388142712414 ], [ 424866.354229784454219, 4388534.489388142712414 ], [ 424866.354229784454219, 4388528.489388142712414 ], [ 424865.354229784454219, 4388528.489388142712414 ], [ 424865.354229784454219, 4388510.489388142712414 ], [ 424866.354229784454219, 4388510.489388142712414 ], [ 424866.354229784454219, 4388505.489388142712414 ], [ 424867.354229784454219, 4388505.489388142712414 ], [ 424867.354229784454219, 4388501.489388142712414 ], [ 424868.354229784454219, 4388501.489388142712414 ], [ 424868.354229784454219, 4388498.489388142712414 ], [ 424869.354229784454219, 4388498.489388142712414 ], [ 424869.354229784454219, 4388487.489388142712414 ], [ 424868.354229784454219, 4388487.489388142712414 ], [ 424868.354229784454219, 4388481.489388142712414 ], [ 424867.354229784454219, 4388481.489388142712414 ], [ 424867.354229784454219, 4388476.489388142712414 ], [ 424866.354229784454219, 4388476.489388142712414 ], [ 424866.354229784454219, 4388469.489388142712414 ], [ 424865.354229784454219, 4388469.489388142712414 ], [ 424865.354229784454219, 4388464.489388142712414 ], [ 424864.354229784454219, 4388464.489388142712414 ], [ 424864.354229784454219, 4388456.489388142712414 ], [ 424863.354229784454219, 4388456.489388142712414 ], [ 424863.354229784454219, 4388448.489388142712414 ], [ 424862.354229784454219, 4388448.489388142712414 ], [ 424862.354229784454219, 4388440.489388142712414 ], [ 424861.354229784454219, 4388440.489388142712414 ], [ 424861.354229784454219, 4388434.489388142712414 ], [ 424860.354229784454219, 4388434.489388142712414 ], [ 424860.354229784454219, 4388429.489388142712414 ], [ 424859.354229784454219, 4388429.489388142712414 ], [ 424859.354229784454219, 4388428.489388142712414 ], [ 424857.354229784454219, 4388428.489388142712414 ], [ 424857.354229784454219, 4388427.489388142712414 ], [ 424853.354229784454219, 4388427.489388142712414 ], [ 424853.354229784454219, 4388426.489388142712414 ], [ 424850.354229784454219, 4388426.489388142712414 ], [ 424850.354229784454219, 4388425.489388142712414 ], [ 424847.354229784454219, 4388425.489388142712414 ], [ 424847.354229784454219, 4388424.489388142712414 ], [ 424846.354229784454219, 4388424.489388142712414 ], [ 424846.354229784454219, 4388423.489388142712414 ], [ 424845.354229784454219, 4388423.489388142712414 ], [ 424845.354229784454219, 4388421.489388142712414 ], [ 424844.354229784454219, 4388421.489388142712414 ], [ 424844.354229784454219, 4388418.489388142712414 ], [ 424843.354229784454219, 4388418.489388142712414 ], [ 424843.354229784454219, 4388417.489388142712414 ], [ 424841.354229784454219, 4388417.489388142712414 ], [ 424841.354229784454219, 4388416.489388142712414 ], [ 424840.354229784454219, 4388416.489388142712414 ], [ 424840.354229784454219, 4388415.489388142712414 ], [ 424839.354229784454219, 4388415.489388142712414 ], [ 424839.354229784454219, 4388414.489388142712414 ], [ 424838.354229784454219, 4388414.489388142712414 ], [ 424838.354229784454219, 4388413.489388142712414 ], [ 424837.354229784454219, 4388413.489388142712414 ], [ 424837.354229784454219, 4388412.489388142712414 ], [ 424834.354229784454219, 4388412.489388142712414 ], [ 424834.354229784454219, 4388411.489388142712414 ], [ 424833.354229784454219, 4388411.489388142712414 ], [ 424833.354229784454219, 4388410.489388142712414 ], [ 424832.354229784454219, 4388410.489388142712414 ], [ 424832.354229784454219, 4388409.489388142712414 ], [ 424831.354229784454219, 4388409.489388142712414 ], [ 424831.354229784454219, 4388407.489388142712414 ], [ 424830.354229784454219, 4388407.489388142712414 ], [ 424830.354229784454219, 4388405.489388142712414 ], [ 424829.354229784454219, 4388405.489388142712414 ], [ 424829.354229784454219, 4388403.489388142712414 ], [ 424828.354229784454219, 4388403.489388142712414 ], [ 424828.354229784454219, 4388401.489388142712414 ], [ 424827.354229784454219, 4388401.489388142712414 ], [ 424827.354229784454219, 4388399.489388142712414 ], [ 424828.354229784454219, 4388399.489388142712414 ], [ 424828.354229784454219, 4388397.489388142712414 ], [ 424829.354229784454219, 4388397.489388142712414 ], [ 424829.354229784454219, 4388395.489388142712414 ], [ 424830.354229784454219, 4388395.489388142712414 ], [ 424830.354229784454219, 4388393.489388142712414 ], [ 424831.354229784454219, 4388393.489388142712414 ], [ 424831.354229784454219, 4388392.489388142712414 ], [ 424832.354229784454219, 4388392.489388142712414 ], [ 424832.354229784454219, 4388390.489388142712414 ], [ 424833.354229784454219, 4388390.489388142712414 ], [ 424833.354229784454219, 4388384.489388142712414 ], [ 424834.354229784454219, 4388384.489388142712414 ], [ 424834.354229784454219, 4388382.489388142712414 ], [ 424833.354229784454219, 4388382.489388142712414 ], [ 424833.354229784454219, 4388377.489388142712414 ], [ 424832.354229784454219, 4388377.489388142712414 ], [ 424832.354229784454219, 4388371.489388142712414 ], [ 424831.354229784454219, 4388371.489388142712414 ], [ 424831.354229784454219, 4388369.489388142712414 ], [ 424829.354229784454219, 4388369.489388142712414 ], [ 424829.354229784454219, 4388368.489388142712414 ], [ 424828.354229784454219, 4388368.489388142712414 ], [ 424828.354229784454219, 4388369.489388142712414 ], [ 424827.354229784454219, 4388369.489388142712414 ], [ 424827.354229784454219, 4388368.489388142712414 ], [ 424825.354229784454219, 4388368.489388142712414 ], [ 424825.354229784454219, 4388367.489388142712414 ], [ 424821.354229784454219, 4388367.489388142712414 ], [ 424821.354229784454219, 4388366.489388142712414 ], [ 424819.354229784454219, 4388366.489388142712414 ], [ 424819.354229784454219, 4388365.489388142712414 ], [ 424817.354229784454219, 4388365.489388142712414 ], [ 424817.354229784454219, 4388364.489388142712414 ], [ 424816.354229784454219, 4388364.489388142712414 ], [ 424816.354229784454219, 4388363.489388142712414 ], [ 424815.354229784454219, 4388363.489388142712414 ], [ 424815.354229784454219, 4388361.489388142712414 ], [ 424814.354229784454219, 4388361.489388142712414 ], [ 424814.354229784454219, 4388360.489388142712414 ], [ 424813.354229784454219, 4388360.489388142712414 ], [ 424813.354229784454219, 4388359.489388142712414 ], [ 424812.354229784454219, 4388359.489388142712414 ], [ 424812.354229784454219, 4388358.489388142712414 ], [ 424810.354229784454219, 4388358.489388142712414 ], [ 424810.354229784454219, 4388357.489388142712414 ], [ 424809.354229784454219, 4388357.489388142712414 ], [ 424809.354229784454219, 4388356.489388142712414 ], [ 424808.354229784454219, 4388356.489388142712414 ], [ 424808.354229784454219, 4388355.489388142712414 ], [ 424807.354229784454219, 4388355.489388142712414 ], [ 424807.354229784454219, 4388352.489388142712414 ], [ 424808.354229784454219, 4388352.489388142712414 ], [ 424808.354229784454219, 4388351.489388142712414 ], [ 424809.354229784454219, 4388351.489388142712414 ], [ 424809.354229784454219, 4388349.489388142712414 ], [ 424810.354229784454219, 4388349.489388142712414 ], [ 424810.354229784454219, 4388342.489388142712414 ], [ 424812.354229784454219, 4388342.489388142712414 ], [ 424812.354229784454219, 4388343.489388142712414 ], [ 424814.354229784454219, 4388343.489388142712414 ], [ 424814.354229784454219, 4388344.489388142712414 ], [ 424816.354229784454219, 4388344.489388142712414 ], [ 424816.354229784454219, 4388345.489388142712414 ], [ 424817.354229784454219, 4388345.489388142712414 ], [ 424817.354229784454219, 4388346.489388142712414 ], [ 424818.354229784454219, 4388346.489388142712414 ], [ 424818.354229784454219, 4388347.489388142712414 ], [ 424819.354229784454219, 4388347.489388142712414 ], [ 424819.354229784454219, 4388348.489388142712414 ], [ 424820.354229784454219, 4388348.489388142712414 ], [ 424820.354229784454219, 4388349.489388142712414 ], [ 424829.354229784454219, 4388349.489388142712414 ], [ 424829.354229784454219, 4388350.489388142712414 ], [ 424831.354229784454219, 4388350.489388142712414 ], [ 424831.354229784454219, 4388352.489388142712414 ], [ 424832.354229784454219, 4388352.489388142712414 ], [ 424832.354229784454219, 4388355.489388142712414 ], [ 424836.354229784454219, 4388355.489388142712414 ], [ 424836.354229784454219, 4388354.489388142712414 ], [ 424835.354229784454219, 4388354.489388142712414 ], [ 424835.354229784454219, 4388353.489388142712414 ], [ 424836.354229784454219, 4388353.489388142712414 ], [ 424836.354229784454219, 4388352.489388142712414 ], [ 424835.354229784454219, 4388352.489388142712414 ], [ 424835.354229784454219, 4388351.489388142712414 ], [ 424834.354229784454219, 4388351.489388142712414 ], [ 424834.354229784454219, 4388349.489388142712414 ], [ 424833.354229784454219, 4388349.489388142712414 ], [ 424833.354229784454219, 4388347.489388142712414 ], [ 424835.354229784454219, 4388347.489388142712414 ], [ 424835.354229784454219, 4388345.489388142712414 ], [ 424837.354229784454219, 4388345.489388142712414 ], [ 424837.354229784454219, 4388341.489388142712414 ], [ 424838.354229784454219, 4388341.489388142712414 ], [ 424838.354229784454219, 4388339.489388142712414 ], [ 424840.354229784454219, 4388339.489388142712414 ], [ 424840.354229784454219, 4388338.489388142712414 ], [ 424842.354229784454219, 4388338.489388142712414 ], [ 424842.354229784454219, 4388337.489388142712414 ], [ 424843.354229784454219, 4388337.489388142712414 ], [ 424843.354229784454219, 4388338.489388142712414 ], [ 424846.354229784454219, 4388338.489388142712414 ], [ 424846.354229784454219, 4388339.489388142712414 ], [ 424848.354229784454219, 4388339.489388142712414 ], [ 424848.354229784454219, 4388338.489388142712414 ], [ 424849.354229784454219, 4388338.489388142712414 ], [ 424849.354229784454219, 4388337.489388142712414 ], [ 424853.354229784454219, 4388337.489388142712414 ], [ 424853.354229784454219, 4388338.489388142712414 ], [ 424854.354229784454219, 4388338.489388142712414 ], [ 424854.354229784454219, 4388339.489388142712414 ], [ 424855.354229784454219, 4388339.489388142712414 ], [ 424855.354229784454219, 4388341.489388142712414 ], [ 424856.354229784454219, 4388341.489388142712414 ], [ 424856.354229784454219, 4388343.489388142712414 ], [ 424857.354229784454219, 4388343.489388142712414 ], [ 424857.354229784454219, 4388345.489388142712414 ], [ 424858.354229784454219, 4388345.489388142712414 ], [ 424858.354229784454219, 4388348.489388142712414 ], [ 424859.354229784454219, 4388348.489388142712414 ], [ 424859.354229784454219, 4388351.489388142712414 ], [ 424860.354229784454219, 4388351.489388142712414 ], [ 424860.354229784454219, 4388352.489388142712414 ], [ 424862.354229784454219, 4388352.489388142712414 ], [ 424862.354229784454219, 4388353.489388142712414 ], [ 424863.354229784454219, 4388353.489388142712414 ], [ 424863.354229784454219, 4388354.489388142712414 ], [ 424865.354229784454219, 4388354.489388142712414 ], [ 424865.354229784454219, 4388356.489388142712414 ], [ 424866.354229784454219, 4388356.489388142712414 ], [ 424866.354229784454219, 4388359.489388142712414 ], [ 424867.354229784454219, 4388359.489388142712414 ], [ 424867.354229784454219, 4388365.489388142712414 ], [ 424868.354229784454219, 4388365.489388142712414 ], [ 424868.354229784454219, 4388367.489388142712414 ], [ 424869.354229784454219, 4388367.489388142712414 ], [ 424869.354229784454219, 4388368.489388142712414 ], [ 424870.354229784454219, 4388368.489388142712414 ], [ 424870.354229784454219, 4388369.489388142712414 ], [ 424872.354229784454219, 4388369.489388142712414 ], [ 424872.354229784454219, 4388370.489388142712414 ], [ 424873.354229784454219, 4388370.489388142712414 ], [ 424873.354229784454219, 4388371.489388142712414 ], [ 424874.354229784454219, 4388371.489388142712414 ], [ 424874.354229784454219, 4388372.489388142712414 ], [ 424875.354229784454219, 4388372.489388142712414 ], [ 424875.354229784454219, 4388373.489388142712414 ], [ 424876.354229784454219, 4388373.489388142712414 ], [ 424876.354229784454219, 4388374.489388142712414 ], [ 424878.354229784454219, 4388374.489388142712414 ], [ 424878.354229784454219, 4388375.489388142712414 ], [ 424879.354229784454219, 4388375.489388142712414 ], [ 424879.354229784454219, 4388376.489388142712414 ], [ 424882.354229784454219, 4388376.489388142712414 ], [ 424882.354229784454219, 4388377.489388142712414 ], [ 424883.354229784454219, 4388377.489388142712414 ], [ 424883.354229784454219, 4388378.489388142712414 ], [ 424884.354229784454219, 4388378.489388142712414 ], [ 424884.354229784454219, 4388379.489388142712414 ], [ 424886.354229784454219, 4388379.489388142712414 ], [ 424886.354229784454219, 4388380.489388142712414 ], [ 424888.354229784454219, 4388380.489388142712414 ], [ 424888.354229784454219, 4388382.489388142712414 ], [ 424889.354229784454219, 4388382.489388142712414 ], [ 424889.354229784454219, 4388383.489388142712414 ], [ 424890.354229784454219, 4388383.489388142712414 ], [ 424890.354229784454219, 4388385.489388142712414 ], [ 424892.354229784454219, 4388385.489388142712414 ], [ 424892.354229784454219, 4388386.489388142712414 ], [ 424893.354229784454219, 4388386.489388142712414 ], [ 424893.354229784454219, 4388385.489388142712414 ], [ 424895.354229784454219, 4388385.489388142712414 ], [ 424895.354229784454219, 4388386.489388142712414 ], [ 424896.354229784454219, 4388386.489388142712414 ], [ 424896.354229784454219, 4388385.489388142712414 ], [ 424897.354229784454219, 4388385.489388142712414 ], [ 424897.354229784454219, 4388386.489388142712414 ], [ 424900.354229784454219, 4388386.489388142712414 ], [ 424900.354229784454219, 4388387.489388142712414 ], [ 424903.354229784454219, 4388387.489388142712414 ], [ 424903.354229784454219, 4388388.489388142712414 ], [ 424906.354229784454219, 4388388.489388142712414 ], [ 424906.354229784454219, 4388389.489388142712414 ], [ 424907.354229784454219, 4388389.489388142712414 ], [ 424907.354229784454219, 4388390.489388142712414 ], [ 424909.354229784454219, 4388390.489388142712414 ], [ 424909.354229784454219, 4388391.489388142712414 ], [ 424911.354229784454219, 4388391.489388142712414 ], [ 424911.354229784454219, 4388392.489388142712414 ], [ 424912.354229784454219, 4388392.489388142712414 ], [ 424912.354229784454219, 4388393.489388142712414 ], [ 424914.354229784454219, 4388393.489388142712414 ], [ 424914.354229784454219, 4388394.489388142712414 ], [ 424915.354229784454219, 4388394.489388142712414 ], [ 424915.354229784454219, 4388395.489388142712414 ], [ 424917.354229784454219, 4388395.489388142712414 ], [ 424917.354229784454219, 4388396.489388142712414 ], [ 424919.354229784454219, 4388396.489388142712414 ], [ 424919.354229784454219, 4388397.489388142712414 ], [ 424923.354229784454219, 4388397.489388142712414 ], [ 424923.354229784454219, 4388398.489388142712414 ], [ 424930.354229784454219, 4388398.489388142712414 ], [ 424930.354229784454219, 4388399.489388142712414 ], [ 424932.354229784454219, 4388399.489388142712414 ], [ 424932.354229784454219, 4388400.489388142712414 ], [ 424933.354229784454219, 4388400.489388142712414 ], [ 424933.354229784454219, 4388401.489388142712414 ], [ 424935.354229784454219, 4388401.489388142712414 ], [ 424935.354229784454219, 4388402.489388142712414 ], [ 424938.354229784454219, 4388402.489388142712414 ], [ 424938.354229784454219, 4388403.489388142712414 ], [ 424947.354229784454219, 4388403.489388142712414 ], [ 424947.354229784454219, 4388404.489388142712414 ], [ 424952.354229784454219, 4388404.489388142712414 ], [ 424952.354229784454219, 4388403.489388142712414 ], [ 424953.354229784454219, 4388403.489388142712414 ], [ 424953.354229784454219, 4388402.489388142712414 ], [ 424955.354229784454219, 4388402.489388142712414 ], [ 424955.354229784454219, 4388401.489388142712414 ], [ 424956.354229784454219, 4388401.489388142712414 ], [ 424956.354229784454219, 4388400.489388142712414 ], [ 424966.354229784454219, 4388400.489388142712414 ], [ 424966.354229784454219, 4388396.489388142712414 ], [ 424967.354229784454219, 4388396.489388142712414 ], [ 424967.354229784454219, 4388398.489388142712414 ], [ 424968.354229784454219, 4388398.489388142712414 ], [ 424968.354229784454219, 4388401.489388142712414 ], [ 424970.354229784454219, 4388401.489388142712414 ], [ 424970.354229784454219, 4388402.489388142712414 ], [ 424972.354229784454219, 4388402.489388142712414 ], [ 424972.354229784454219, 4388403.489388142712414 ], [ 424974.354229784454219, 4388403.489388142712414 ], [ 424974.354229784454219, 4388404.489388142712414 ], [ 424975.354229784454219, 4388404.489388142712414 ], [ 424975.354229784454219, 4388405.489388142712414 ], [ 424977.354229784454219, 4388405.489388142712414 ], [ 424977.354229784454219, 4388406.489388142712414 ], [ 424978.354229784454219, 4388406.489388142712414 ], [ 424978.354229784454219, 4388407.489388142712414 ], [ 424979.354229784454219, 4388407.489388142712414 ], [ 424979.354229784454219, 4388408.489388142712414 ], [ 424980.354229784454219, 4388408.489388142712414 ], [ 424980.354229784454219, 4388409.489388142712414 ], [ 424982.354229784454219, 4388409.489388142712414 ], [ 424982.354229784454219, 4388410.489388142712414 ], [ 424983.354229784454219, 4388410.489388142712414 ], [ 424983.354229784454219, 4388408.489388142712414 ], [ 424985.354229784454219, 4388408.489388142712414 ], [ 424985.354229784454219, 4388407.489388142712414 ], [ 424986.354229784454219, 4388407.489388142712414 ], [ 424986.354229784454219, 4388408.489388142712414 ], [ 424987.354229784454219, 4388408.489388142712414 ], [ 424987.354229784454219, 4388410.489388142712414 ], [ 424989.354229784454219, 4388410.489388142712414 ], [ 424989.354229784454219, 4388409.489388142712414 ], [ 424991.354229784454219, 4388409.489388142712414 ], [ 424991.354229784454219, 4388407.489388142712414 ], [ 424992.354229784454219, 4388407.489388142712414 ], [ 424992.354229784454219, 4388404.489388142712414 ], [ 424993.354229784454219, 4388404.489388142712414 ], [ 424993.354229784454219, 4388402.489388142712414 ], [ 424994.354229784454219, 4388402.489388142712414 ], [ 424994.354229784454219, 4388400.489388142712414 ], [ 424995.354229784454219, 4388400.489388142712414 ], [ 424995.354229784454219, 4388397.489388142712414 ], [ 424996.354229784454219, 4388397.489388142712414 ], [ 424996.354229784454219, 4388393.489388142712414 ], [ 424997.354229784454219, 4388393.489388142712414 ], [ 424997.354229784454219, 4388391.489388142712414 ], [ 424996.354229784454219, 4388391.489388142712414 ], [ 424996.354229784454219, 4388390.489388142712414 ], [ 424999.354229784454219, 4388390.489388142712414 ], [ 424999.354229784454219, 4388395.489388142712414 ], [ 425000.354229784454219, 4388395.489388142712414 ], [ 425000.354229784454219, 4388392.489388142712414 ], [ 425001.354229784454219, 4388392.489388142712414 ], [ 425001.354229784454219, 4388395.489388142712414 ], [ 425002.354229784454219, 4388395.489388142712414 ], [ 425002.354229784454219, 4388392.489388142712414 ], [ 425006.354229784454219, 4388392.489388142712414 ], [ 425006.354229784454219, 4388393.489388142712414 ], [ 425007.354229784454219, 4388393.489388142712414 ], [ 425007.354229784454219, 4388394.489388142712414 ], [ 425011.354229784454219, 4388394.489388142712414 ], [ 425011.354229784454219, 4388395.489388142712414 ], [ 425013.354229784454219, 4388395.489388142712414 ], [ 425013.354229784454219, 4388396.489388142712414 ], [ 425014.354229784454219, 4388396.489388142712414 ], [ 425014.354229784454219, 4388397.489388142712414 ], [ 425016.354229784454219, 4388397.489388142712414 ], [ 425016.354229784454219, 4388398.489388142712414 ], [ 425017.354229784454219, 4388398.489388142712414 ], [ 425017.354229784454219, 4388400.489388142712414 ], [ 425020.354229784454219, 4388400.489388142712414 ], [ 425020.354229784454219, 4388401.489388142712414 ], [ 425023.354229784454219, 4388401.489388142712414 ], [ 425023.354229784454219, 4388402.489388142712414 ], [ 425027.354229784454219, 4388402.489388142712414 ], [ 425027.354229784454219, 4388403.489388142712414 ], [ 425028.354229784454219, 4388403.489388142712414 ], [ 425028.354229784454219, 4388405.489388142712414 ], [ 425029.354229784454219, 4388405.489388142712414 ], [ 425029.354229784454219, 4388408.489388142712414 ], [ 425030.354229784454219, 4388408.489388142712414 ], [ 425030.354229784454219, 4388410.489388142712414 ], [ 425031.354229784454219, 4388410.489388142712414 ], [ 425031.354229784454219, 4388411.489388142712414 ], [ 425032.354229784454219, 4388411.489388142712414 ], [ 425032.354229784454219, 4388412.489388142712414 ], [ 425033.354229784454219, 4388412.489388142712414 ], [ 425033.354229784454219, 4388419.489388142712414 ], [ 425032.354229784454219, 4388419.489388142712414 ], [ 425032.354229784454219, 4388422.489388142712414 ], [ 425031.354229784454219, 4388422.489388142712414 ], [ 425031.354229784454219, 4388424.489388142712414 ], [ 425030.354229784454219, 4388424.489388142712414 ], [ 425030.354229784454219, 4388427.489388142712414 ], [ 425029.354229784454219, 4388427.489388142712414 ], [ 425029.354229784454219, 4388431.489388142712414 ], [ 425028.354229784454219, 4388431.489388142712414 ], [ 425028.354229784454219, 4388439.489388142712414 ], [ 425029.354229784454219, 4388439.489388142712414 ], [ 425029.354229784454219, 4388442.489388142712414 ], [ 425030.354229784454219, 4388442.489388142712414 ], [ 425030.354229784454219, 4388448.489388142712414 ], [ 425031.354229784454219, 4388448.489388142712414 ], [ 425031.354229784454219, 4388452.489388142712414 ], [ 425032.354229784454219, 4388452.489388142712414 ], [ 425032.354229784454219, 4388459.489388142712414 ], [ 425031.354229784454219, 4388459.489388142712414 ], [ 425031.354229784454219, 4388464.489388142712414 ], [ 425030.354229784454219, 4388464.489388142712414 ], [ 425030.354229784454219, 4388468.489388142712414 ], [ 425029.354229784454219, 4388468.489388142712414 ], [ 425029.354229784454219, 4388471.489388142712414 ], [ 425028.354229784454219, 4388471.489388142712414 ], [ 425028.354229784454219, 4388473.489388142712414 ], [ 425027.354229784454219, 4388473.489388142712414 ], [ 425027.354229784454219, 4388475.489388142712414 ], [ 425026.354229784454219, 4388475.489388142712414 ], [ 425026.354229784454219, 4388478.489388142712414 ], [ 425025.354229784454219, 4388478.489388142712414 ], [ 425025.354229784454219, 4388480.489388142712414 ], [ 425024.354229784454219, 4388480.489388142712414 ], [ 425024.354229784454219, 4388483.489388142712414 ], [ 425023.354229784454219, 4388483.489388142712414 ], [ 425023.354229784454219, 4388487.489388142712414 ], [ 425022.354229784454219, 4388487.489388142712414 ], [ 425022.354229784454219, 4388492.489388142712414 ], [ 425021.354229784454219, 4388492.489388142712414 ], [ 425021.354229784454219, 4388496.489388142712414 ], [ 425020.354229784454219, 4388496.489388142712414 ], [ 425020.354229784454219, 4388501.489388142712414 ], [ 425019.354229784454219, 4388501.489388142712414 ], [ 425019.354229784454219, 4388504.489388142712414 ], [ 425018.354229784454219, 4388504.489388142712414 ], [ 425018.354229784454219, 4388510.489388142712414 ], [ 425017.354229784454219, 4388510.489388142712414 ], [ 425017.354229784454219, 4388511.489388142712414 ], [ 425018.354229784454219, 4388511.489388142712414 ], [ 425018.354229784454219, 4388512.489388142712414 ], [ 425017.354229784454219, 4388512.489388142712414 ], [ 425017.354229784454219, 4388520.489388142712414 ], [ 425016.354229784454219, 4388520.489388142712414 ], [ 425016.354229784454219, 4388526.489388142712414 ], [ 425015.354229784454219, 4388526.489388142712414 ], [ 425015.354229784454219, 4388532.489388142712414 ], [ 425014.354229784454219, 4388532.489388142712414 ], [ 425014.354229784454219, 4388537.489388142712414 ], [ 425013.354229784454219, 4388537.489388142712414 ], [ 425013.354229784454219, 4388543.489388142712414 ], [ 425012.354229784454219, 4388543.489388142712414 ], [ 425012.354229784454219, 4388551.489388142712414 ], [ 425011.354229784454219, 4388551.489388142712414 ], [ 425011.354229784454219, 4388556.489388142712414 ], [ 425010.354229784454219, 4388556.489388142712414 ], [ 425010.354229784454219, 4388562.489388142712414 ], [ 425009.354229784454219, 4388562.489388142712414 ], [ 425009.354229784454219, 4388571.489388142712414 ], [ 425008.354229784454219, 4388571.489388142712414 ], [ 425008.354229784454219, 4388578.489388142712414 ], [ 425007.354229784454219, 4388578.489388142712414 ], [ 425007.354229784454219, 4388585.489388142712414 ], [ 425006.354229784454219, 4388585.489388142712414 ], [ 425006.354229784454219, 4388590.489388142712414 ], [ 425005.354229784454219, 4388590.489388142712414 ], [ 425005.354229784454219, 4388595.489388142712414 ], [ 425004.354229784454219, 4388595.489388142712414 ], [ 425004.354229784454219, 4388598.489388142712414 ], [ 425003.354229784454219, 4388598.489388142712414 ], [ 425003.354229784454219, 4388601.489388142712414 ], [ 425002.354229784454219, 4388601.489388142712414 ], [ 425002.354229784454219, 4388604.489388142712414 ], [ 425001.354229784454219, 4388604.489388142712414 ], [ 425001.354229784454219, 4388607.489388142712414 ], [ 425000.354229784454219, 4388607.489388142712414 ], [ 425000.354229784454219, 4388609.489388142712414 ], [ 424999.354229784454219, 4388609.489388142712414 ], [ 424999.354229784454219, 4388613.489388142712414 ], [ 424998.354229784454219, 4388613.489388142712414 ], [ 424998.354229784454219, 4388615.489388142712414 ], [ 424997.354229784454219, 4388615.489388142712414 ], [ 424997.354229784454219, 4388618.489388142712414 ], [ 424996.354229784454219, 4388618.489388142712414 ], [ 424996.354229784454219, 4388619.489388142712414 ], [ 424995.354229784454219, 4388619.489388142712414 ], [ 424995.354229784454219, 4388623.489388142712414 ], [ 424994.354229784454219, 4388623.489388142712414 ], [ 424994.354229784454219, 4388626.489388142712414 ], [ 424993.354229784454219, 4388626.489388142712414 ], [ 424993.354229784454219, 4388629.489388142712414 ], [ 424992.354229784454219, 4388629.489388142712414 ], [ 424992.354229784454219, 4388634.489388142712414 ], [ 424991.354229784454219, 4388634.489388142712414 ], [ 424991.354229784454219, 4388637.489388142712414 ], [ 424990.354229784454219, 4388637.489388142712414 ], [ 424990.354229784454219, 4388639.489388142712414 ], [ 424989.354229784454219, 4388639.489388142712414 ], [ 424989.354229784454219, 4388641.489388142712414 ], [ 424988.354229784454219, 4388641.489388142712414 ], [ 424988.354229784454219, 4388642.489388142712414 ], [ 424987.354229784454219, 4388642.489388142712414 ], [ 424987.354229784454219, 4388643.489388142712414 ], [ 424986.354229784454219, 4388643.489388142712414 ], [ 424986.354229784454219, 4388645.489388142712414 ], [ 424985.354229784454219, 4388645.489388142712414 ], [ 424985.354229784454219, 4388646.489388142712414 ], [ 424984.354229784454219, 4388646.489388142712414 ], [ 424984.354229784454219, 4388647.489388142712414 ], [ 424983.354229784454219, 4388647.489388142712414 ], [ 424983.354229784454219, 4388648.489388142712414 ], [ 424982.354229784454219, 4388648.489388142712414 ], [ 424982.354229784454219, 4388649.489388142712414 ], [ 424980.354229784454219, 4388649.489388142712414 ], [ 424980.354229784454219, 4388650.489388142712414 ], [ 424979.354229784454219, 4388650.489388142712414 ], [ 424979.354229784454219, 4388651.489388142712414 ], [ 424978.354229784454219, 4388651.489388142712414 ], [ 424978.354229784454219, 4388652.489388142712414 ], [ 424976.354229784454219, 4388652.489388142712414 ], [ 424976.354229784454219, 4388653.489388142712414 ], [ 424975.354229784454219, 4388653.489388142712414 ], [ 424975.354229784454219, 4388655.489388142712414 ], [ 424974.354229784454219, 4388655.489388142712414 ], [ 424974.354229784454219, 4388656.489388142712414 ], [ 424973.354229784454219, 4388656.489388142712414 ], [ 424973.354229784454219, 4388657.489388142712414 ], [ 424972.354229784454219, 4388657.489388142712414 ], [ 424972.354229784454219, 4388658.489388142712414 ], [ 424971.354229784454219, 4388658.489388142712414 ], [ 424971.354229784454219, 4388660.489388142712414 ], [ 424970.354229784454219, 4388660.489388142712414 ], [ 424970.354229784454219, 4388661.489388142712414 ], [ 424969.354229784454219, 4388661.489388142712414 ], [ 424969.354229784454219, 4388663.489388142712414 ], [ 424968.354229784454219, 4388663.489388142712414 ], [ 424968.354229784454219, 4388665.489388142712414 ], [ 424967.354229784454219, 4388665.489388142712414 ], [ 424967.354229784454219, 4388667.489388142712414 ], [ 424966.354229784454219, 4388667.489388142712414 ], [ 424966.354229784454219, 4388669.489388142712414 ], [ 424965.354229784454219, 4388669.489388142712414 ], [ 424965.354229784454219, 4388670.489388142712414 ], [ 424964.354229784454219, 4388670.489388142712414 ], [ 424964.354229784454219, 4388673.489388142712414 ], [ 424963.354229784454219, 4388673.489388142712414 ], [ 424963.354229784454219, 4388675.489388142712414 ], [ 424962.354229784454219, 4388675.489388142712414 ], [ 424962.354229784454219, 4388678.489388142712414 ], [ 424961.354229784454219, 4388678.489388142712414 ], [ 424961.354229784454219, 4388680.489388142712414 ], [ 424960.354229784454219, 4388680.489388142712414 ], [ 424960.354229784454219, 4388682.489388142712414 ], [ 424959.354229784454219, 4388682.489388142712414 ], [ 424959.354229784454219, 4388684.489388142712414 ], [ 424958.354229784454219, 4388684.489388142712414 ], [ 424958.354229784454219, 4388686.489388142712414 ], [ 424957.354229784454219, 4388686.489388142712414 ], [ 424957.354229784454219, 4388689.489388142712414 ], [ 424956.354229784454219, 4388689.489388142712414 ], [ 424956.354229784454219, 4388691.489388142712414 ], [ 424955.354229784454219, 4388691.489388142712414 ], [ 424955.354229784454219, 4388692.489388142712414 ], [ 424954.354229784454219, 4388692.489388142712414 ], [ 424954.354229784454219, 4388695.489388142712414 ], [ 424953.354229784454219, 4388695.489388142712414 ], [ 424953.354229784454219, 4388696.489388142712414 ], [ 424952.354229784454219, 4388696.489388142712414 ], [ 424952.354229784454219, 4388698.489388142712414 ], [ 424951.354229784454219, 4388698.489388142712414 ], [ 424951.354229784454219, 4388700.489388142712414 ], [ 424950.354229784454219, 4388700.489388142712414 ], [ 424950.354229784454219, 4388702.489388142712414 ], [ 424949.354229784454219, 4388702.489388142712414 ], [ 424949.354229784454219, 4388704.489388142712414 ], [ 424948.354229784454219, 4388704.489388142712414 ], [ 424948.354229784454219, 4388706.489388142712414 ], [ 424947.354229784454219, 4388706.489388142712414 ], [ 424947.354229784454219, 4388708.489388142712414 ], [ 424946.354229784454219, 4388708.489388142712414 ], [ 424946.354229784454219, 4388710.489388142712414 ], [ 424945.354229784454219, 4388710.489388142712414 ], [ 424945.354229784454219, 4388712.489388142712414 ], [ 424944.354229784454219, 4388712.489388142712414 ], [ 424944.354229784454219, 4388713.489388142712414 ], [ 424943.354229784454219, 4388713.489388142712414 ], [ 424943.354229784454219, 4388715.489388142712414 ], [ 424942.354229784454219, 4388715.489388142712414 ], [ 424942.354229784454219, 4388717.489388142712414 ], [ 424941.354229784454219, 4388717.489388142712414 ], [ 424941.354229784454219, 4388718.489388142712414 ], [ 424940.354229784454219, 4388718.489388142712414 ], [ 424940.354229784454219, 4388720.489388142712414 ], [ 424939.354229784454219, 4388720.489388142712414 ], [ 424939.354229784454219, 4388721.489388142712414 ], [ 424938.354229784454219, 4388721.489388142712414 ], [ 424938.354229784454219, 4388723.489388142712414 ], [ 424937.354229784454219, 4388723.489388142712414 ], [ 424937.354229784454219, 4388724.489388142712414 ], [ 424936.354229784454219, 4388724.489388142712414 ], [ 424936.354229784454219, 4388725.489388142712414 ], [ 424935.354229784454219, 4388725.489388142712414 ], [ 424935.354229784454219, 4388727.489388142712414 ], [ 424934.354229784454219, 4388727.489388142712414 ], [ 424934.354229784454219, 4388728.489388142712414 ], [ 424933.354229784454219, 4388728.489388142712414 ], [ 424933.354229784454219, 4388729.489388142712414 ], [ 424932.354229784454219, 4388729.489388142712414 ], [ 424932.354229784454219, 4388730.489388142712414 ], [ 424931.354229784454219, 4388730.489388142712414 ], [ 424931.354229784454219, 4388731.489388142712414 ], [ 424930.354229784454219, 4388731.489388142712414 ], [ 424930.354229784454219, 4388732.489388142712414 ], [ 424929.354229784454219, 4388732.489388142712414 ], [ 424929.354229784454219, 4388733.489388142712414 ], [ 424928.354229784454219, 4388733.489388142712414 ], [ 424928.354229784454219, 4388734.489388142712414 ], [ 424927.354229784454219, 4388734.489388142712414 ], [ 424927.354229784454219, 4388735.489388142712414 ], [ 424926.354229784454219, 4388735.489388142712414 ], [ 424926.354229784454219, 4388736.489388142712414 ], [ 424924.354229784454219, 4388736.489388142712414 ], [ 424924.354229784454219, 4388737.489388142712414 ], [ 424923.354229784454219, 4388737.489388142712414 ], [ 424923.354229784454219, 4388738.489388142712414 ], [ 424922.354229784454219, 4388738.489388142712414 ], [ 424922.354229784454219, 4388739.489388142712414 ], [ 424921.354229784454219, 4388739.489388142712414 ], [ 424921.354229784454219, 4388740.489388142712414 ], [ 424920.354229784454219, 4388740.489388142712414 ], [ 424920.354229784454219, 4388741.489388142712414 ], [ 424919.354229784454219, 4388741.489388142712414 ], [ 424919.354229784454219, 4388742.489388142712414 ], [ 424918.354229784454219, 4388742.489388142712414 ], [ 424918.354229784454219, 4388744.489388142712414 ], [ 424917.354229784454219, 4388744.489388142712414 ], [ 424917.354229784454219, 4388745.489388142712414 ], [ 424916.354229784454219, 4388745.489388142712414 ], [ 424916.354229784454219, 4388747.489388142712414 ], [ 424915.354229784454219, 4388747.489388142712414 ], [ 424915.354229784454219, 4388749.489388142712414 ], [ 424914.354229784454219, 4388749.489388142712414 ], [ 424914.354229784454219, 4388751.489388142712414 ], [ 424913.354229784454219, 4388751.489388142712414 ], [ 424913.354229784454219, 4388752.489388142712414 ], [ 424912.354229784454219, 4388752.489388142712414 ], [ 424912.354229784454219, 4388754.489388142712414 ], [ 424911.354229784454219, 4388754.489388142712414 ], [ 424911.354229784454219, 4388756.489388142712414 ], [ 424910.354229784454219, 4388756.489388142712414 ], [ 424910.354229784454219, 4388757.489388142712414 ], [ 424909.354229784454219, 4388757.489388142712414 ], [ 424909.354229784454219, 4388759.489388142712414 ], [ 424908.354229784454219, 4388759.489388142712414 ], [ 424908.354229784454219, 4388761.489388142712414 ], [ 424907.354229784454219, 4388761.489388142712414 ], [ 424907.354229784454219, 4388763.489388142712414 ], [ 424906.354229784454219, 4388763.489388142712414 ], [ 424906.354229784454219, 4388764.489388142712414 ], [ 424905.354229784454219, 4388764.489388142712414 ], [ 424905.354229784454219, 4388765.489388142712414 ], [ 424904.354229784454219, 4388765.489388142712414 ], [ 424904.354229784454219, 4388767.489388142712414 ], [ 424903.354229784454219, 4388767.489388142712414 ], [ 424903.354229784454219, 4388769.489388142712414 ], [ 424902.354229784454219, 4388769.489388142712414 ], [ 424902.354229784454219, 4388771.489388142712414 ], [ 424901.354229784454219, 4388771.489388142712414 ], [ 424901.354229784454219, 4388772.489388142712414 ], [ 424900.354229784454219, 4388772.489388142712414 ], [ 424900.354229784454219, 4388774.489388142712414 ], [ 424899.354229784454219, 4388774.489388142712414 ], [ 424899.354229784454219, 4388775.489388142712414 ], [ 424898.354229784454219, 4388775.489388142712414 ], [ 424898.354229784454219, 4388777.489388142712414 ], [ 424897.354229784454219, 4388777.489388142712414 ], [ 424897.354229784454219, 4388779.489388142712414 ], [ 424896.354229784454219, 4388779.489388142712414 ], [ 424896.354229784454219, 4388781.489388142712414 ], [ 424895.354229784454219, 4388781.489388142712414 ], [ 424895.354229784454219, 4388783.489388142712414 ], [ 424894.354229784454219, 4388783.489388142712414 ], [ 424894.354229784454219, 4388785.489388142712414 ], [ 424893.354229784454219, 4388785.489388142712414 ], [ 424893.354229784454219, 4388788.489388142712414 ], [ 424892.354229784454219, 4388788.489388142712414 ], [ 424892.354229784454219, 4388790.489388142712414 ], [ 424891.354229784454219, 4388790.489388142712414 ], [ 424891.354229784454219, 4388791.489388142712414 ], [ 424890.354229784454219, 4388791.489388142712414 ], [ 424890.354229784454219, 4388793.489388142712414 ], [ 424889.354229784454219, 4388793.489388142712414 ], [ 424889.354229784454219, 4388795.489388142712414 ], [ 424888.354229784454219, 4388795.489388142712414 ], [ 424888.354229784454219, 4388798.489388142712414 ], [ 424887.354229784454219, 4388798.489388142712414 ], [ 424887.354229784454219, 4388800.489388142712414 ], [ 424886.354229784454219, 4388800.489388142712414 ], [ 424886.354229784454219, 4388803.489388142712414 ], [ 424885.354229784454219, 4388803.489388142712414 ], [ 424885.354229784454219, 4388806.489388142712414 ], [ 424884.354229784454219, 4388806.489388142712414 ], [ 424884.354229784454219, 4388809.489388142712414 ], [ 424883.354229784454219, 4388809.489388142712414 ], [ 424883.354229784454219, 4388812.489388142712414 ], [ 424882.354229784454219, 4388812.489388142712414 ], [ 424882.354229784454219, 4388814.489388142712414 ], [ 424881.354229784454219, 4388814.489388142712414 ], [ 424881.354229784454219, 4388817.489388142712414 ], [ 424880.354229784454219, 4388817.489388142712414 ], [ 424880.354229784454219, 4388820.489388142712414 ], [ 424879.354229784454219, 4388820.489388142712414 ], [ 424879.354229784454219, 4388822.489388142712414 ], [ 424878.354229784454219, 4388822.489388142712414 ], [ 424878.354229784454219, 4388824.489388142712414 ], [ 424877.354229784454219, 4388824.489388142712414 ], [ 424877.354229784454219, 4388829.489388142712414 ], [ 424876.354229784454219, 4388829.489388142712414 ], [ 424876.354229784454219, 4388831.489388142712414 ], [ 424875.354229784454219, 4388831.489388142712414 ], [ 424875.354229784454219, 4388833.489388142712414 ], [ 424874.354229784454219, 4388833.489388142712414 ], [ 424874.354229784454219, 4388835.489388142712414 ], [ 424873.354229784454219, 4388835.489388142712414 ], [ 424873.354229784454219, 4388837.489388142712414 ], [ 424872.354229784454219, 4388837.489388142712414 ], [ 424872.354229784454219, 4388841.489388142712414 ], [ 424873.354229784454219, 4388841.489388142712414 ], [ 424873.354229784454219, 4388845.489388142712414 ], [ 424874.354229784454219, 4388845.489388142712414 ], [ 424874.354229784454219, 4388848.489388142712414 ], [ 424875.354229784454219, 4388848.489388142712414 ], [ 424875.354229784454219, 4388851.489388142712414 ], [ 424876.354229784454219, 4388851.489388142712414 ], [ 424876.354229784454219, 4388854.489388142712414 ], [ 424877.354229784454219, 4388854.489388142712414 ], [ 424877.354229784454219, 4388857.489388142712414 ], [ 424878.354229784454219, 4388857.489388142712414 ], [ 424878.354229784454219, 4388861.489388142712414 ], [ 424879.354229784454219, 4388861.489388142712414 ], [ 424879.354229784454219, 4388865.489388142712414 ], [ 424880.354229784454219, 4388865.489388142712414 ], [ 424880.354229784454219, 4388868.489388142712414 ], [ 424881.354229784454219, 4388868.489388142712414 ], [ 424881.354229784454219, 4388872.489388142712414 ], [ 424882.354229784454219, 4388872.489388142712414 ], [ 424882.354229784454219, 4388876.489388142712414 ], [ 424883.354229784454219, 4388876.489388142712414 ], [ 424883.354229784454219, 4388880.489388142712414 ], [ 424884.354229784454219, 4388880.489388142712414 ], [ 424884.354229784454219, 4388884.489388142712414 ], [ 424885.354229784454219, 4388884.489388142712414 ], [ 424885.354229784454219, 4388888.489388142712414 ], [ 424886.354229784454219, 4388888.489388142712414 ], [ 424886.354229784454219, 4388892.489388142712414 ], [ 424887.354229784454219, 4388892.489388142712414 ], [ 424887.354229784454219, 4388896.489388142712414 ], [ 424888.354229784454219, 4388896.489388142712414 ], [ 424888.354229784454219, 4388900.489388142712414 ], [ 424889.354229784454219, 4388900.489388142712414 ], [ 424889.354229784454219, 4388906.489388142712414 ], [ 424890.354229784454219, 4388906.489388142712414 ], [ 424890.354229784454219, 4388912.489388142712414 ], [ 424891.354229784454219, 4388912.489388142712414 ], [ 424891.354229784454219, 4388919.489388142712414 ], [ 424892.354229784454219, 4388919.489388142712414 ], [ 424892.354229784454219, 4388925.489388142712414 ], [ 424893.354229784454219, 4388925.489388142712414 ], [ 424893.354229784454219, 4388942.489388142712414 ], [ 424892.354229784454219, 4388942.489388142712414 ], [ 424892.354229784454219, 4388950.489388142712414 ], [ 424891.354229784454219, 4388950.489388142712414 ], [ 424891.354229784454219, 4388954.489388142712414 ], [ 424890.354229784454219, 4388954.489388142712414 ], [ 424890.354229784454219, 4388956.489388142712414 ], [ 424889.354229784454219, 4388956.489388142712414 ], [ 424889.354229784454219, 4388958.489388142712414 ], [ 424888.354229784454219, 4388958.489388142712414 ], [ 424888.354229784454219, 4388960.489388142712414 ], [ 424887.354229784454219, 4388960.489388142712414 ], [ 424887.354229784454219, 4388962.489388142712414 ], [ 424886.354229784454219, 4388962.489388142712414 ], [ 424886.354229784454219, 4388964.489388142712414 ], [ 424885.354229784454219, 4388964.489388142712414 ], [ 424885.354229784454219, 4388966.489388142712414 ], [ 424884.354229784454219, 4388966.489388142712414 ], [ 424884.354229784454219, 4388968.489388142712414 ], [ 424883.354229784454219, 4388968.489388142712414 ], [ 424883.354229784454219, 4388970.489388142712414 ], [ 424882.354229784454219, 4388970.489388142712414 ], [ 424882.354229784454219, 4388973.489388142712414 ], [ 424881.354229784454219, 4388973.489388142712414 ], [ 424881.354229784454219, 4388975.489388142712414 ], [ 424880.354229784454219, 4388975.489388142712414 ], [ 424880.354229784454219, 4388978.489388142712414 ], [ 424879.354229784454219, 4388978.489388142712414 ], [ 424879.354229784454219, 4388982.489388142712414 ], [ 424878.354229784454219, 4388982.489388142712414 ], [ 424878.354229784454219, 4388985.489388142712414 ], [ 424877.354229784454219, 4388985.489388142712414 ], [ 424877.354229784454219, 4388988.489388142712414 ], [ 424876.354229784454219, 4388988.489388142712414 ], [ 424876.354229784454219, 4388991.489388142712414 ], [ 424875.354229784454219, 4388991.489388142712414 ], [ 424875.354229784454219, 4388994.489388142712414 ], [ 424874.354229784454219, 4388994.489388142712414 ], [ 424874.354229784454219, 4388996.489388142712414 ], [ 424873.354229784454219, 4388996.489388142712414 ], [ 424873.354229784454219, 4388999.489388142712414 ], [ 424872.354229784454219, 4388999.489388142712414 ], [ 424872.354229784454219, 4389001.489388142712414 ], [ 424871.354229784454219, 4389001.489388142712414 ], [ 424871.354229784454219, 4389004.489388142712414 ], [ 424870.354229784454219, 4389004.489388142712414 ], [ 424870.354229784454219, 4389007.489388142712414 ], [ 424869.354229784454219, 4389007.489388142712414 ], [ 424869.354229784454219, 4389010.489388142712414 ], [ 424868.354229784454219, 4389010.489388142712414 ], [ 424868.354229784454219, 4389013.489388142712414 ], [ 424867.354229784454219, 4389013.489388142712414 ], [ 424867.354229784454219, 4389016.489388142712414 ], [ 424866.354229784454219, 4389016.489388142712414 ], [ 424866.354229784454219, 4389018.489388142712414 ], [ 424865.354229784454219, 4389018.489388142712414 ], [ 424865.354229784454219, 4389022.489388142712414 ], [ 424864.354229784454219, 4389022.489388142712414 ], [ 424864.354229784454219, 4389026.489388142712414 ], [ 424863.354229784454219, 4389026.489388142712414 ], [ 424863.354229784454219, 4389029.489388142712414 ], [ 424862.354229784454219, 4389029.489388142712414 ], [ 424862.354229784454219, 4389033.489388142712414 ], [ 424861.354229784454219, 4389033.489388142712414 ], [ 424861.354229784454219, 4389036.489388142712414 ], [ 424860.354229784454219, 4389036.489388142712414 ], [ 424860.354229784454219, 4389039.489388142712414 ], [ 424859.354229784454219, 4389039.489388142712414 ], [ 424859.354229784454219, 4389041.489388142712414 ], [ 424858.354229784454219, 4389041.489388142712414 ], [ 424858.354229784454219, 4389044.489388142712414 ], [ 424857.354229784454219, 4389044.489388142712414 ], [ 424857.354229784454219, 4389046.489388142712414 ], [ 424856.354229784454219, 4389046.489388142712414 ], [ 424856.354229784454219, 4389049.489388142712414 ], [ 424855.354229784454219, 4389049.489388142712414 ], [ 424855.354229784454219, 4389051.489388142712414 ], [ 424854.354229784454219, 4389051.489388142712414 ], [ 424854.354229784454219, 4389052.489388142712414 ], [ 424853.354229784454219, 4389052.489388142712414 ], [ 424853.354229784454219, 4389053.489388142712414 ], [ 424852.354229784454219, 4389053.489388142712414 ], [ 424852.354229784454219, 4389055.489388142712414 ], [ 424851.354229784454219, 4389055.489388142712414 ], [ 424851.354229784454219, 4389057.489388142712414 ], [ 424850.354229784454219, 4389057.489388142712414 ], [ 424850.354229784454219, 4389059.489388142712414 ], [ 424849.354229784454219, 4389059.489388142712414 ], [ 424849.354229784454219, 4389061.489388142712414 ], [ 424848.354229784454219, 4389061.489388142712414 ], [ 424848.354229784454219, 4389063.489388142712414 ], [ 424847.354229784454219, 4389063.489388142712414 ], [ 424847.354229784454219, 4389064.489388142712414 ], [ 424846.354229784454219, 4389064.489388142712414 ], [ 424846.354229784454219, 4389066.489388142712414 ], [ 424845.354229784454219, 4389066.489388142712414 ], [ 424845.354229784454219, 4389070.489388142712414 ], [ 424844.354229784454219, 4389070.489388142712414 ], [ 424844.354229784454219, 4389078.489388142712414 ], [ 424843.354229784454219, 4389078.489388142712414 ], [ 424843.354229784454219, 4389083.489388142712414 ], [ 424842.354229784454219, 4389083.489388142712414 ], [ 424842.354229784454219, 4389085.489388142712414 ], [ 424841.354229784454219, 4389085.489388142712414 ], [ 424841.354229784454219, 4389088.489388142712414 ], [ 424840.354229784454219, 4389088.489388142712414 ], [ 424840.354229784454219, 4389090.489388142712414 ], [ 424839.354229784454219, 4389090.489388142712414 ], [ 424839.354229784454219, 4389092.489388142712414 ], [ 424838.354229784454219, 4389092.489388142712414 ], [ 424838.354229784454219, 4389093.489388142712414 ], [ 424837.354229784454219, 4389093.489388142712414 ], [ 424837.354229784454219, 4389095.489388142712414 ], [ 424836.354229784454219, 4389095.489388142712414 ], [ 424836.354229784454219, 4389097.489388142712414 ], [ 424835.354229784454219, 4389097.489388142712414 ], [ 424835.354229784454219, 4389099.489388142712414 ], [ 424834.354229784454219, 4389099.489388142712414 ], [ 424834.354229784454219, 4389101.489388142712414 ], [ 424833.354229784454219, 4389101.489388142712414 ], [ 424833.354229784454219, 4389103.489388142712414 ], [ 424832.354229784454219, 4389103.489388142712414 ], [ 424832.354229784454219, 4389105.489388142712414 ], [ 424831.354229784454219, 4389105.489388142712414 ], [ 424831.354229784454219, 4389106.489388142712414 ], [ 424830.354229784454219, 4389106.489388142712414 ], [ 424830.354229784454219, 4389108.489388142712414 ], [ 424829.354229784454219, 4389108.489388142712414 ], [ 424829.354229784454219, 4389110.489388142712414 ], [ 424828.354229784454219, 4389110.489388142712414 ], [ 424828.354229784454219, 4389111.489388142712414 ], [ 424827.354229784454219, 4389111.489388142712414 ], [ 424827.354229784454219, 4389113.489388142712414 ], [ 424826.354229784454219, 4389113.489388142712414 ], [ 424826.354229784454219, 4389114.489388142712414 ], [ 424825.354229784454219, 4389114.489388142712414 ], [ 424825.354229784454219, 4389115.489388142712414 ], [ 424824.354229784454219, 4389115.489388142712414 ], [ 424824.354229784454219, 4389117.489388142712414 ], [ 424823.354229784454219, 4389117.489388142712414 ], [ 424823.354229784454219, 4389118.489388142712414 ], [ 424822.354229784454219, 4389118.489388142712414 ], [ 424822.354229784454219, 4389119.489388142712414 ], [ 424821.354229784454219, 4389119.489388142712414 ], [ 424821.354229784454219, 4389120.489388142712414 ], [ 424820.354229784454219, 4389120.489388142712414 ], [ 424820.354229784454219, 4389121.489388142712414 ], [ 424819.354229784454219, 4389121.489388142712414 ], [ 424819.354229784454219, 4389122.489388142712414 ], [ 424818.354229784454219, 4389122.489388142712414 ], [ 424818.354229784454219, 4389123.489388142712414 ], [ 424817.354229784454219, 4389123.489388142712414 ], [ 424817.354229784454219, 4389124.489388142712414 ], [ 424816.354229784454219, 4389124.489388142712414 ], [ 424816.354229784454219, 4389125.489388142712414 ], [ 424815.354229784454219, 4389125.489388142712414 ], [ 424815.354229784454219, 4389126.489388142712414 ], [ 424813.354229784454219, 4389126.489388142712414 ], [ 424813.354229784454219, 4389127.489388142712414 ], [ 424812.354229784454219, 4389127.489388142712414 ], [ 424812.354229784454219, 4389128.489388142712414 ], [ 424811.354229784454219, 4389128.489388142712414 ], [ 424811.354229784454219, 4389129.489388142712414 ], [ 424810.354229784454219, 4389129.489388142712414 ], [ 424810.354229784454219, 4389130.489388142712414 ], [ 424809.354229784454219, 4389130.489388142712414 ], [ 424809.354229784454219, 4389131.489388142712414 ], [ 424808.354229784454219, 4389131.489388142712414 ], [ 424808.354229784454219, 4389133.489388142712414 ], [ 424807.354229784454219, 4389133.489388142712414 ], [ 424807.354229784454219, 4389134.489388142712414 ], [ 424806.354229784454219, 4389134.489388142712414 ], [ 424806.354229784454219, 4389135.489388142712414 ], [ 424805.354229784454219, 4389135.489388142712414 ], [ 424805.354229784454219, 4389137.489388142712414 ], [ 424804.354229784454219, 4389137.489388142712414 ], [ 424804.354229784454219, 4389138.489388142712414 ], [ 424803.354229784454219, 4389138.489388142712414 ], [ 424803.354229784454219, 4389140.489388142712414 ], [ 424802.354229784454219, 4389140.489388142712414 ], [ 424802.354229784454219, 4389141.489388142712414 ], [ 424801.354229784454219, 4389141.489388142712414 ], [ 424801.354229784454219, 4389142.489388142712414 ], [ 424800.354229784454219, 4389142.489388142712414 ], [ 424800.354229784454219, 4389144.489388142712414 ], [ 424799.354229784454219, 4389144.489388142712414 ], [ 424799.354229784454219, 4389145.489388142712414 ], [ 424798.354229784454219, 4389145.489388142712414 ], [ 424798.354229784454219, 4389146.489388142712414 ], [ 424797.354229784454219, 4389146.489388142712414 ], [ 424797.354229784454219, 4389147.489388142712414 ], [ 424796.354229784454219, 4389147.489388142712414 ], [ 424796.354229784454219, 4389148.489388142712414 ], [ 424795.354229784454219, 4389148.489388142712414 ], [ 424795.354229784454219, 4389149.489388142712414 ], [ 424794.354229784454219, 4389149.489388142712414 ], [ 424794.354229784454219, 4389150.489388142712414 ], [ 424793.354229784454219, 4389150.489388142712414 ], [ 424793.354229784454219, 4389151.489388142712414 ], [ 424792.354229784454219, 4389151.489388142712414 ], [ 424792.354229784454219, 4389152.489388142712414 ], [ 424791.354229784454219, 4389152.489388142712414 ], [ 424791.354229784454219, 4389153.489388142712414 ], [ 424790.354229784454219, 4389153.489388142712414 ], [ 424790.354229784454219, 4389154.489388142712414 ], [ 424788.354229784454219, 4389154.489388142712414 ], [ 424788.354229784454219, 4389155.489388142712414 ], [ 424787.354229784454219, 4389155.489388142712414 ], [ 424787.354229784454219, 4389156.489388142712414 ], [ 424786.354229784454219, 4389156.489388142712414 ], [ 424786.354229784454219, 4389157.489388142712414 ], [ 424784.354229784454219, 4389157.489388142712414 ], [ 424784.354229784454219, 4389158.489388142712414 ], [ 424783.354229784454219, 4389158.489388142712414 ], [ 424783.354229784454219, 4389159.489388142712414 ], [ 424781.354229784454219, 4389159.489388142712414 ], [ 424781.354229784454219, 4389160.489388142712414 ], [ 424780.354229784454219, 4389160.489388142712414 ], [ 424780.354229784454219, 4389161.489388142712414 ], [ 424778.354229784454219, 4389161.489388142712414 ], [ 424778.354229784454219, 4389162.489388142712414 ], [ 424776.354229784454219, 4389162.489388142712414 ], [ 424776.354229784454219, 4389163.489388142712414 ], [ 424775.354229784454219, 4389163.489388142712414 ], [ 424775.354229784454219, 4389164.489388142712414 ], [ 424774.354229784454219, 4389164.489388142712414 ], [ 424774.354229784454219, 4389165.489388142712414 ], [ 424772.354229784454219, 4389165.489388142712414 ], [ 424772.354229784454219, 4389166.489388142712414 ], [ 424771.354229784454219, 4389166.489388142712414 ], [ 424771.354229784454219, 4389167.489388142712414 ], [ 424770.354229784454219, 4389167.489388142712414 ], [ 424770.354229784454219, 4389168.489388142712414 ], [ 424768.354229784454219, 4389168.489388142712414 ], [ 424768.354229784454219, 4389169.489388142712414 ], [ 424766.354229784454219, 4389169.489388142712414 ], [ 424766.354229784454219, 4389170.489388142712414 ], [ 424762.354229784454219, 4389170.489388142712414 ], [ 424762.354229784454219, 4389174.489388142712414 ], [ 424761.354229784454219, 4389174.489388142712414 ], [ 424761.354229784454219, 4389176.489388142712414 ], [ 424760.354229784454219, 4389176.489388142712414 ], [ 424760.354229784454219, 4389177.489388142712414 ], [ 424762.354229784454219, 4389177.489388142712414 ], [ 424762.354229784454219, 4389179.489388142712414 ], [ 424763.354229784454219, 4389179.489388142712414 ], [ 424763.354229784454219, 4389187.489388142712414 ], [ 424764.354229784454219, 4389187.489388142712414 ], [ 424764.354229784454219, 4389194.489388142712414 ], [ 424765.354229784454219, 4389194.489388142712414 ], [ 424765.354229784454219, 4389200.489388142712414 ], [ 424766.354229784454219, 4389200.489388142712414 ], [ 424766.354229784454219, 4389210.489388142712414 ], [ 424767.354229784454219, 4389210.489388142712414 ], [ 424767.354229784454219, 4389212.489388142712414 ], [ 424768.354229784454219, 4389212.489388142712414 ], [ 424768.354229784454219, 4389213.489388142712414 ], [ 424769.354229784454219, 4389213.489388142712414 ], [ 424769.354229784454219, 4389214.489388142712414 ], [ 424771.354229784454219, 4389214.489388142712414 ], [ 424771.354229784454219, 4389216.489388142712414 ], [ 424772.354229784454219, 4389216.489388142712414 ], [ 424772.354229784454219, 4389217.489388142712414 ], [ 424773.354229784454219, 4389217.489388142712414 ], [ 424773.354229784454219, 4389218.489388142712414 ], [ 424774.354229784454219, 4389218.489388142712414 ], [ 424774.354229784454219, 4389219.489388142712414 ], [ 424775.354229784454219, 4389219.489388142712414 ], [ 424775.354229784454219, 4389220.489388142712414 ], [ 424776.354229784454219, 4389220.489388142712414 ], [ 424776.354229784454219, 4389221.489388142712414 ], [ 424778.354229784454219, 4389221.489388142712414 ], [ 424778.354229784454219, 4389222.489388142712414 ], [ 424779.354229784454219, 4389222.489388142712414 ], [ 424779.354229784454219, 4389223.489388142712414 ], [ 424780.354229784454219, 4389223.489388142712414 ], [ 424780.354229784454219, 4389224.489388142712414 ], [ 424782.354229784454219, 4389224.489388142712414 ], [ 424782.354229784454219, 4389225.489388142712414 ], [ 424783.354229784454219, 4389225.489388142712414 ], [ 424783.354229784454219, 4389226.489388142712414 ], [ 424784.354229784454219, 4389226.489388142712414 ], [ 424784.354229784454219, 4389227.489388142712414 ], [ 424785.354229784454219, 4389227.489388142712414 ], [ 424785.354229784454219, 4389228.489388142712414 ], [ 424787.354229784454219, 4389228.489388142712414 ], [ 424787.354229784454219, 4389229.489388142712414 ], [ 424788.354229784454219, 4389229.489388142712414 ], [ 424788.354229784454219, 4389230.489388142712414 ], [ 424789.354229784454219, 4389230.489388142712414 ], [ 424789.354229784454219, 4389231.489388142712414 ], [ 424790.354229784454219, 4389231.489388142712414 ], [ 424790.354229784454219, 4389232.489388142712414 ], [ 424791.354229784454219, 4389232.489388142712414 ], [ 424791.354229784454219, 4389233.489388142712414 ], [ 424793.354229784454219, 4389233.489388142712414 ], [ 424793.354229784454219, 4389234.489388142712414 ], [ 424794.354229784454219, 4389234.489388142712414 ], [ 424794.354229784454219, 4389235.489388142712414 ], [ 424795.354229784454219, 4389235.489388142712414 ], [ 424795.354229784454219, 4389236.489388142712414 ], [ 424797.354229784454219, 4389236.489388142712414 ], [ 424797.354229784454219, 4389237.489388142712414 ], [ 424798.354229784454219, 4389237.489388142712414 ], [ 424798.354229784454219, 4389238.489388142712414 ], [ 424800.354229784454219, 4389238.489388142712414 ], [ 424800.354229784454219, 4389239.489388142712414 ], [ 424802.354229784454219, 4389239.489388142712414 ], [ 424802.354229784454219, 4389240.489388142712414 ], [ 424803.354229784454219, 4389240.489388142712414 ], [ 424803.354229784454219, 4389241.489388142712414 ], [ 424805.354229784454219, 4389241.489388142712414 ], [ 424805.354229784454219, 4389242.489388142712414 ], [ 424807.354229784454219, 4389242.489388142712414 ], [ 424807.354229784454219, 4389243.489388142712414 ], [ 424809.354229784454219, 4389243.489388142712414 ], [ 424809.354229784454219, 4389244.489388142712414 ], [ 424811.354229784454219, 4389244.489388142712414 ], [ 424811.354229784454219, 4389245.489388142712414 ], [ 424813.354229784454219, 4389245.489388142712414 ], [ 424813.354229784454219, 4389246.489388142712414 ], [ 424816.354229784454219, 4389246.489388142712414 ], [ 424816.354229784454219, 4389247.489388142712414 ], [ 424818.354229784454219, 4389247.489388142712414 ], [ 424818.354229784454219, 4389248.489388142712414 ], [ 424820.354229784454219, 4389248.489388142712414 ], [ 424820.354229784454219, 4389249.489388142712414 ], [ 424822.354229784454219, 4389249.489388142712414 ], [ 424822.354229784454219, 4389250.489388142712414 ], [ 424824.354229784454219, 4389250.489388142712414 ], [ 424824.354229784454219, 4389251.489388142712414 ], [ 424826.354229784454219, 4389251.489388142712414 ], [ 424826.354229784454219, 4389252.489388142712414 ], [ 424828.354229784454219, 4389252.489388142712414 ], [ 424828.354229784454219, 4389253.489388142712414 ], [ 424831.354229784454219, 4389253.489388142712414 ], [ 424831.354229784454219, 4389254.489388142712414 ], [ 424832.354229784454219, 4389254.489388142712414 ], [ 424832.354229784454219, 4389255.489388142712414 ], [ 424834.354229784454219, 4389255.489388142712414 ], [ 424834.354229784454219, 4389256.489388142712414 ], [ 424835.354229784454219, 4389256.489388142712414 ], [ 424835.354229784454219, 4389257.489388142712414 ], [ 424836.354229784454219, 4389257.489388142712414 ], [ 424836.354229784454219, 4389258.489388142712414 ], [ 424838.354229784454219, 4389258.489388142712414 ], [ 424838.354229784454219, 4389259.489388142712414 ], [ 424841.354229784454219, 4389259.489388142712414 ], [ 424841.354229784454219, 4389260.489388142712414 ], [ 424844.354229784454219, 4389260.489388142712414 ], [ 424844.354229784454219, 4389261.489388142712414 ], [ 424846.354229784454219, 4389261.489388142712414 ], [ 424846.354229784454219, 4389262.489388142712414 ], [ 424848.354229784454219, 4389262.489388142712414 ], [ 424848.354229784454219, 4389263.489388142712414 ], [ 424850.354229784454219, 4389263.489388142712414 ], [ 424850.354229784454219, 4389264.489388142712414 ], [ 424851.354229784454219, 4389264.489388142712414 ], [ 424851.354229784454219, 4389265.489388142712414 ], [ 424852.354229784454219, 4389265.489388142712414 ], [ 424852.354229784454219, 4389266.489388142712414 ], [ 424853.354229784454219, 4389266.489388142712414 ], [ 424853.354229784454219, 4389267.489388142712414 ], [ 424854.354229784454219, 4389267.489388142712414 ], [ 424854.354229784454219, 4389268.489388142712414 ], [ 424855.354229784454219, 4389268.489388142712414 ], [ 424855.354229784454219, 4389269.489388142712414 ], [ 424856.354229784454219, 4389269.489388142712414 ], [ 424856.354229784454219, 4389270.489388142712414 ], [ 424857.354229784454219, 4389270.489388142712414 ], [ 424857.354229784454219, 4389271.489388142712414 ], [ 424858.354229784454219, 4389271.489388142712414 ], [ 424858.354229784454219, 4389272.489388142712414 ], [ 424859.354229784454219, 4389272.489388142712414 ], [ 424859.354229784454219, 4389273.489388142712414 ], [ 424860.354229784454219, 4389273.489388142712414 ], [ 424860.354229784454219, 4389274.489388142712414 ], [ 424861.354229784454219, 4389274.489388142712414 ], [ 424861.354229784454219, 4389275.489388142712414 ], [ 424862.354229784454219, 4389275.489388142712414 ], [ 424862.354229784454219, 4389276.489388142712414 ], [ 424864.354229784454219, 4389276.489388142712414 ], [ 424864.354229784454219, 4389277.489388142712414 ], [ 424866.354229784454219, 4389277.489388142712414 ], [ 424866.354229784454219, 4389278.489388142712414 ], [ 424868.354229784454219, 4389278.489388142712414 ], [ 424868.354229784454219, 4389279.489388142712414 ], [ 424871.354229784454219, 4389279.489388142712414 ], [ 424871.354229784454219, 4389280.489388142712414 ], [ 424873.354229784454219, 4389280.489388142712414 ], [ 424873.354229784454219, 4389281.489388142712414 ], [ 424875.354229784454219, 4389281.489388142712414 ], [ 424875.354229784454219, 4389282.489388142712414 ], [ 424877.354229784454219, 4389282.489388142712414 ], [ 424877.354229784454219, 4389283.489388142712414 ], [ 424879.354229784454219, 4389283.489388142712414 ], [ 424879.354229784454219, 4389284.489388142712414 ], [ 424880.354229784454219, 4389284.489388142712414 ], [ 424880.354229784454219, 4389285.489388142712414 ], [ 424882.354229784454219, 4389285.489388142712414 ], [ 424882.354229784454219, 4389286.489388142712414 ], [ 424883.354229784454219, 4389286.489388142712414 ], [ 424883.354229784454219, 4389287.489388142712414 ], [ 424885.354229784454219, 4389287.489388142712414 ], [ 424885.354229784454219, 4389288.489388142712414 ], [ 424887.354229784454219, 4389288.489388142712414 ], [ 424887.354229784454219, 4389289.489388142712414 ], [ 424888.354229784454219, 4389289.489388142712414 ], [ 424888.354229784454219, 4389290.489388142712414 ], [ 424895.354229784454219, 4389290.489388142712414 ], [ 424895.354229784454219, 4389291.489388142712414 ], [ 424894.354229784454219, 4389291.489388142712414 ], [ 424894.354229784454219, 4389293.489388142712414 ], [ 424893.354229784454219, 4389293.489388142712414 ], [ 424893.354229784454219, 4389294.489388142712414 ], [ 424894.354229784454219, 4389294.489388142712414 ], [ 424894.354229784454219, 4389296.489388142712414 ], [ 424895.354229784454219, 4389296.489388142712414 ], [ 424895.354229784454219, 4389302.489388142712414 ], [ 424898.354229784454219, 4389302.489388142712414 ], [ 424898.354229784454219, 4389303.489388142712414 ], [ 424899.354229784454219, 4389303.489388142712414 ], [ 424899.354229784454219, 4389304.489388142712414 ], [ 424900.354229784454219, 4389304.489388142712414 ], [ 424900.354229784454219, 4389305.489388142712414 ], [ 424901.354229784454219, 4389305.489388142712414 ], [ 424901.354229784454219, 4389307.489388142712414 ], [ 424902.354229784454219, 4389307.489388142712414 ], [ 424902.354229784454219, 4389308.489388142712414 ], [ 424903.354229784454219, 4389308.489388142712414 ], [ 424903.354229784454219, 4389310.489388142712414 ], [ 424906.354229784454219, 4389310.489388142712414 ], [ 424906.354229784454219, 4389311.489388142712414 ], [ 424908.354229784454219, 4389311.489388142712414 ], [ 424908.354229784454219, 4389312.489388142712414 ], [ 424909.354229784454219, 4389312.489388142712414 ], [ 424909.354229784454219, 4389313.489388142712414 ], [ 424910.354229784454219, 4389313.489388142712414 ], [ 424910.354229784454219, 4389317.489388142712414 ], [ 424908.354229784454219, 4389317.489388142712414 ], [ 424908.354229784454219, 4389318.489388142712414 ], [ 424904.354229784454219, 4389318.489388142712414 ] ], [ [ 424798.354229784454219, 4389253.489388142712414 ], [ 424799.354229784454219, 4389253.489388142712414 ], [ 424799.354229784454219, 4389252.489388142712414 ], [ 424798.354229784454219, 4389252.489388142712414 ], [ 424798.354229784454219, 4389253.489388142712414 ] ], [ [ 424799.354229784454219, 4389252.489388142712414 ], [ 424800.354229784454219, 4389252.489388142712414 ], [ 424800.354229784454219, 4389251.489388142712414 ], [ 424799.354229784454219, 4389251.489388142712414 ], [ 424799.354229784454219, 4389252.489388142712414 ] ], [ [ 424774.354229784454219, 4389238.489388142712414 ], [ 424775.354229784454219, 4389238.489388142712414 ], [ 424775.354229784454219, 4389237.489388142712414 ], [ 424774.354229784454219, 4389237.489388142712414 ], [ 424774.354229784454219, 4389238.489388142712414 ] ], [ [ 424759.354229784454219, 4389176.489388142712414 ], [ 424760.354229784454219, 4389176.489388142712414 ], [ 424760.354229784454219, 4389175.489388142712414 ], [ 424759.354229784454219, 4389175.489388142712414 ], [ 424759.354229784454219, 4389176.489388142712414 ] ], [ [ 424763.354229784454219, 4389169.489388142712414 ], [ 424765.354229784454219, 4389169.489388142712414 ], [ 424765.354229784454219, 4389168.489388142712414 ], [ 424763.354229784454219, 4389168.489388142712414 ], [ 424763.354229784454219, 4389169.489388142712414 ] ], [ [ 424766.354229784454219, 4389168.489388142712414 ], [ 424767.354229784454219, 4389168.489388142712414 ], [ 424767.354229784454219, 4389167.489388142712414 ], [ 424766.354229784454219, 4389167.489388142712414 ], [ 424766.354229784454219, 4389168.489388142712414 ] ], [ [ 424768.354229784454219, 4389167.489388142712414 ], [ 424769.354229784454219, 4389167.489388142712414 ], [ 424769.354229784454219, 4389166.489388142712414 ], [ 424768.354229784454219, 4389166.489388142712414 ], [ 424768.354229784454219, 4389167.489388142712414 ] ], [ [ 424774.354229784454219, 4389163.489388142712414 ], [ 424775.354229784454219, 4389163.489388142712414 ], [ 424775.354229784454219, 4389162.489388142712414 ], [ 424774.354229784454219, 4389162.489388142712414 ], [ 424774.354229784454219, 4389163.489388142712414 ] ], [ [ 424780.354229784454219, 4389159.489388142712414 ], [ 424781.354229784454219, 4389159.489388142712414 ], [ 424781.354229784454219, 4389158.489388142712414 ], [ 424780.354229784454219, 4389158.489388142712414 ], [ 424780.354229784454219, 4389159.489388142712414 ] ], [ [ 424783.354229784454219, 4389157.489388142712414 ], [ 424784.354229784454219, 4389157.489388142712414 ], [ 424784.354229784454219, 4389156.489388142712414 ], [ 424783.354229784454219, 4389156.489388142712414 ], [ 424783.354229784454219, 4389157.489388142712414 ] ], [ [ 424799.354229784454219, 4389130.489388142712414 ], [ 424800.354229784454219, 4389130.489388142712414 ], [ 424800.354229784454219, 4389129.489388142712414 ], [ 424799.354229784454219, 4389129.489388142712414 ], [ 424799.354229784454219, 4389130.489388142712414 ] ], [ [ 424802.354229784454219, 4389128.489388142712414 ], [ 424803.354229784454219, 4389128.489388142712414 ], [ 424803.354229784454219, 4389127.489388142712414 ], [ 424802.354229784454219, 4389127.489388142712414 ], [ 424802.354229784454219, 4389128.489388142712414 ] ], [ [ 424805.354229784454219, 4389126.489388142712414 ], [ 424806.354229784454219, 4389126.489388142712414 ], [ 424806.354229784454219, 4389125.489388142712414 ], [ 424805.354229784454219, 4389125.489388142712414 ], [ 424805.354229784454219, 4389126.489388142712414 ] ], [ [ 424806.354229784454219, 4389125.489388142712414 ], [ 424807.354229784454219, 4389125.489388142712414 ], [ 424807.354229784454219, 4389124.489388142712414 ], [ 424806.354229784454219, 4389124.489388142712414 ], [ 424806.354229784454219, 4389125.489388142712414 ] ], [ [ 424804.354229784454219, 4389123.489388142712414 ], [ 424805.354229784454219, 4389123.489388142712414 ], [ 424805.354229784454219, 4389122.489388142712414 ], [ 424804.354229784454219, 4389122.489388142712414 ], [ 424804.354229784454219, 4389123.489388142712414 ] ], [ [ 424809.354229784454219, 4389123.489388142712414 ], [ 424810.354229784454219, 4389123.489388142712414 ], [ 424810.354229784454219, 4389122.489388142712414 ], [ 424809.354229784454219, 4389122.489388142712414 ], [ 424809.354229784454219, 4389123.489388142712414 ] ], [ [ 424805.354229784454219, 4389122.489388142712414 ], [ 424806.354229784454219, 4389122.489388142712414 ], [ 424806.354229784454219, 4389121.489388142712414 ], [ 424805.354229784454219, 4389121.489388142712414 ], [ 424805.354229784454219, 4389122.489388142712414 ] ], [ [ 424810.354229784454219, 4389122.489388142712414 ], [ 424811.354229784454219, 4389122.489388142712414 ], [ 424811.354229784454219, 4389121.489388142712414 ], [ 424812.354229784454219, 4389121.489388142712414 ], [ 424812.354229784454219, 4389120.489388142712414 ], [ 424814.354229784454219, 4389120.489388142712414 ], [ 424814.354229784454219, 4389119.489388142712414 ], [ 424815.354229784454219, 4389119.489388142712414 ], [ 424815.354229784454219, 4389118.489388142712414 ], [ 424814.354229784454219, 4389118.489388142712414 ], [ 424814.354229784454219, 4389117.489388142712414 ], [ 424813.354229784454219, 4389117.489388142712414 ], [ 424813.354229784454219, 4389118.489388142712414 ], [ 424811.354229784454219, 4389118.489388142712414 ], [ 424811.354229784454219, 4389119.489388142712414 ], [ 424810.354229784454219, 4389119.489388142712414 ], [ 424810.354229784454219, 4389120.489388142712414 ], [ 424809.354229784454219, 4389120.489388142712414 ], [ 424809.354229784454219, 4389121.489388142712414 ], [ 424810.354229784454219, 4389121.489388142712414 ], [ 424810.354229784454219, 4389122.489388142712414 ] ], [ [ 424806.354229784454219, 4389121.489388142712414 ], [ 424807.354229784454219, 4389121.489388142712414 ], [ 424807.354229784454219, 4389120.489388142712414 ], [ 424806.354229784454219, 4389120.489388142712414 ], [ 424806.354229784454219, 4389121.489388142712414 ] ], [ [ 424800.354229784454219, 4389120.489388142712414 ], [ 424801.354229784454219, 4389120.489388142712414 ], [ 424801.354229784454219, 4389119.489388142712414 ], [ 424800.354229784454219, 4389119.489388142712414 ], [ 424800.354229784454219, 4389120.489388142712414 ] ], [ [ 424807.354229784454219, 4389120.489388142712414 ], [ 424808.354229784454219, 4389120.489388142712414 ], [ 424808.354229784454219, 4389119.489388142712414 ], [ 424807.354229784454219, 4389119.489388142712414 ], [ 424807.354229784454219, 4389120.489388142712414 ] ], [ [ 424808.354229784454219, 4389119.489388142712414 ], [ 424809.354229784454219, 4389119.489388142712414 ], [ 424809.354229784454219, 4389118.489388142712414 ], [ 424808.354229784454219, 4389118.489388142712414 ], [ 424808.354229784454219, 4389119.489388142712414 ] ], [ [ 424809.354229784454219, 4389118.489388142712414 ], [ 424810.354229784454219, 4389118.489388142712414 ], [ 424810.354229784454219, 4389117.489388142712414 ], [ 424809.354229784454219, 4389117.489388142712414 ], [ 424809.354229784454219, 4389118.489388142712414 ] ], [ [ 424815.354229784454219, 4389118.489388142712414 ], [ 424816.354229784454219, 4389118.489388142712414 ], [ 424816.354229784454219, 4389117.489388142712414 ], [ 424815.354229784454219, 4389117.489388142712414 ], [ 424815.354229784454219, 4389118.489388142712414 ] ], [ [ 424802.354229784454219, 4389117.489388142712414 ], [ 424803.354229784454219, 4389117.489388142712414 ], [ 424803.354229784454219, 4389116.489388142712414 ], [ 424802.354229784454219, 4389116.489388142712414 ], [ 424802.354229784454219, 4389117.489388142712414 ] ], [ [ 424810.354229784454219, 4389117.489388142712414 ], [ 424811.354229784454219, 4389117.489388142712414 ], [ 424811.354229784454219, 4389116.489388142712414 ], [ 424810.354229784454219, 4389116.489388142712414 ], [ 424810.354229784454219, 4389117.489388142712414 ] ], [ [ 424816.354229784454219, 4389117.489388142712414 ], [ 424817.354229784454219, 4389117.489388142712414 ], [ 424817.354229784454219, 4389116.489388142712414 ], [ 424816.354229784454219, 4389116.489388142712414 ], [ 424816.354229784454219, 4389117.489388142712414 ] ], [ [ 424811.354229784454219, 4389116.489388142712414 ], [ 424812.354229784454219, 4389116.489388142712414 ], [ 424812.354229784454219, 4389115.489388142712414 ], [ 424811.354229784454219, 4389115.489388142712414 ], [ 424811.354229784454219, 4389116.489388142712414 ] ], [ [ 424817.354229784454219, 4389116.489388142712414 ], [ 424818.354229784454219, 4389116.489388142712414 ], [ 424818.354229784454219, 4389115.489388142712414 ], [ 424817.354229784454219, 4389115.489388142712414 ], [ 424817.354229784454219, 4389116.489388142712414 ] ], [ [ 424803.354229784454219, 4389115.489388142712414 ], [ 424804.354229784454219, 4389115.489388142712414 ], [ 424804.354229784454219, 4389114.489388142712414 ], [ 424803.354229784454219, 4389114.489388142712414 ], [ 424803.354229784454219, 4389115.489388142712414 ] ], [ [ 424812.354229784454219, 4389115.489388142712414 ], [ 424813.354229784454219, 4389115.489388142712414 ], [ 424813.354229784454219, 4389114.489388142712414 ], [ 424812.354229784454219, 4389114.489388142712414 ], [ 424812.354229784454219, 4389115.489388142712414 ] ], [ [ 424818.354229784454219, 4389115.489388142712414 ], [ 424819.354229784454219, 4389115.489388142712414 ], [ 424819.354229784454219, 4389114.489388142712414 ], [ 424818.354229784454219, 4389114.489388142712414 ], [ 424818.354229784454219, 4389115.489388142712414 ] ], [ [ 424809.354229784454219, 4389114.489388142712414 ], [ 424810.354229784454219, 4389114.489388142712414 ], [ 424810.354229784454219, 4389113.489388142712414 ], [ 424809.354229784454219, 4389113.489388142712414 ], [ 424809.354229784454219, 4389114.489388142712414 ] ], [ [ 424813.354229784454219, 4389114.489388142712414 ], [ 424814.354229784454219, 4389114.489388142712414 ], [ 424814.354229784454219, 4389113.489388142712414 ], [ 424813.354229784454219, 4389113.489388142712414 ], [ 424813.354229784454219, 4389114.489388142712414 ] ], [ [ 424819.354229784454219, 4389114.489388142712414 ], [ 424820.354229784454219, 4389114.489388142712414 ], [ 424820.354229784454219, 4389113.489388142712414 ], [ 424819.354229784454219, 4389113.489388142712414 ], [ 424819.354229784454219, 4389114.489388142712414 ] ], [ [ 424804.354229784454219, 4389113.489388142712414 ], [ 424805.354229784454219, 4389113.489388142712414 ], [ 424805.354229784454219, 4389112.489388142712414 ], [ 424804.354229784454219, 4389112.489388142712414 ], [ 424804.354229784454219, 4389113.489388142712414 ] ], [ [ 424810.354229784454219, 4389113.489388142712414 ], [ 424811.354229784454219, 4389113.489388142712414 ], [ 424811.354229784454219, 4389112.489388142712414 ], [ 424810.354229784454219, 4389112.489388142712414 ], [ 424810.354229784454219, 4389113.489388142712414 ] ], [ [ 424814.354229784454219, 4389113.489388142712414 ], [ 424815.354229784454219, 4389113.489388142712414 ], [ 424815.354229784454219, 4389112.489388142712414 ], [ 424814.354229784454219, 4389112.489388142712414 ], [ 424814.354229784454219, 4389113.489388142712414 ] ], [ [ 424820.354229784454219, 4389113.489388142712414 ], [ 424821.354229784454219, 4389113.489388142712414 ], [ 424821.354229784454219, 4389112.489388142712414 ], [ 424820.354229784454219, 4389112.489388142712414 ], [ 424820.354229784454219, 4389113.489388142712414 ] ], [ [ 424807.354229784454219, 4389112.489388142712414 ], [ 424808.354229784454219, 4389112.489388142712414 ], [ 424808.354229784454219, 4389111.489388142712414 ], [ 424807.354229784454219, 4389111.489388142712414 ], [ 424807.354229784454219, 4389112.489388142712414 ] ], [ [ 424815.354229784454219, 4389112.489388142712414 ], [ 424816.354229784454219, 4389112.489388142712414 ], [ 424816.354229784454219, 4389111.489388142712414 ], [ 424815.354229784454219, 4389111.489388142712414 ], [ 424815.354229784454219, 4389112.489388142712414 ] ], [ [ 424805.354229784454219, 4389111.489388142712414 ], [ 424806.354229784454219, 4389111.489388142712414 ], [ 424806.354229784454219, 4389110.489388142712414 ], [ 424807.354229784454219, 4389110.489388142712414 ], [ 424807.354229784454219, 4389108.489388142712414 ], [ 424808.354229784454219, 4389108.489388142712414 ], [ 424808.354229784454219, 4389106.489388142712414 ], [ 424809.354229784454219, 4389106.489388142712414 ], [ 424809.354229784454219, 4389104.489388142712414 ], [ 424810.354229784454219, 4389104.489388142712414 ], [ 424810.354229784454219, 4389102.489388142712414 ], [ 424811.354229784454219, 4389102.489388142712414 ], [ 424811.354229784454219, 4389100.489388142712414 ], [ 424812.354229784454219, 4389100.489388142712414 ], [ 424812.354229784454219, 4389098.489388142712414 ], [ 424813.354229784454219, 4389098.489388142712414 ], [ 424813.354229784454219, 4389096.489388142712414 ], [ 424814.354229784454219, 4389096.489388142712414 ], [ 424814.354229784454219, 4389095.489388142712414 ], [ 424812.354229784454219, 4389095.489388142712414 ], [ 424812.354229784454219, 4389096.489388142712414 ], [ 424811.354229784454219, 4389096.489388142712414 ], [ 424811.354229784454219, 4389098.489388142712414 ], [ 424810.354229784454219, 4389098.489388142712414 ], [ 424810.354229784454219, 4389100.489388142712414 ], [ 424809.354229784454219, 4389100.489388142712414 ], [ 424809.354229784454219, 4389102.489388142712414 ], [ 424808.354229784454219, 4389102.489388142712414 ], [ 424808.354229784454219, 4389104.489388142712414 ], [ 424807.354229784454219, 4389104.489388142712414 ], [ 424807.354229784454219, 4389106.489388142712414 ], [ 424806.354229784454219, 4389106.489388142712414 ], [ 424806.354229784454219, 4389109.489388142712414 ], [ 424805.354229784454219, 4389109.489388142712414 ], [ 424805.354229784454219, 4389111.489388142712414 ] ], [ [ 424816.354229784454219, 4389111.489388142712414 ], [ 424817.354229784454219, 4389111.489388142712414 ], [ 424817.354229784454219, 4389110.489388142712414 ], [ 424818.354229784454219, 4389110.489388142712414 ], [ 424818.354229784454219, 4389109.489388142712414 ], [ 424819.354229784454219, 4389109.489388142712414 ], [ 424819.354229784454219, 4389108.489388142712414 ], [ 424820.354229784454219, 4389108.489388142712414 ], [ 424820.354229784454219, 4389107.489388142712414 ], [ 424821.354229784454219, 4389107.489388142712414 ], [ 424821.354229784454219, 4389106.489388142712414 ], [ 424822.354229784454219, 4389106.489388142712414 ], [ 424822.354229784454219, 4389105.489388142712414 ], [ 424823.354229784454219, 4389105.489388142712414 ], [ 424823.354229784454219, 4389103.489388142712414 ], [ 424824.354229784454219, 4389103.489388142712414 ], [ 424824.354229784454219, 4389102.489388142712414 ], [ 424825.354229784454219, 4389102.489388142712414 ], [ 424825.354229784454219, 4389101.489388142712414 ], [ 424826.354229784454219, 4389101.489388142712414 ], [ 424826.354229784454219, 4389099.489388142712414 ], [ 424827.354229784454219, 4389099.489388142712414 ], [ 424827.354229784454219, 4389098.489388142712414 ], [ 424828.354229784454219, 4389098.489388142712414 ], [ 424828.354229784454219, 4389097.489388142712414 ], [ 424829.354229784454219, 4389097.489388142712414 ], [ 424829.354229784454219, 4389095.489388142712414 ], [ 424830.354229784454219, 4389095.489388142712414 ], [ 424830.354229784454219, 4389094.489388142712414 ], [ 424831.354229784454219, 4389094.489388142712414 ], [ 424831.354229784454219, 4389092.489388142712414 ], [ 424832.354229784454219, 4389092.489388142712414 ], [ 424832.354229784454219, 4389090.489388142712414 ], [ 424833.354229784454219, 4389090.489388142712414 ], [ 424833.354229784454219, 4389088.489388142712414 ], [ 424834.354229784454219, 4389088.489388142712414 ], [ 424834.354229784454219, 4389085.489388142712414 ], [ 424835.354229784454219, 4389085.489388142712414 ], [ 424835.354229784454219, 4389084.489388142712414 ], [ 424836.354229784454219, 4389084.489388142712414 ], [ 424836.354229784454219, 4389081.489388142712414 ], [ 424837.354229784454219, 4389081.489388142712414 ], [ 424837.354229784454219, 4389078.489388142712414 ], [ 424838.354229784454219, 4389078.489388142712414 ], [ 424838.354229784454219, 4389077.489388142712414 ], [ 424837.354229784454219, 4389077.489388142712414 ], [ 424837.354229784454219, 4389076.489388142712414 ], [ 424838.354229784454219, 4389076.489388142712414 ], [ 424838.354229784454219, 4389073.489388142712414 ], [ 424837.354229784454219, 4389073.489388142712414 ], [ 424837.354229784454219, 4389074.489388142712414 ], [ 424836.354229784454219, 4389074.489388142712414 ], [ 424836.354229784454219, 4389075.489388142712414 ], [ 424835.354229784454219, 4389075.489388142712414 ], [ 424835.354229784454219, 4389076.489388142712414 ], [ 424834.354229784454219, 4389076.489388142712414 ], [ 424834.354229784454219, 4389077.489388142712414 ], [ 424833.354229784454219, 4389077.489388142712414 ], [ 424833.354229784454219, 4389079.489388142712414 ], [ 424832.354229784454219, 4389079.489388142712414 ], [ 424832.354229784454219, 4389078.489388142712414 ], [ 424831.354229784454219, 4389078.489388142712414 ], [ 424831.354229784454219, 4389079.489388142712414 ], [ 424830.354229784454219, 4389079.489388142712414 ], [ 424830.354229784454219, 4389080.489388142712414 ], [ 424828.354229784454219, 4389080.489388142712414 ], [ 424828.354229784454219, 4389083.489388142712414 ], [ 424827.354229784454219, 4389083.489388142712414 ], [ 424827.354229784454219, 4389082.489388142712414 ], [ 424825.354229784454219, 4389082.489388142712414 ], [ 424825.354229784454219, 4389083.489388142712414 ], [ 424824.354229784454219, 4389083.489388142712414 ], [ 424824.354229784454219, 4389085.489388142712414 ], [ 424823.354229784454219, 4389085.489388142712414 ], [ 424823.354229784454219, 4389084.489388142712414 ], [ 424821.354229784454219, 4389084.489388142712414 ], [ 424821.354229784454219, 4389085.489388142712414 ], [ 424819.354229784454219, 4389085.489388142712414 ], [ 424819.354229784454219, 4389088.489388142712414 ], [ 424818.354229784454219, 4389088.489388142712414 ], [ 424818.354229784454219, 4389090.489388142712414 ], [ 424817.354229784454219, 4389090.489388142712414 ], [ 424817.354229784454219, 4389092.489388142712414 ], [ 424816.354229784454219, 4389092.489388142712414 ], [ 424816.354229784454219, 4389094.489388142712414 ], [ 424815.354229784454219, 4389094.489388142712414 ], [ 424815.354229784454219, 4389097.489388142712414 ], [ 424814.354229784454219, 4389097.489388142712414 ], [ 424814.354229784454219, 4389099.489388142712414 ], [ 424813.354229784454219, 4389099.489388142712414 ], [ 424813.354229784454219, 4389101.489388142712414 ], [ 424812.354229784454219, 4389101.489388142712414 ], [ 424812.354229784454219, 4389103.489388142712414 ], [ 424811.354229784454219, 4389103.489388142712414 ], [ 424811.354229784454219, 4389105.489388142712414 ], [ 424810.354229784454219, 4389105.489388142712414 ], [ 424810.354229784454219, 4389107.489388142712414 ], [ 424809.354229784454219, 4389107.489388142712414 ], [ 424809.354229784454219, 4389109.489388142712414 ], [ 424810.354229784454219, 4389109.489388142712414 ], [ 424810.354229784454219, 4389108.489388142712414 ], [ 424811.354229784454219, 4389108.489388142712414 ], [ 424811.354229784454219, 4389106.489388142712414 ], [ 424812.354229784454219, 4389106.489388142712414 ], [ 424812.354229784454219, 4389104.489388142712414 ], [ 424813.354229784454219, 4389104.489388142712414 ], [ 424813.354229784454219, 4389103.489388142712414 ], [ 424814.354229784454219, 4389103.489388142712414 ], [ 424814.354229784454219, 4389101.489388142712414 ], [ 424815.354229784454219, 4389101.489388142712414 ], [ 424815.354229784454219, 4389099.489388142712414 ], [ 424816.354229784454219, 4389099.489388142712414 ], [ 424816.354229784454219, 4389097.489388142712414 ], [ 424817.354229784454219, 4389097.489388142712414 ], [ 424817.354229784454219, 4389096.489388142712414 ], [ 424818.354229784454219, 4389096.489388142712414 ], [ 424818.354229784454219, 4389098.489388142712414 ], [ 424817.354229784454219, 4389098.489388142712414 ], [ 424817.354229784454219, 4389099.489388142712414 ], [ 424818.354229784454219, 4389099.489388142712414 ], [ 424818.354229784454219, 4389100.489388142712414 ], [ 424816.354229784454219, 4389100.489388142712414 ], [ 424816.354229784454219, 4389101.489388142712414 ], [ 424817.354229784454219, 4389101.489388142712414 ], [ 424817.354229784454219, 4389102.489388142712414 ], [ 424816.354229784454219, 4389102.489388142712414 ], [ 424816.354229784454219, 4389103.489388142712414 ], [ 424815.354229784454219, 4389103.489388142712414 ], [ 424815.354229784454219, 4389107.489388142712414 ], [ 424814.354229784454219, 4389107.489388142712414 ], [ 424814.354229784454219, 4389108.489388142712414 ], [ 424815.354229784454219, 4389108.489388142712414 ], [ 424815.354229784454219, 4389109.489388142712414 ], [ 424816.354229784454219, 4389109.489388142712414 ], [ 424816.354229784454219, 4389111.489388142712414 ] ], [ [ 424808.354229784454219, 4389110.489388142712414 ], [ 424809.354229784454219, 4389110.489388142712414 ], [ 424809.354229784454219, 4389109.489388142712414 ], [ 424808.354229784454219, 4389109.489388142712414 ], [ 424808.354229784454219, 4389110.489388142712414 ] ], [ [ 424811.354229784454219, 4389110.489388142712414 ], [ 424813.354229784454219, 4389110.489388142712414 ], [ 424813.354229784454219, 4389109.489388142712414 ], [ 424811.354229784454219, 4389109.489388142712414 ], [ 424811.354229784454219, 4389110.489388142712414 ] ], [ [ 424821.354229784454219, 4389110.489388142712414 ], [ 424822.354229784454219, 4389110.489388142712414 ], [ 424822.354229784454219, 4389109.489388142712414 ], [ 424823.354229784454219, 4389109.489388142712414 ], [ 424823.354229784454219, 4389108.489388142712414 ], [ 424824.354229784454219, 4389108.489388142712414 ], [ 424824.354229784454219, 4389107.489388142712414 ], [ 424825.354229784454219, 4389107.489388142712414 ], [ 424825.354229784454219, 4389105.489388142712414 ], [ 424824.354229784454219, 4389105.489388142712414 ], [ 424824.354229784454219, 4389106.489388142712414 ], [ 424823.354229784454219, 4389106.489388142712414 ], [ 424823.354229784454219, 4389107.489388142712414 ], [ 424822.354229784454219, 4389107.489388142712414 ], [ 424822.354229784454219, 4389108.489388142712414 ], [ 424821.354229784454219, 4389108.489388142712414 ], [ 424821.354229784454219, 4389110.489388142712414 ] ], [ [ 424813.354229784454219, 4389109.489388142712414 ], [ 424814.354229784454219, 4389109.489388142712414 ], [ 424814.354229784454219, 4389108.489388142712414 ], [ 424813.354229784454219, 4389108.489388142712414 ], [ 424813.354229784454219, 4389109.489388142712414 ] ], [ [ 424813.354229784454219, 4389107.489388142712414 ], [ 424814.354229784454219, 4389107.489388142712414 ], [ 424814.354229784454219, 4389106.489388142712414 ], [ 424813.354229784454219, 4389106.489388142712414 ], [ 424813.354229784454219, 4389107.489388142712414 ] ], [ [ 424825.354229784454219, 4389104.489388142712414 ], [ 424827.354229784454219, 4389104.489388142712414 ], [ 424827.354229784454219, 4389102.489388142712414 ], [ 424826.354229784454219, 4389102.489388142712414 ], [ 424826.354229784454219, 4389103.489388142712414 ], [ 424825.354229784454219, 4389103.489388142712414 ], [ 424825.354229784454219, 4389104.489388142712414 ] ], [ [ 424827.354229784454219, 4389102.489388142712414 ], [ 424828.354229784454219, 4389102.489388142712414 ], [ 424828.354229784454219, 4389101.489388142712414 ], [ 424827.354229784454219, 4389101.489388142712414 ], [ 424827.354229784454219, 4389102.489388142712414 ] ], [ [ 424828.354229784454219, 4389100.489388142712414 ], [ 424829.354229784454219, 4389100.489388142712414 ], [ 424829.354229784454219, 4389099.489388142712414 ], [ 424828.354229784454219, 4389099.489388142712414 ], [ 424828.354229784454219, 4389100.489388142712414 ] ], [ [ 424829.354229784454219, 4389099.489388142712414 ], [ 424830.354229784454219, 4389099.489388142712414 ], [ 424830.354229784454219, 4389098.489388142712414 ], [ 424829.354229784454219, 4389098.489388142712414 ], [ 424829.354229784454219, 4389099.489388142712414 ] ], [ [ 424831.354229784454219, 4389096.489388142712414 ], [ 424832.354229784454219, 4389096.489388142712414 ], [ 424832.354229784454219, 4389095.489388142712414 ], [ 424831.354229784454219, 4389095.489388142712414 ], [ 424831.354229784454219, 4389096.489388142712414 ] ], [ [ 424813.354229784454219, 4389094.489388142712414 ], [ 424815.354229784454219, 4389094.489388142712414 ], [ 424815.354229784454219, 4389093.489388142712414 ], [ 424813.354229784454219, 4389093.489388142712414 ], [ 424813.354229784454219, 4389094.489388142712414 ] ], [ [ 424832.354229784454219, 4389094.489388142712414 ], [ 424833.354229784454219, 4389094.489388142712414 ], [ 424833.354229784454219, 4389093.489388142712414 ], [ 424832.354229784454219, 4389093.489388142712414 ], [ 424832.354229784454219, 4389094.489388142712414 ] ], [ [ 424814.354229784454219, 4389092.489388142712414 ], [ 424815.354229784454219, 4389092.489388142712414 ], [ 424815.354229784454219, 4389091.489388142712414 ], [ 424814.354229784454219, 4389091.489388142712414 ], [ 424814.354229784454219, 4389092.489388142712414 ] ], [ [ 424834.354229784454219, 4389091.489388142712414 ], [ 424835.354229784454219, 4389091.489388142712414 ], [ 424835.354229784454219, 4389090.489388142712414 ], [ 424834.354229784454219, 4389090.489388142712414 ], [ 424834.354229784454219, 4389091.489388142712414 ] ], [ [ 424815.354229784454219, 4389090.489388142712414 ], [ 424816.354229784454219, 4389090.489388142712414 ], [ 424816.354229784454219, 4389089.489388142712414 ], [ 424815.354229784454219, 4389089.489388142712414 ], [ 424815.354229784454219, 4389090.489388142712414 ] ], [ [ 424835.354229784454219, 4389089.489388142712414 ], [ 424836.354229784454219, 4389089.489388142712414 ], [ 424836.354229784454219, 4389088.489388142712414 ], [ 424835.354229784454219, 4389088.489388142712414 ], [ 424835.354229784454219, 4389089.489388142712414 ] ], [ [ 424836.354229784454219, 4389087.489388142712414 ], [ 424837.354229784454219, 4389087.489388142712414 ], [ 424837.354229784454219, 4389085.489388142712414 ], [ 424836.354229784454219, 4389085.489388142712414 ], [ 424836.354229784454219, 4389087.489388142712414 ] ], [ [ 424837.354229784454219, 4389085.489388142712414 ], [ 424838.354229784454219, 4389085.489388142712414 ], [ 424838.354229784454219, 4389083.489388142712414 ], [ 424839.354229784454219, 4389083.489388142712414 ], [ 424839.354229784454219, 4389079.489388142712414 ], [ 424838.354229784454219, 4389079.489388142712414 ], [ 424838.354229784454219, 4389082.489388142712414 ], [ 424837.354229784454219, 4389082.489388142712414 ], [ 424837.354229784454219, 4389085.489388142712414 ] ], [ [ 424839.354229784454219, 4389079.489388142712414 ], [ 424840.354229784454219, 4389079.489388142712414 ], [ 424840.354229784454219, 4389075.489388142712414 ], [ 424839.354229784454219, 4389075.489388142712414 ], [ 424839.354229784454219, 4389079.489388142712414 ] ], [ [ 424840.354229784454219, 4389072.489388142712414 ], [ 424841.354229784454219, 4389072.489388142712414 ], [ 424841.354229784454219, 4389071.489388142712414 ], [ 424840.354229784454219, 4389071.489388142712414 ], [ 424840.354229784454219, 4389072.489388142712414 ] ], [ [ 424723.354229784454219, 4388956.489388142712414 ], [ 424724.354229784454219, 4388956.489388142712414 ], [ 424724.354229784454219, 4388955.489388142712414 ], [ 424723.354229784454219, 4388955.489388142712414 ], [ 424723.354229784454219, 4388956.489388142712414 ] ], [ [ 424724.354229784454219, 4388955.489388142712414 ], [ 424725.354229784454219, 4388955.489388142712414 ], [ 424725.354229784454219, 4388954.489388142712414 ], [ 424724.354229784454219, 4388954.489388142712414 ], [ 424724.354229784454219, 4388955.489388142712414 ] ], [ [ 424725.354229784454219, 4388954.489388142712414 ], [ 424726.354229784454219, 4388954.489388142712414 ], [ 424726.354229784454219, 4388953.489388142712414 ], [ 424725.354229784454219, 4388953.489388142712414 ], [ 424725.354229784454219, 4388954.489388142712414 ] ], [ [ 424726.354229784454219, 4388953.489388142712414 ], [ 424727.354229784454219, 4388953.489388142712414 ], [ 424727.354229784454219, 4388952.489388142712414 ], [ 424726.354229784454219, 4388952.489388142712414 ], [ 424726.354229784454219, 4388953.489388142712414 ] ], [ [ 424742.354229784454219, 4388944.489388142712414 ], [ 424743.354229784454219, 4388944.489388142712414 ], [ 424743.354229784454219, 4388943.489388142712414 ], [ 424742.354229784454219, 4388943.489388142712414 ], [ 424742.354229784454219, 4388944.489388142712414 ] ], [ [ 424747.354229784454219, 4388940.489388142712414 ], [ 424748.354229784454219, 4388940.489388142712414 ], [ 424748.354229784454219, 4388939.489388142712414 ], [ 424747.354229784454219, 4388939.489388142712414 ], [ 424747.354229784454219, 4388940.489388142712414 ] ], [ [ 424751.354229784454219, 4388937.489388142712414 ], [ 424752.354229784454219, 4388937.489388142712414 ], [ 424752.354229784454219, 4388936.489388142712414 ], [ 424751.354229784454219, 4388936.489388142712414 ], [ 424751.354229784454219, 4388937.489388142712414 ] ], [ [ 424752.354229784454219, 4388936.489388142712414 ], [ 424753.354229784454219, 4388936.489388142712414 ], [ 424753.354229784454219, 4388935.489388142712414 ], [ 424752.354229784454219, 4388935.489388142712414 ], [ 424752.354229784454219, 4388936.489388142712414 ] ], [ [ 424753.354229784454219, 4388935.489388142712414 ], [ 424754.354229784454219, 4388935.489388142712414 ], [ 424754.354229784454219, 4388934.489388142712414 ], [ 424753.354229784454219, 4388934.489388142712414 ], [ 424753.354229784454219, 4388935.489388142712414 ] ], [ [ 424758.354229784454219, 4388931.489388142712414 ], [ 424759.354229784454219, 4388931.489388142712414 ], [ 424759.354229784454219, 4388930.489388142712414 ], [ 424758.354229784454219, 4388930.489388142712414 ], [ 424758.354229784454219, 4388931.489388142712414 ] ], [ [ 424759.354229784454219, 4388930.489388142712414 ], [ 424760.354229784454219, 4388930.489388142712414 ], [ 424760.354229784454219, 4388929.489388142712414 ], [ 424759.354229784454219, 4388929.489388142712414 ], [ 424759.354229784454219, 4388930.489388142712414 ] ], [ [ 424760.354229784454219, 4388929.489388142712414 ], [ 424761.354229784454219, 4388929.489388142712414 ], [ 424761.354229784454219, 4388928.489388142712414 ], [ 424760.354229784454219, 4388928.489388142712414 ], [ 424760.354229784454219, 4388929.489388142712414 ] ], [ [ 424761.354229784454219, 4388928.489388142712414 ], [ 424762.354229784454219, 4388928.489388142712414 ], [ 424762.354229784454219, 4388927.489388142712414 ], [ 424761.354229784454219, 4388927.489388142712414 ], [ 424761.354229784454219, 4388928.489388142712414 ] ], [ [ 424762.354229784454219, 4388927.489388142712414 ], [ 424763.354229784454219, 4388927.489388142712414 ], [ 424763.354229784454219, 4388926.489388142712414 ], [ 424762.354229784454219, 4388926.489388142712414 ], [ 424762.354229784454219, 4388927.489388142712414 ] ], [ [ 424763.354229784454219, 4388926.489388142712414 ], [ 424764.354229784454219, 4388926.489388142712414 ], [ 424764.354229784454219, 4388925.489388142712414 ], [ 424763.354229784454219, 4388925.489388142712414 ], [ 424763.354229784454219, 4388926.489388142712414 ] ], [ [ 424764.354229784454219, 4388925.489388142712414 ], [ 424765.354229784454219, 4388925.489388142712414 ], [ 424765.354229784454219, 4388924.489388142712414 ], [ 424764.354229784454219, 4388924.489388142712414 ], [ 424764.354229784454219, 4388925.489388142712414 ] ], [ [ 424852.354229784454219, 4388925.489388142712414 ], [ 424853.354229784454219, 4388925.489388142712414 ], [ 424853.354229784454219, 4388923.489388142712414 ], [ 424852.354229784454219, 4388923.489388142712414 ], [ 424852.354229784454219, 4388925.489388142712414 ] ], [ [ 424766.354229784454219, 4388923.489388142712414 ], [ 424767.354229784454219, 4388923.489388142712414 ], [ 424767.354229784454219, 4388922.489388142712414 ], [ 424766.354229784454219, 4388922.489388142712414 ], [ 424766.354229784454219, 4388923.489388142712414 ] ], [ [ 424767.354229784454219, 4388922.489388142712414 ], [ 424768.354229784454219, 4388922.489388142712414 ], [ 424768.354229784454219, 4388921.489388142712414 ], [ 424767.354229784454219, 4388921.489388142712414 ], [ 424767.354229784454219, 4388922.489388142712414 ] ], [ [ 424848.354229784454219, 4388903.489388142712414 ], [ 424849.354229784454219, 4388903.489388142712414 ], [ 424849.354229784454219, 4388902.489388142712414 ], [ 424848.354229784454219, 4388902.489388142712414 ], [ 424848.354229784454219, 4388903.489388142712414 ] ], [ [ 424788.354229784454219, 4388900.489388142712414 ], [ 424789.354229784454219, 4388900.489388142712414 ], [ 424789.354229784454219, 4388899.489388142712414 ], [ 424788.354229784454219, 4388899.489388142712414 ], [ 424788.354229784454219, 4388900.489388142712414 ] ], [ [ 424847.354229784454219, 4388900.489388142712414 ], [ 424848.354229784454219, 4388900.489388142712414 ], [ 424848.354229784454219, 4388899.489388142712414 ], [ 424847.354229784454219, 4388899.489388142712414 ], [ 424847.354229784454219, 4388900.489388142712414 ] ], [ [ 424846.354229784454219, 4388897.489388142712414 ], [ 424847.354229784454219, 4388897.489388142712414 ], [ 424847.354229784454219, 4388896.489388142712414 ], [ 424846.354229784454219, 4388896.489388142712414 ], [ 424846.354229784454219, 4388897.489388142712414 ] ], [ [ 424791.354229784454219, 4388896.489388142712414 ], [ 424792.354229784454219, 4388896.489388142712414 ], [ 424792.354229784454219, 4388895.489388142712414 ], [ 424791.354229784454219, 4388895.489388142712414 ], [ 424791.354229784454219, 4388896.489388142712414 ] ], [ [ 424792.354229784454219, 4388895.489388142712414 ], [ 424793.354229784454219, 4388895.489388142712414 ], [ 424793.354229784454219, 4388894.489388142712414 ], [ 424792.354229784454219, 4388894.489388142712414 ], [ 424792.354229784454219, 4388895.489388142712414 ] ], [ [ 424788.354229784454219, 4388892.489388142712414 ], [ 424789.354229784454219, 4388892.489388142712414 ], [ 424789.354229784454219, 4388891.489388142712414 ], [ 424788.354229784454219, 4388891.489388142712414 ], [ 424788.354229784454219, 4388892.489388142712414 ] ], [ [ 424794.354229784454219, 4388892.489388142712414 ], [ 424795.354229784454219, 4388892.489388142712414 ], [ 424795.354229784454219, 4388891.489388142712414 ], [ 424794.354229784454219, 4388891.489388142712414 ], [ 424794.354229784454219, 4388892.489388142712414 ] ], [ [ 424789.354229784454219, 4388891.489388142712414 ], [ 424790.354229784454219, 4388891.489388142712414 ], [ 424790.354229784454219, 4388890.489388142712414 ], [ 424789.354229784454219, 4388890.489388142712414 ], [ 424789.354229784454219, 4388891.489388142712414 ] ], [ [ 424795.354229784454219, 4388891.489388142712414 ], [ 424796.354229784454219, 4388891.489388142712414 ], [ 424796.354229784454219, 4388890.489388142712414 ], [ 424795.354229784454219, 4388890.489388142712414 ], [ 424795.354229784454219, 4388891.489388142712414 ] ], [ [ 424790.354229784454219, 4388890.489388142712414 ], [ 424791.354229784454219, 4388890.489388142712414 ], [ 424791.354229784454219, 4388889.489388142712414 ], [ 424790.354229784454219, 4388889.489388142712414 ], [ 424790.354229784454219, 4388890.489388142712414 ] ], [ [ 424796.354229784454219, 4388889.489388142712414 ], [ 424797.354229784454219, 4388889.489388142712414 ], [ 424797.354229784454219, 4388888.489388142712414 ], [ 424796.354229784454219, 4388888.489388142712414 ], [ 424796.354229784454219, 4388889.489388142712414 ] ], [ [ 424791.354229784454219, 4388888.489388142712414 ], [ 424792.354229784454219, 4388888.489388142712414 ], [ 424792.354229784454219, 4388887.489388142712414 ], [ 424791.354229784454219, 4388887.489388142712414 ], [ 424791.354229784454219, 4388888.489388142712414 ] ], [ [ 424797.354229784454219, 4388888.489388142712414 ], [ 424798.354229784454219, 4388888.489388142712414 ], [ 424798.354229784454219, 4388887.489388142712414 ], [ 424797.354229784454219, 4388887.489388142712414 ], [ 424797.354229784454219, 4388888.489388142712414 ] ], [ [ 424792.354229784454219, 4388887.489388142712414 ], [ 424793.354229784454219, 4388887.489388142712414 ], [ 424793.354229784454219, 4388886.489388142712414 ], [ 424792.354229784454219, 4388886.489388142712414 ], [ 424792.354229784454219, 4388887.489388142712414 ] ], [ [ 424793.354229784454219, 4388886.489388142712414 ], [ 424794.354229784454219, 4388886.489388142712414 ], [ 424794.354229784454219, 4388885.489388142712414 ], [ 424793.354229784454219, 4388885.489388142712414 ], [ 424793.354229784454219, 4388886.489388142712414 ] ], [ [ 424799.354229784454219, 4388885.489388142712414 ], [ 424800.354229784454219, 4388885.489388142712414 ], [ 424800.354229784454219, 4388884.489388142712414 ], [ 424799.354229784454219, 4388884.489388142712414 ], [ 424799.354229784454219, 4388885.489388142712414 ] ], [ [ 424800.354229784454219, 4388884.489388142712414 ], [ 424801.354229784454219, 4388884.489388142712414 ], [ 424801.354229784454219, 4388883.489388142712414 ], [ 424800.354229784454219, 4388883.489388142712414 ], [ 424800.354229784454219, 4388884.489388142712414 ] ], [ [ 424796.354229784454219, 4388882.489388142712414 ], [ 424797.354229784454219, 4388882.489388142712414 ], [ 424797.354229784454219, 4388881.489388142712414 ], [ 424796.354229784454219, 4388881.489388142712414 ], [ 424796.354229784454219, 4388882.489388142712414 ] ], [ [ 424995.354229784454219, 4388409.489388142712414 ], [ 424996.354229784454219, 4388409.489388142712414 ], [ 424996.354229784454219, 4388405.489388142712414 ], [ 424997.354229784454219, 4388405.489388142712414 ], [ 424997.354229784454219, 4388402.489388142712414 ], [ 424996.354229784454219, 4388402.489388142712414 ], [ 424996.354229784454219, 4388404.489388142712414 ], [ 424995.354229784454219, 4388404.489388142712414 ], [ 424995.354229784454219, 4388409.489388142712414 ] ], [ [ 424999.354229784454219, 4388404.489388142712414 ], [ 425000.354229784454219, 4388404.489388142712414 ], [ 425000.354229784454219, 4388403.489388142712414 ], [ 424999.354229784454219, 4388403.489388142712414 ], [ 424999.354229784454219, 4388404.489388142712414 ] ], [ [ 424997.354229784454219, 4388402.489388142712414 ], [ 424998.354229784454219, 4388402.489388142712414 ], [ 424998.354229784454219, 4388399.489388142712414 ], [ 424997.354229784454219, 4388399.489388142712414 ], [ 424997.354229784454219, 4388402.489388142712414 ] ], [ [ 425000.354229784454219, 4388402.489388142712414 ], [ 425001.354229784454219, 4388402.489388142712414 ], [ 425001.354229784454219, 4388401.489388142712414 ], [ 425000.354229784454219, 4388401.489388142712414 ], [ 425000.354229784454219, 4388402.489388142712414 ] ], [ [ 424999.354229784454219, 4388401.489388142712414 ], [ 425000.354229784454219, 4388401.489388142712414 ], [ 425000.354229784454219, 4388400.489388142712414 ], [ 424999.354229784454219, 4388400.489388142712414 ], [ 424999.354229784454219, 4388401.489388142712414 ] ], [ [ 425001.354229784454219, 4388401.489388142712414 ], [ 425002.354229784454219, 4388401.489388142712414 ], [ 425002.354229784454219, 4388398.489388142712414 ], [ 425001.354229784454219, 4388398.489388142712414 ], [ 425001.354229784454219, 4388401.489388142712414 ] ], [ [ 424998.354229784454219, 4388399.489388142712414 ], [ 424999.354229784454219, 4388399.489388142712414 ], [ 424999.354229784454219, 4388397.489388142712414 ], [ 424998.354229784454219, 4388397.489388142712414 ], [ 424998.354229784454219, 4388399.489388142712414 ] ], [ [ 425000.354229784454219, 4388398.489388142712414 ], [ 425001.354229784454219, 4388398.489388142712414 ], [ 425001.354229784454219, 4388397.489388142712414 ], [ 425000.354229784454219, 4388397.489388142712414 ], [ 425000.354229784454219, 4388398.489388142712414 ] ] ] } },
{ "type": "Feature", "properties": { "level": 0.5 }, "geometry": { "type": "Polygon", "coordinates": [ [ [ 424769.354229784454219, 4389150.489388142712414 ], [ 424769.354229784454219, 4389149.489388142712414 ], [ 424770.354229784454219, 4389149.489388142712414 ], [ 424770.354229784454219, 4389150.489388142712414 ], [ 424769.354229784454219, 4389150.489388142712414 ] ] ] } },
{ "type": "Feature", "properties": { "level": 0.5 }, "geometry": { "type": "Polygon", "coordinates": [ [ [ 424771.354229784454219, 4389146.489388142712414 ], [ 424771.354229784454219, 4389145.489388142712414 ], [ 424772.354229784454219, 4389145.489388142712414 ], [ 424772.354229784454219, 4389144.489388142712414 ], [ 424774.354229784454219, 4389144.489388142712414 ], [ 424774.354229784454219, 4389145.489388142712414 ], [ 424773.354229784454219, 4389145.489388142712414 ], [ 424773.354229784454219, 4389146.489388142712414 ], [ 424771.354229784454219, 4389146.489388142712414 ] ] ] } },
{ "type": "Feature", "properties": { "level": 0.5 }, "geometry": { "type": "Polygon", "coordinates": [ [ [ 424770.354229784454219, 4389145.489388142712414 ], [ 424770.354229784454219, 4389144.489388142712414 ], [ 424771.354229784454219, 4389144.489388142712414 ], [ 424771.354229784454219, 4389145.489388142712414 ], [ 424770.354229784454219, 4389145.489388142712414 ] ] ] } },
{ "type": "Feature", "properties": { "level": 0.5 }, "geometry": { "type": "Polygon", "coordinates": [ [ [ 424771.354229784454219, 4389144.489388142712414 ], [ 424771.354229784454219, 4389143.489388142712414 ], [ 424772.354229784454219, 4389143.489388142712414 ], [ 424772.354229784454219, 4389144.489388142712414 ], [ 424771.354229784454219, 4389144.489388142712414 ] ] ] } },
{ "type": "Feature", "properties": { "level": 0.5 }, "geometry": { "type": "Polygon", "coordinates": [ [ [ 424774.354229784454219, 4389144.489388142712414 ], [ 424774.354229784454219, 4389143.489388142712414 ], [ 424775.354229784454219, 4389143.489388142712414 ], [ 424775.354229784454219, 4389144.489388142712414 ], [ 424774.354229784454219, 4389144.489388142712414 ] ] ] } },
{ "type": "Feature", "properties": { "level": 0.5 }, "geometry": { "type": "Polygon", "coordinates": [ [ [ 424775.354229784454219, 4389143.489388142712414 ], [ 424775.354229784454219, 4389142.489388142712414 ], [ 424777.354229784454219, 4389142.489388142712414 ], [ 424777.354229784454219, 4389143.489388142712414 ], [ 424775.354229784454219, 4389143.489388142712414 ] ] ] } },
{ "type": "Feature", "properties": { "level": 0.5 }, "geometry": { "type": "Polygon", "coordinates": [ [ [ 424777.354229784454219, 4389142.489388142712414 ], [ 424777.354229784454219, 4389141.489388142712414 ], [ 424778.354229784454219, 4389141.489388142712414 ], [ 424778.354229784454219, 4389142.489388142712414 ], [ 424777.354229784454219, 4389142.489388142712414 ] ] ] } },
{ "type": "Feature", "properties": { "level": 0.5 }, "geometry": { "type": "Polygon", "coordinates": [ [ [ 424775.354229784454219, 4389141.489388142712414 ], [ 424775.354229784454219, 4389140.489388142712414 ], [ 424776.354229784454219, 4389140.489388142712414 ], [ 424776.354229784454219, 4389141.489388142712414 ], [ 424775.354229784454219, 4389141.489388142712414 ] ] ] } },
{ "type": "Feature", "properties": { "level": 0.5 }, "geometry": { "type": "Polygon", "coordinates": [ [ [ 424778.354229784454219, 4389141.489388142712414 ], [ 424778.354229784454219, 4389140.489388142712414 ], [ 424780.354229784454219, 4389140.489388142712414 ], [ 424780.354229784454219, 4389141.489388142712414 ], [ 424778.354229784454219, 4389141.489388142712414 ] ] ] } },
{ "type": "Feature", "properties": { "level": 0.5 }, "geometry": { "type": "Polygon", "coordinates": [ [ [ 424780.354229784454219, 4389140.489388142712414 ], [ 424780.354229784454219, 4389139.489388142712414 ], [ 424782.354229784454219, 4389139.489388142712414 ], [ 424782.354229784454219, 4389140.489388142712414 ], [ 424780.354229784454219, 4389140.489388142712414 ] ] ] } },
{ "type": "Feature", "properties": { "level": 0.5 }, "geometry": { "type": "Polygon", "coordinates": [ [ [ 424778.354229784454219, 4389139.489388142712414 ], [ 424778.354229784454219, 4389138.489388142712414 ], [ 424779.354229784454219, 4389138.489388142712414 ], [ 424779.354229784454219, 4389139.489388142712414 ], [ 424778.354229784454219, 4389139.489388142712414 ] ] ] } },
{ "type": "Feature", "properties": { "level": 0.5 }, "geometry": { "type": "Polygon", "coordinates": [ [ [ 424782.354229784454219, 4389139.489388142712414 ], [ 424782.354229784454219, 4389138.489388142712414 ], [ 424783.354229784454219, 4389138.489388142712414 ], [ 424783.354229784454219, 4389137.489388142712414 ], [ 424785.354229784454219, 4389137.489388142712414 ], [ 424785.354229784454219, 4389138.489388142712414 ], [ 424784.354229784454219, 4389138.489388142712414 ], [ 424784.354229784454219, 4389139.489388142712414 ], [ 424782.354229784454219, 4389139.489388142712414 ] ] ] } },
{ "type": "Feature", "properties": { "level": 0.5 }, "geometry": { "type": "Polygon", "coordinates": [ [ [ 424781.354229784454219, 4389137.489388142712414 ], [ 424781.354229784454219, 4389136.489388142712414 ], [ 424782.354229784454219, 4389136.489388142712414 ], [ 424782.354229784454219, 4389137.489388142712414 ], [ 424781.354229784454219, 4389137.489388142712414 ] ] ] } },
{ "type": "Feature", "properties": { "level": 0.5 }, "geometry": { "type": "Polygon", "coordinates": [ [ [ 424785.354229784454219, 4389137.489388142712414 ], [ 424785.354229784454219, 4389136.489388142712414 ], [ 424787.354229784454219, 4389136.489388142712414 ], [ 424787.354229784454219, 4389137.489388142712414 ], [ 424785.354229784454219, 4389137.489388142712414 ] ] ] } },
{ "type": "Feature", "properties": { "level": 0.5 }, "geometry": { "type": "Polygon", "coordinates": [ [ [ 424787.354229784454219, 4389136.489388142712414 ], [ 424787.354229784454219, 4389135.489388142712414 ], [ 424788.354229784454219, 4389135.489388142712414 ], [ 424788.354229784454219, 4389136.489388142712414 ], [ 424787.354229784454219, 4389136.489388142712414 ] ] ] } },
{ "type": "Feature", "properties": { "level": 0.5 }, "geometry": { "type": "Polygon", "coordinates": [ [ [ 424784.354229784454219, 4389135.489388142712414 ], [ 424784.354229784454219, 4389134.489388142712414 ], [ 424785.354229784454219, 4389134.489388142712414 ], [ 424785.354229784454219, 4389135.489388142712414 ], [ 424784.354229784454219, 4389135.489388142712414 ] ] ] } },
{ "type": "Feature", "properties": { "level": 0.5 }, "geometry": { "type": "Polygon", "coordinates": [ [ [ 424788.354229784454219, 4389135.489388142712414 ], [ 424788.354229784454219, 4389134.489388142712414 ], [ 424790.354229784454219, 4389134.489388142712414 ], [ 424790.354229784454219, 4389135.489388142712414 ], [ 424788.354229784454219, 4389135.489388142712414 ] ] ] } },
{ "type": "Feature", "properties": { "level": 0.5 }, "geometry": { "type": "Polygon", "coordinates": [ [ [ 424790.354229784454219, 4389134.489388142712414 ], [ 424790.354229784454219, 4389133.489388142712414 ], [ 424791.354229784454219, 4389133.489388142712414 ], [ 424791.354229784454219, 4389134.489388142712414 ], [ 424790.354229784454219, 4389134.489388142712414 ] ] ] } },
{ "type": "Feature", "properties": { "level": 0.5 }, "geometry": { "type": "Polygon", "coordinates": [ [ [ 424791.354229784454219, 4389133.489388142712414 ], [ 424791.354229784454219, 4389132.489388142712414 ], [ 424792.354229784454219, 4389132.489388142712414 ], [ 424792.354229784454219, 4389131.489388142712414 ], [ 424794.354229784454219, 4389131.489388142712414 ], [ 424794.354229784454219, 4389132.489388142712414 ], [ 424793.354229784454219, 4389132.489388142712414 ], [ 424793.354229784454219, 4389133.489388142712414 ], [ 424791.354229784454219, 4389133.489388142712414 ] ] ] } },
{ "type": "Feature", "properties": { "level": 0.5 }, "geometry": { "type": "Polygon", "coordinates": [ [ [ 424799.354229784454219, 4389118.489388142712414 ], [ 424799.354229784454219, 4389117.489388142712414 ], [ 424800.354229784454219, 4389117.489388142712414 ], [ 424800.354229784454219, 4389118.489388142712414 ], [ 424799.354229784454219, 4389118.489388142712414 ] ] ] } },
{ "type": "Feature", "properties": { "level": 0.5 }, "geometry": { "type": "Polygon", "coordinates": [ [ [ 424800.354229784454219, 4389116.489388142712414 ], [ 424800.354229784454219, 4389115.489388142712414 ], [ 424801.354229784454219, 4389115.489388142712414 ], [ 424801.354229784454219, 4389116.489388142712414 ], [ 424800.354229784454219, 4389116.489388142712414 ] ] ] } },
{ "type": "Feature", "properties": { "level": 0.5 }, "geometry": { "type": "Polygon", "coordinates": [ [ [ 424801.354229784454219, 4389113.489388142712414 ], [ 424801.354229784454219, 4389112.489388142712414 ], [ 424802.354229784454219, 4389112.489388142712414 ], [ 424802.354229784454219, 4389113.489388142712414 ], [ 424801.354229784454219, 4389113.489388142712414 ] ] ] } },
{ "type": "Feature", "properties": { "level": 0.5 }, "geometry": { "type": "Polygon", "coordinates": [ [ [ 424803.354229784454219, 4389107.489388142712414 ], [ 424803.354229784454219, 4389106.489388142712414 ], [ 424804.354229784454219, 4389106.489388142712414 ], [ 424804.354229784454219, 4389107.489388142712414 ], [ 424803.354229784454219, 4389107.489388142712414 ] ] ] } },
{ "type": "Feature", "properties": { "level": 0.5 }, "geometry": { "type": "Polygon", "coordinates": [ [ [ 424838.354229784454219, 4388355.489388142712414 ], [ 424838.354229784454219, 4388354.489388142712414 ], [ 424839.354229784454219, 4388354.489388142712414 ], [ 424839.354229784454219, 4388355.489388142712414 ], [ 424838.354229784454219, 4388355.489388142712414 ] ] ] } },
{ "type": "Feature", "properties": { "level": 0.5 }, "geometry": { "type": "Polygon", "coordinates": [ [ [ 424839.354229784454219, 4388354.489388142712414 ], [ 424839.354229784454219, 4388353.489388142712414 ], [ 424840.354229784454219, 4388353.489388142712414 ], [ 424840.354229784454219, 4388354.489388142712414 ], [ 424839.354229784454219, 4388354.489388142712414 ] ] ] } },
{ "type": "Feature", "properties": { "level": 0.5 }, "geometry": { "type": "Polygon", "coordinates": [ [ [ 424838.354229784454219, 4388351.489388142712414 ], [ 424838.354229784454219, 4388350.489388142712414 ], [ 424839.354229784454219, 4388350.489388142712414 ], [ 424839.354229784454219, 4388351.489388142712414 ], [ 424838.354229784454219, 4388351.489388142712414 ] ] ] } },
{ "type": "Feature", "properties": { "level": 0.5 }, "geometry": { "type": "Polygon", "coordinates": [ [ [ 424837.354229784454219, 4388348.489388142712414 ], [ 424837.354229784454219, 4388347.489388142712414 ], [ 424838.354229784454219, 4388347.489388142712414 ], [ 424838.354229784454219, 4388348.489388142712414 ], [ 424837.354229784454219, 4388348.489388142712414 ] ] ] } },
{ "type": "Feature", "properties": { "level": 0.5 }, "geometry": { "type": "Polygon", "coordinates": [ [ [ 424904.354229784454219, 4389317.489388142712414 ], [ 424904.354229784454219, 4389316.489388142712414 ], [ 424902.354229784454219, 4389316.489388142712414 ], [ 424902.354229784454219, 4389315.489388142712414 ], [ 424900.354229784454219, 4389315.489388142712414 ], [ 424900.354229784454219, 4389314.489388142712414 ], [ 424897.354229784454219, 4389314.489388142712414 ], [ 424897.354229784454219, 4389313.489388142712414 ], [ 424894.354229784454219, 4389313.489388142712414 ], [ 424894.354229784454219, 4389312.489388142712414 ], [ 424892.354229784454219, 4389312.489388142712414 ], [ 424892.354229784454219, 4389311.489388142712414 ], [ 424891.354229784454219, 4389311.489388142712414 ], [ 424891.354229784454219, 4389309.489388142712414 ], [ 424890.354229784454219, 4389309.489388142712414 ], [ 424890.354229784454219, 4389305.489388142712414 ], [ 424889.354229784454219, 4389305.489388142712414 ], [ 424889.354229784454219, 4389302.489388142712414 ], [ 424887.354229784454219, 4389302.489388142712414 ], [ 424887.354229784454219, 4389301.489388142712414 ], [ 424886.354229784454219, 4389301.489388142712414 ], [ 424886.354229784454219, 4389300.489388142712414 ], [ 424885.354229784454219, 4389300.489388142712414 ], [ 424885.354229784454219, 4389299.489388142712414 ], [ 424884.354229784454219, 4389299.489388142712414 ], [ 424884.354229784454219, 4389298.489388142712414 ], [ 424882.354229784454219, 4389298.489388142712414 ], [ 424882.354229784454219, 4389297.489388142712414 ], [ 424881.354229784454219, 4389297.489388142712414 ], [ 424881.354229784454219, 4389296.489388142712414 ], [ 424880.354229784454219, 4389296.489388142712414 ], [ 424880.354229784454219, 4389295.489388142712414 ], [ 424878.354229784454219, 4389295.489388142712414 ], [ 424878.354229784454219, 4389294.489388142712414 ], [ 424876.354229784454219, 4389294.489388142712414 ], [ 424876.354229784454219, 4389293.489388142712414 ], [ 424875.354229784454219, 4389293.489388142712414 ], [ 424875.354229784454219, 4389292.489388142712414 ], [ 424873.354229784454219, 4389292.489388142712414 ], [ 424873.354229784454219, 4389291.489388142712414 ], [ 424871.354229784454219, 4389291.489388142712414 ], [ 424871.354229784454219, 4389290.489388142712414 ], [ 424869.354229784454219, 4389290.489388142712414 ], [ 424869.354229784454219, 4389289.489388142712414 ], [ 424867.354229784454219, 4389289.489388142712414 ], [ 424867.354229784454219, 4389288.489388142712414 ], [ 424865.354229784454219, 4389288.489388142712414 ], [ 424865.354229784454219, 4389287.489388142712414 ], [ 424863.354229784454219, 4389287.489388142712414 ], [ 424863.354229784454219, 4389286.489388142712414 ], [ 424861.354229784454219, 4389286.489388142712414 ], [ 424861.354229784454219, 4389285.489388142712414 ], [ 424860.354229784454219, 4389285.489388142712414 ], [ 424860.354229784454219, 4389284.489388142712414 ], [ 424858.354229784454219, 4389284.489388142712414 ], [ 424858.354229784454219, 4389283.489388142712414 ], [ 424857.354229784454219, 4389283.489388142712414 ], [ 424857.354229784454219, 4389282.489388142712414 ], [ 424856.354229784454219, 4389282.489388142712414 ], [ 424856.354229784454219, 4389281.489388142712414 ], [ 424852.354229784454219, 4389281.489388142712414 ], [ 424852.354229784454219, 4389280.489388142712414 ], [ 424850.354229784454219, 4389280.489388142712414 ], [ 424850.354229784454219, 4389279.489388142712414 ], [ 424849.354229784454219, 4389279.489388142712414 ], [ 424849.354229784454219, 4389278.489388142712414 ], [ 424848.354229784454219, 4389278.489388142712414 ], [ 424848.354229784454219, 4389277.489388142712414 ], [ 424847.354229784454219, 4389277.489388142712414 ], [ 424847.354229784454219, 4389276.489388142712414 ], [ 424846.354229784454219, 4389276.489388142712414 ], [ 424846.354229784454219, 4389275.489388142712414 ], [ 424843.354229784454219, 4389275.489388142712414 ], [ 424843.354229784454219, 4389274.489388142712414 ], [ 424841.354229784454219, 4389274.489388142712414 ], [ 424841.354229784454219, 4389273.489388142712414 ], [ 424839.354229784454219, 4389273.489388142712414 ], [ 424839.354229784454219, 4389272.489388142712414 ], [ 424837.354229784454219, 4389272.489388142712414 ], [ 424837.354229784454219, 4389271.489388142712414 ], [ 424834.354229784454219, 4389271.489388142712414 ], [ 424834.354229784454219, 4389270.489388142712414 ], [ 424832.354229784454219, 4389270.489388142712414 ], [ 424832.354229784454219, 4389269.489388142712414 ], [ 424830.354229784454219, 4389269.489388142712414 ], [ 424830.354229784454219, 4389268.489388142712414 ], [ 424829.354229784454219, 4389268.489388142712414 ], [ 424829.354229784454219, 4389267.489388142712414 ], [ 424828.354229784454219, 4389267.489388142712414 ], [ 424828.354229784454219, 4389266.489388142712414 ], [ 424827.354229784454219, 4389266.489388142712414 ], [ 424827.354229784454219, 4389265.489388142712414 ], [ 424825.354229784454219, 4389265.489388142712414 ], [ 424825.354229784454219, 4389264.489388142712414 ], [ 424824.354229784454219, 4389264.489388142712414 ], [ 424824.354229784454219, 4389263.489388142712414 ], [ 424823.354229784454219, 4389263.489388142712414 ], [ 424823.354229784454219, 4389262.489388142712414 ], [ 424821.354229784454219, 4389262.489388142712414 ], [ 424821.354229784454219, 4389261.489388142712414 ], [ 424820.354229784454219, 4389261.489388142712414 ], [ 424820.354229784454219, 4389260.489388142712414 ], [ 424818.354229784454219, 4389260.489388142712414 ], [ 424818.354229784454219, 4389259.489388142712414 ], [ 424817.354229784454219, 4389259.489388142712414 ], [ 424817.354229784454219, 4389258.489388142712414 ], [ 424815.354229784454219, 4389258.489388142712414 ], [ 424815.354229784454219, 4389257.489388142712414 ], [ 424813.354229784454219, 4389257.489388142712414 ], [ 424813.354229784454219, 4389256.489388142712414 ], [ 424811.354229784454219, 4389256.489388142712414 ], [ 424811.354229784454219, 4389255.489388142712414 ], [ 424810.354229784454219, 4389255.489388142712414 ], [ 424810.354229784454219, 4389254.489388142712414 ], [ 424808.354229784454219, 4389254.489388142712414 ], [ 424808.354229784454219, 4389253.489388142712414 ], [ 424807.354229784454219, 4389253.489388142712414 ], [ 424807.354229784454219, 4389252.489388142712414 ], [ 424806.354229784454219, 4389252.489388142712414 ], [ 424806.354229784454219, 4389253.489388142712414 ], [ 424805.354229784454219, 4389253.489388142712414 ], [ 424805.354229784454219, 4389252.489388142712414 ], [ 424804.354229784454219, 4389252.489388142712414 ], [ 424804.354229784454219, 4389251.489388142712414 ], [ 424800.354229784454219, 4389251.489388142712414 ], [ 424800.354229784454219, 4389250.489388142712414 ], [ 424797.354229784454219, 4389250.489388142712414 ], [ 424797.354229784454219, 4389249.489388142712414 ], [ 424794.354229784454219, 4389249.489388142712414 ], [ 424794.354229784454219, 4389248.489388142712414 ], [ 424791.354229784454219, 4389248.489388142712414 ], [ 424791.354229784454219, 4389247.489388142712414 ], [ 424789.354229784454219, 4389247.489388142712414 ], [ 424789.354229784454219, 4389246.489388142712414 ], [ 424787.354229784454219, 4389246.489388142712414 ], [ 424787.354229784454219, 4389245.489388142712414 ], [ 424786.354229784454219, 4389245.489388142712414 ], [ 424786.354229784454219, 4389244.489388142712414 ], [ 424784.354229784454219, 4389244.489388142712414 ], [ 424784.354229784454219, 4389243.489388142712414 ], [ 424783.354229784454219, 4389243.489388142712414 ], [ 424783.354229784454219, 4389242.489388142712414 ], [ 424781.354229784454219, 4389242.489388142712414 ], [ 424781.354229784454219, 4389241.489388142712414 ], [ 424780.354229784454219, 4389241.489388142712414 ], [ 424780.354229784454219, 4389240.489388142712414 ], [ 424778.354229784454219, 4389240.489388142712414 ], [ 424778.354229784454219, 4389239.489388142712414 ], [ 424777.354229784454219, 4389239.489388142712414 ], [ 424777.354229784454219, 4389238.489388142712414 ], [ 424776.354229784454219, 4389238.489388142712414 ], [ 424776.354229784454219, 4389237.489388142712414 ], [ 424774.354229784454219, 4389237.489388142712414 ], [ 424774.354229784454219, 4389236.489388142712414 ], [ 424773.354229784454219, 4389236.489388142712414 ], [ 424773.354229784454219, 4389235.489388142712414 ], [ 424771.354229784454219, 4389235.489388142712414 ], [ 424771.354229784454219, 4389234.489388142712414 ], [ 424770.354229784454219, 4389234.489388142712414 ], [ 424770.354229784454219, 4389233.489388142712414 ], [ 424768.354229784454219, 4389233.489388142712414 ], [ 424768.354229784454219, 4389232.489388142712414 ], [ 424767.354229784454219, 4389232.489388142712414 ], [ 424767.354229784454219, 4389231.489388142712414 ], [ 424765.354229784454219, 4389231.489388142712414 ], [ 424765.354229784454219, 4389230.489388142712414 ], [ 424764.354229784454219, 4389230.489388142712414 ], [ 424764.354229784454219, 4389229.489388142712414 ], [ 424762.354229784454219, 4389229.489388142712414 ], [ 424762.354229784454219, 4389228.489388142712414 ], [ 424761.354229784454219, 4389228.489388142712414 ], [ 424761.354229784454219, 4389227.489388142712414 ], [ 424759.354229784454219, 4389227.489388142712414 ], [ 424759.354229784454219, 4389226.489388142712414 ], [ 424758.354229784454219, 4389226.489388142712414 ], [ 424758.354229784454219, 4389225.489388142712414 ], [ 424756.354229784454219, 4389225.489388142712414 ], [ 424756.354229784454219, 4389224.489388142712414 ], [ 424755.354229784454219, 4389224.489388142712414 ], [ 424755.354229784454219, 4389223.489388142712414 ], [ 424753.354229784454219, 4389223.489388142712414 ], [ 424753.354229784454219, 4389222.489388142712414 ], [ 424752.354229784454219, 4389222.489388142712414 ], [ 424752.354229784454219, 4389221.489388142712414 ], [ 424750.354229784454219, 4389221.489388142712414 ], [ 424750.354229784454219, 4389220.489388142712414 ], [ 424748.354229784454219, 4389220.489388142712414 ], [ 424748.354229784454219, 4389219.489388142712414 ], [ 424746.354229784454219, 4389219.489388142712414 ], [ 424746.354229784454219, 4389218.489388142712414 ], [ 424744.354229784454219, 4389218.489388142712414 ], [ 424744.354229784454219, 4389217.489388142712414 ], [ 424743.354229784454219, 4389217.489388142712414 ], [ 424743.354229784454219, 4389216.489388142712414 ], [ 424741.354229784454219, 4389216.489388142712414 ], [ 424741.354229784454219, 4389215.489388142712414 ], [ 424738.354229784454219, 4389215.489388142712414 ], [ 424738.354229784454219, 4389214.489388142712414 ], [ 424736.354229784454219, 4389214.489388142712414 ], [ 424736.354229784454219, 4389213.489388142712414 ], [ 424734.354229784454219, 4389213.489388142712414 ], [ 424734.354229784454219, 4389212.489388142712414 ], [ 424732.354229784454219, 4389212.489388142712414 ], [ 424732.354229784454219, 4389211.489388142712414 ], [ 424730.354229784454219, 4389211.489388142712414 ], [ 424730.354229784454219, 4389210.489388142712414 ], [ 424727.354229784454219, 4389210.489388142712414 ], [ 424727.354229784454219, 4389209.489388142712414 ], [ 424725.354229784454219, 4389209.489388142712414 ], [ 424725.354229784454219, 4389208.489388142712414 ], [ 424722.354229784454219, 4389208.489388142712414 ], [ 424722.354229784454219, 4389207.489388142712414 ], [ 424720.354229784454219, 4389207.489388142712414 ], [ 424720.354229784454219, 4389206.489388142712414 ], [ 424717.354229784454219, 4389206.489388142712414 ], [ 424717.354229784454219, 4389205.489388142712414 ], [ 424715.354229784454219, 4389205.489388142712414 ], [ 424715.354229784454219, 4389204.489388142712414 ], [ 424712.354229784454219, 4389204.489388142712414 ], [ 424712.354229784454219, 4389203.489388142712414 ], [ 424709.354229784454219, 4389203.489388142712414 ], [ 424709.354229784454219, 4389202.489388142712414 ], [ 424707.354229784454219, 4389202.489388142712414 ], [ 424707.354229784454219, 4389201.489388142712414 ], [ 424704.354229784454219, 4389201.489388142712414 ], [ 424704.354229784454219, 4389200.489388142712414 ], [ 424701.354229784454219, 4389200.489388142712414 ], [ 424701.354229784454219, 4389199.489388142712414 ], [ 424699.354229784454219, 4389199.489388142712414 ], [ 424699.354229784454219, 4389198.489388142712414 ], [ 424696.354229784454219, 4389198.489388142712414 ], [ 424696.354229784454219, 4389197.489388142712414 ], [ 424693.354229784454219, 4389197.489388142712414 ], [ 424693.354229784454219, 4389196.489388142712414 ], [ 424690.354229784454219, 4389196.489388142712414 ], [ 424690.354229784454219, 4389195.489388142712414 ], [ 424687.354229784454219, 4389195.489388142712414 ], [ 424687.354229784454219, 4389194.489388142712414 ], [ 424684.354229784454219, 4389194.489388142712414 ], [ 424684.354229784454219, 4389193.489388142712414 ], [ 424680.354229784454219, 4389193.489388142712414 ], [ 424680.354229784454219, 4389192.489388142712414 ], [ 424677.354229784454219, 4389192.489388142712414 ], [ 424677.354229784454219, 4389191.489388142712414 ], [ 424672.354229784454219, 4389191.489388142712414 ], [ 424672.354229784454219, 4389190.489388142712414 ], [ 424667.354229784454219, 4389190.489388142712414 ], [ 424667.354229784454219, 4389189.489388142712414 ], [ 424660.354229784454219, 4389189.489388142712414 ], [ 424660.354229784454219, 4389188.489388142712414 ], [ 424654.354229784454219, 4389188.489388142712414 ], [ 424654.354229784454219, 4389187.489388142712414 ], [ 424647.354229784454219, 4389187.489388142712414 ], [ 424647.354229784454219, 4389186.489388142712414 ], [ 424641.354229784454219, 4389186.489388142712414 ], [ 424641.354229784454219, 4389185.489388142712414 ], [ 424636.354229784454219, 4389185.489388142712414 ], [ 424636.354229784454219, 4389184.489388142712414 ], [ 424631.354229784454219, 4389184.489388142712414 ], [ 424631.354229784454219, 4389183.489388142712414 ], [ 424627.354229784454219, 4389183.489388142712414 ], [ 424627.354229784454219, 4389182.489388142712414 ], [ 424623.354229784454219, 4389182.489388142712414 ], [ 424623.354229784454219, 4389181.489388142712414 ], [ 424619.354229784454219, 4389181.489388142712414 ], [ 424619.354229784454219, 4389180.489388142712414 ], [ 424615.354229784454219, 4389180.489388142712414 ], [ 424615.354229784454219, 4389179.489388142712414 ], [ 424612.354229784454219, 4389179.489388142712414 ], [ 424612.354229784454219, 4389178.489388142712414 ], [ 424608.354229784454219, 4389178.489388142712414 ], [ 424608.354229784454219, 4389177.489388142712414 ], [ 424606.354229784454219, 4389177.489388142712414 ], [ 424606.354229784454219, 4389176.489388142712414 ], [ 424605.354229784454219, 4389176.489388142712414 ], [ 424605.354229784454219, 4389175.489388142712414 ], [ 424602.354229784454219, 4389175.489388142712414 ], [ 424602.354229784454219, 4389174.489388142712414 ], [ 424600.354229784454219, 4389174.489388142712414 ], [ 424600.354229784454219, 4389173.489388142712414 ], [ 424599.354229784454219, 4389173.489388142712414 ], [ 424599.354229784454219, 4389171.489388142712414 ], [ 424598.354229784454219, 4389171.489388142712414 ], [ 424598.354229784454219, 4389167.489388142712414 ], [ 424594.354229784454219, 4389167.489388142712414 ], [ 424594.354229784454219, 4389166.489388142712414 ], [ 424584.354229784454219, 4389166.489388142712414 ], [ 424584.354229784454219, 4389165.489388142712414 ], [ 424581.354229784454219, 4389165.489388142712414 ], [ 424581.354229784454219, 4389164.489388142712414 ], [ 424577.354229784454219, 4389164.489388142712414 ], [ 424577.354229784454219, 4389162.489388142712414 ], [ 424576.354229784454219, 4389162.489388142712414 ], [ 424576.354229784454219, 4389161.489388142712414 ], [ 424575.354229784454219, 4389161.489388142712414 ], [ 424575.354229784454219, 4389158.489388142712414 ], [ 424576.354229784454219, 4389158.489388142712414 ], [ 424576.354229784454219, 4389155.489388142712414 ], [ 424573.354229784454219, 4389155.489388142712414 ], [ 424573.354229784454219, 4389153.489388142712414 ], [ 424572.354229784454219, 4389153.489388142712414 ], [ 424572.354229784454219, 4389151.489388142712414 ], [ 424570.354229784454219, 4389151.489388142712414 ], [ 424570.354229784454219, 4389149.489388142712414 ], [ 424569.354229784454219, 4389149.489388142712414 ], [ 424569.354229784454219, 4389147.489388142712414 ], [ 424570.354229784454219, 4389147.489388142712414 ], [ 424570.354229784454219, 4389142.489388142712414 ], [ 424571.354229784454219, 4389142.489388142712414 ], [ 424571.354229784454219, 4389140.489388142712414 ], [ 424572.354229784454219, 4389140.489388142712414 ], [ 424572.354229784454219, 4389139.489388142712414 ], [ 424573.354229784454219, 4389139.489388142712414 ], [ 424573.354229784454219, 4389137.489388142712414 ], [ 424574.354229784454219, 4389137.489388142712414 ], [ 424574.354229784454219, 4389136.489388142712414 ], [ 424575.354229784454219, 4389136.489388142712414 ], [ 424575.354229784454219, 4389135.489388142712414 ], [ 424576.354229784454219, 4389135.489388142712414 ], [ 424576.354229784454219, 4389134.489388142712414 ], [ 424577.354229784454219, 4389134.489388142712414 ], [ 424577.354229784454219, 4389133.489388142712414 ], [ 424578.354229784454219, 4389133.489388142712414 ], [ 424578.354229784454219, 4389132.489388142712414 ], [ 424579.354229784454219, 4389132.489388142712414 ], [ 424579.354229784454219, 4389131.489388142712414 ], [ 424581.354229784454219, 4389131.489388142712414 ], [ 424581.354229784454219, 4389130.489388142712414 ], [ 424582.354229784454219, 4389130.489388142712414 ], [ 424582.354229784454219, 4389126.489388142712414 ], [ 424583.354229784454219, 4389126.489388142712414 ], [ 424583.354229784454219, 4389123.489388142712414 ], [ 424584.354229784454219, 4389123.489388142712414 ], [ 424584.354229784454219, 4389121.489388142712414 ], [ 424585.354229784454219, 4389121.489388142712414 ], [ 424585.354229784454219, 4389120.489388142712414 ], [ 424586.354229784454219, 4389120.489388142712414 ], [ 424586.354229784454219, 4389118.489388142712414 ], [ 424587.354229784454219, 4389118.489388142712414 ], [ 424587.354229784454219, 4389117.489388142712414 ], [ 424588.354229784454219, 4389117.489388142712414 ], [ 424588.354229784454219, 4389116.489388142712414 ], [ 424589.354229784454219, 4389116.489388142712414 ], [ 424589.354229784454219, 4389115.489388142712414 ], [ 424590.354229784454219, 4389115.489388142712414 ], [ 424590.354229784454219, 4389114.489388142712414 ], [ 424591.354229784454219, 4389114.489388142712414 ], [ 424591.354229784454219, 4389113.489388142712414 ], [ 424592.354229784454219, 4389113.489388142712414 ], [ 424592.354229784454219, 4389112.489388142712414 ], [ 424593.354229784454219, 4389112.489388142712414 ], [ 424593.354229784454219, 4389111.489388142712414 ], [ 424594.354229784454219, 4389111.489388142712414 ], [ 424594.354229784454219, 4389110.489388142712414 ], [ 424595.354229784454219, 4389110.489388142712414 ], [ 424595.354229784454219, 4389109.489388142712414 ], [ 424596.354229784454219, 4389109.489388142712414 ], [ 424596.354229784454219, 4389108.489388142712414 ], [ 424598.354229784454219, 4389108.489388142712414 ], [ 424598.354229784454219, 4389107.489388142712414 ], [ 424599.354229784454219, 4389107.489388142712414 ], [ 424599.354229784454219, 4389106.489388142712414 ], [ 424600.354229784454219, 4389106.489388142712414 ], [ 424600.354229784454219, 4389105.489388142712414 ], [ 424601.354229784454219, 4389105.489388142712414 ], [ 424601.354229784454219, 4389104.489388142712414 ], [ 424602.354229784454219, 4389104.489388142712414 ], [ 424602.354229784454219, 4389103.489388142712414 ], [ 424604.354229784454219, 4389103.489388142712414 ], [ 424604.354229784454219, 4389102.489388142712414 ], [ 424605.354229784454219, 4389102.489388142712414 ], [ 424605.354229784454219, 4389101.489388142712414 ], [ 424606.354229784454219, 4389101.489388142712414 ], [ 424606.354229784454219, 4389100.489388142712414 ], [ 424608.354229784454219, 4389100.489388142712414 ], [ 424608.354229784454219, 4389099.489388142712414 ], [ 424609.354229784454219, 4389099.489388142712414 ], [ 424609.354229784454219, 4389098.489388142712414 ], [ 424611.354229784454219, 4389098.489388142712414 ], [ 424611.354229784454219, 4389097.489388142712414 ], [ 424612.354229784454219, 4389097.489388142712414 ], [ 424612.354229784454219, 4389096.489388142712414 ], [ 424613.354229784454219, 4389096.489388142712414 ], [ 424613.354229784454219, 4389095.489388142712414 ], [ 424615.354229784454219, 4389095.489388142712414 ], [ 424615.354229784454219, 4389094.489388142712414 ], [ 424616.354229784454219, 4389094.489388142712414 ], [ 424616.354229784454219, 4389093.489388142712414 ], [ 424618.354229784454219, 4389093.489388142712414 ], [ 424618.354229784454219, 4389092.489388142712414 ], [ 424619.354229784454219, 4389092.489388142712414 ], [ 424619.354229784454219, 4389091.489388142712414 ], [ 424620.354229784454219, 4389091.489388142712414 ], [ 424620.354229784454219, 4389090.489388142712414 ], [ 424621.354229784454219, 4389090.489388142712414 ], [ 424621.354229784454219, 4389089.489388142712414 ], [ 424622.354229784454219, 4389089.489388142712414 ], [ 424622.354229784454219, 4389088.489388142712414 ], [ 424623.354229784454219, 4389088.489388142712414 ], [ 424623.354229784454219, 4389087.489388142712414 ], [ 424624.354229784454219, 4389087.489388142712414 ], [ 424624.354229784454219, 4389086.489388142712414 ], [ 424625.354229784454219, 4389086.489388142712414 ], [ 424625.354229784454219, 4389085.489388142712414 ], [ 424626.354229784454219, 4389085.489388142712414 ], [ 424626.354229784454219, 4389084.489388142712414 ], [ 424627.354229784454219, 4389084.489388142712414 ], [ 424627.354229784454219, 4389083.489388142712414 ], [ 424628.354229784454219, 4389083.489388142712414 ], [ 424628.354229784454219, 4389082.489388142712414 ], [ 424629.354229784454219, 4389082.489388142712414 ], [ 424629.354229784454219, 4389081.489388142712414 ], [ 424630.354229784454219, 4389081.489388142712414 ], [ 424630.354229784454219, 4389080.489388142712414 ], [ 424631.354229784454219, 4389080.489388142712414 ], [ 424631.354229784454219, 4389079.489388142712414 ], [ 424633.354229784454219, 4389079.489388142712414 ], [ 424633.354229784454219, 4389078.489388142712414 ], [ 424634.354229784454219, 4389078.489388142712414 ], [ 424634.354229784454219, 4389077.489388142712414 ], [ 424635.354229784454219, 4389077.489388142712414 ], [ 424635.354229784454219, 4389076.489388142712414 ], [ 424636.354229784454219, 4389076.489388142712414 ], [ 424636.354229784454219, 4389075.489388142712414 ], [ 424638.354229784454219, 4389075.489388142712414 ], [ 424638.354229784454219, 4389074.489388142712414 ], [ 424639.354229784454219, 4389074.489388142712414 ], [ 424639.354229784454219, 4389073.489388142712414 ], [ 424640.354229784454219, 4389073.489388142712414 ], [ 424640.354229784454219, 4389072.489388142712414 ], [ 424642.354229784454219, 4389072.489388142712414 ], [ 424642.354229784454219, 4389071.489388142712414 ], [ 424643.354229784454219, 4389071.489388142712414 ], [ 424643.354229784454219, 4389070.489388142712414 ], [ 424644.354229784454219, 4389070.489388142712414 ], [ 424644.354229784454219, 4389069.489388142712414 ], [ 424645.354229784454219, 4389069.489388142712414 ], [ 424645.354229784454219, 4389068.489388142712414 ], [ 424647.354229784454219, 4389068.489388142712414 ], [ 424647.354229784454219, 4389067.489388142712414 ], [ 424648.354229784454219, 4389067.489388142712414 ], [ 424648.354229784454219, 4389066.489388142712414 ], [ 424650.354229784454219, 4389066.489388142712414 ], [ 424650.354229784454219, 4389065.489388142712414 ], [ 424651.354229784454219, 4389065.489388142712414 ], [ 424651.354229784454219, 4389064.489388142712414 ], [ 424652.354229784454219, 4389064.489388142712414 ], [ 424652.354229784454219, 4389063.489388142712414 ], [ 424654.354229784454219, 4389063.489388142712414 ], [ 424654.354229784454219, 4389062.489388142712414 ], [ 424655.354229784454219, 4389062.489388142712414 ], [ 424655.354229784454219, 4389061.489388142712414 ], [ 424657.354229784454219, 4389061.489388142712414 ], [ 424657.354229784454219, 4389060.489388142712414 ], [ 424658.354229784454219, 4389060.489388142712414 ], [ 424658.354229784454219, 4389059.489388142712414 ], [ 424660.354229784454219, 4389059.489388142712414 ], [ 424660.354229784454219, 4389058.489388142712414 ], [ 424661.354229784454219, 4389058.489388142712414 ], [ 424661.354229784454219, 4389057.489388142712414 ], [ 424663.354229784454219, 4389057.489388142712414 ], [ 424663.354229784454219, 4389056.489388142712414 ], [ 424664.354229784454219, 4389056.489388142712414 ], [ 424664.354229784454219, 4389055.489388142712414 ], [ 424666.354229784454219, 4389055.489388142712414 ], [ 424666.354229784454219, 4389054.489388142712414 ], [ 424668.354229784454219, 4389054.489388142712414 ], [ 424668.354229784454219, 4389053.489388142712414 ], [ 424669.354229784454219, 4389053.489388142712414 ], [ 424669.354229784454219, 4389052.489388142712414 ], [ 424671.354229784454219, 4389052.489388142712414 ], [ 424671.354229784454219, 4389051.489388142712414 ], [ 424673.354229784454219, 4389051.489388142712414 ], [ 424673.354229784454219, 4389050.489388142712414 ], [ 424675.354229784454219, 4389050.489388142712414 ], [ 424675.354229784454219, 4389049.489388142712414 ], [ 424677.354229784454219, 4389049.489388142712414 ], [ 424677.354229784454219, 4389048.489388142712414 ], [ 424679.354229784454219, 4389048.489388142712414 ], [ 424679.354229784454219, 4389047.489388142712414 ], [ 424681.354229784454219, 4389047.489388142712414 ], [ 424681.354229784454219, 4389046.489388142712414 ], [ 424683.354229784454219, 4389046.489388142712414 ], [ 424683.354229784454219, 4389045.489388142712414 ], [ 424685.354229784454219, 4389045.489388142712414 ], [ 424685.354229784454219, 4389044.489388142712414 ], [ 424687.354229784454219, 4389044.489388142712414 ], [ 424687.354229784454219, 4389043.489388142712414 ], [ 424689.354229784454219, 4389043.489388142712414 ], [ 424689.354229784454219, 4389042.489388142712414 ], [ 424691.354229784454219, 4389042.489388142712414 ], [ 424691.354229784454219, 4389041.489388142712414 ], [ 424693.354229784454219, 4389041.489388142712414 ], [ 424693.354229784454219, 4389040.489388142712414 ], [ 424696.354229784454219, 4389040.489388142712414 ], [ 424696.354229784454219, 4389039.489388142712414 ], [ 424698.354229784454219, 4389039.489388142712414 ], [ 424698.354229784454219, 4389038.489388142712414 ], [ 424700.354229784454219, 4389038.489388142712414 ], [ 424700.354229784454219, 4389037.489388142712414 ], [ 424702.354229784454219, 4389037.489388142712414 ], [ 424702.354229784454219, 4389036.489388142712414 ], [ 424704.354229784454219, 4389036.489388142712414 ], [ 424704.354229784454219, 4389035.489388142712414 ], [ 424706.354229784454219, 4389035.489388142712414 ], [ 424706.354229784454219, 4389034.489388142712414 ], [ 424708.354229784454219, 4389034.489388142712414 ], [ 424708.354229784454219, 4389033.489388142712414 ], [ 424710.354229784454219, 4389033.489388142712414 ], [ 424710.354229784454219, 4389032.489388142712414 ], [ 424712.354229784454219, 4389032.489388142712414 ], [ 424712.354229784454219, 4389031.489388142712414 ], [ 424714.354229784454219, 4389031.489388142712414 ], [ 424714.354229784454219, 4389030.489388142712414 ], [ 424716.354229784454219, 4389030.489388142712414 ], [ 424716.354229784454219, 4389029.489388142712414 ], [ 424718.354229784454219, 4389029.489388142712414 ], [ 424718.354229784454219, 4389028.489388142712414 ], [ 424720.354229784454219, 4389028.489388142712414 ], [ 424720.354229784454219, 4389027.489388142712414 ], [ 424722.354229784454219, 4389027.489388142712414 ], [ 424722.354229784454219, 4389026.489388142712414 ], [ 424724.354229784454219, 4389026.489388142712414 ], [ 424724.354229784454219, 4389025.489388142712414 ], [ 424726.354229784454219, 4389025.489388142712414 ], [ 424726.354229784454219, 4389024.489388142712414 ], [ 424728.354229784454219, 4389024.489388142712414 ], [ 424728.354229784454219, 4389023.489388142712414 ], [ 424730.354229784454219, 4389023.489388142712414 ], [ 424730.354229784454219, 4389022.489388142712414 ], [ 424731.354229784454219, 4389022.489388142712414 ], [ 424731.354229784454219, 4389021.489388142712414 ], [ 424733.354229784454219, 4389021.489388142712414 ], [ 424733.354229784454219, 4389020.489388142712414 ], [ 424735.354229784454219, 4389020.489388142712414 ], [ 424735.354229784454219, 4389019.489388142712414 ], [ 424736.354229784454219, 4389019.489388142712414 ], [ 424736.354229784454219, 4389018.489388142712414 ], [ 424737.354229784454219, 4389018.489388142712414 ], [ 424737.354229784454219, 4389017.489388142712414 ], [ 424739.354229784454219, 4389017.489388142712414 ], [ 424739.354229784454219, 4389016.489388142712414 ], [ 424741.354229784454219, 4389016.489388142712414 ], [ 424741.354229784454219, 4389015.489388142712414 ], [ 424742.354229784454219, 4389015.489388142712414 ], [ 424742.354229784454219, 4389014.489388142712414 ], [ 424743.354229784454219, 4389014.489388142712414 ], [ 424743.354229784454219, 4389013.489388142712414 ], [ 424745.354229784454219, 4389013.489388142712414 ], [ 424745.354229784454219, 4389012.489388142712414 ], [ 424746.354229784454219, 4389012.489388142712414 ], [ 424746.354229784454219, 4389011.489388142712414 ], [ 424747.354229784454219, 4389011.489388142712414 ], [ 424747.354229784454219, 4389010.489388142712414 ], [ 424749.354229784454219, 4389010.489388142712414 ], [ 424749.354229784454219, 4389009.489388142712414 ], [ 424750.354229784454219, 4389009.489388142712414 ], [ 424750.354229784454219, 4389008.489388142712414 ], [ 424752.354229784454219, 4389008.489388142712414 ], [ 424752.354229784454219, 4389007.489388142712414 ], [ 424753.354229784454219, 4389007.489388142712414 ], [ 424753.354229784454219, 4389006.489388142712414 ], [ 424755.354229784454219, 4389006.489388142712414 ], [ 424755.354229784454219, 4389005.489388142712414 ], [ 424756.354229784454219, 4389005.489388142712414 ], [ 424756.354229784454219, 4389004.489388142712414 ], [ 424757.354229784454219, 4389004.489388142712414 ], [ 424757.354229784454219, 4389003.489388142712414 ], [ 424759.354229784454219, 4389003.489388142712414 ], [ 424759.354229784454219, 4389002.489388142712414 ], [ 424760.354229784454219, 4389002.489388142712414 ], [ 424760.354229784454219, 4389001.489388142712414 ], [ 424762.354229784454219, 4389001.489388142712414 ], [ 424762.354229784454219, 4389000.489388142712414 ], [ 424763.354229784454219, 4389000.489388142712414 ], [ 424763.354229784454219, 4388999.489388142712414 ], [ 424765.354229784454219, 4388999.489388142712414 ], [ 424765.354229784454219, 4388998.489388142712414 ], [ 424766.354229784454219, 4388998.489388142712414 ], [ 424766.354229784454219, 4388997.489388142712414 ], [ 424767.354229784454219, 4388997.489388142712414 ], [ 424767.354229784454219, 4388996.489388142712414 ], [ 424769.354229784454219, 4388996.489388142712414 ], [ 424769.354229784454219, 4388995.489388142712414 ], [ 424770.354229784454219, 4388995.489388142712414 ], [ 424770.354229784454219, 4388994.489388142712414 ], [ 424772.354229784454219, 4388994.489388142712414 ], [ 424772.354229784454219, 4388993.489388142712414 ], [ 424773.354229784454219, 4388993.489388142712414 ], [ 424773.354229784454219, 4388992.489388142712414 ], [ 424775.354229784454219, 4388992.489388142712414 ], [ 424775.354229784454219, 4388991.489388142712414 ], [ 424776.354229784454219, 4388991.489388142712414 ], [ 424776.354229784454219, 4388990.489388142712414 ], [ 424778.354229784454219, 4388990.489388142712414 ], [ 424778.354229784454219, 4388989.489388142712414 ], [ 424780.354229784454219, 4388989.489388142712414 ], [ 424780.354229784454219, 4388988.489388142712414 ], [ 424781.354229784454219, 4388988.489388142712414 ], [ 424781.354229784454219, 4388987.489388142712414 ], [ 424783.354229784454219, 4388987.489388142712414 ], [ 424783.354229784454219, 4388986.489388142712414 ], [ 424784.354229784454219, 4388986.489388142712414 ], [ 424784.354229784454219, 4388985.489388142712414 ], [ 424785.354229784454219, 4388985.489388142712414 ], [ 424785.354229784454219, 4388984.489388142712414 ], [ 424786.354229784454219, 4388984.489388142712414 ], [ 424786.354229784454219, 4388983.489388142712414 ], [ 424788.354229784454219, 4388983.489388142712414 ], [ 424788.354229784454219, 4388982.489388142712414 ], [ 424789.354229784454219, 4388982.489388142712414 ], [ 424789.354229784454219, 4388981.489388142712414 ], [ 424790.354229784454219, 4388981.489388142712414 ], [ 424790.354229784454219, 4388980.489388142712414 ], [ 424791.354229784454219, 4388980.489388142712414 ], [ 424791.354229784454219, 4388972.489388142712414 ], [ 424792.354229784454219, 4388972.489388142712414 ], [ 424792.354229784454219, 4388967.489388142712414 ], [ 424793.354229784454219, 4388967.489388142712414 ], [ 424793.354229784454219, 4388951.489388142712414 ], [ 424794.354229784454219, 4388951.489388142712414 ], [ 424794.354229784454219, 4388941.489388142712414 ], [ 424795.354229784454219, 4388941.489388142712414 ], [ 424795.354229784454219, 4388918.489388142712414 ], [ 424796.354229784454219, 4388918.489388142712414 ], [ 424796.354229784454219, 4388910.489388142712414 ], [ 424797.354229784454219, 4388910.489388142712414 ], [ 424797.354229784454219, 4388902.489388142712414 ], [ 424798.354229784454219, 4388902.489388142712414 ], [ 424798.354229784454219, 4388897.489388142712414 ], [ 424799.354229784454219, 4388897.489388142712414 ], [ 424799.354229784454219, 4388891.489388142712414 ], [ 424800.354229784454219, 4388891.489388142712414 ], [ 424800.354229784454219, 4388885.489388142712414 ], [ 424801.354229784454219, 4388885.489388142712414 ], [ 424801.354229784454219, 4388882.489388142712414 ], [ 424802.354229784454219, 4388882.489388142712414 ], [ 424802.354229784454219, 4388878.489388142712414 ], [ 424803.354229784454219, 4388878.489388142712414 ], [ 424803.354229784454219, 4388875.489388142712414 ], [ 424804.354229784454219, 4388875.489388142712414 ], [ 424804.354229784454219, 4388872.489388142712414 ], [ 424805.354229784454219, 4388872.489388142712414 ], [ 424805.354229784454219, 4388868.489388142712414 ], [ 424806.354229784454219, 4388868.489388142712414 ], [ 424806.354229784454219, 4388865.489388142712414 ], [ 424807.354229784454219, 4388865.489388142712414 ], [ 424807.354229784454219, 4388862.489388142712414 ], [ 424808.354229784454219, 4388862.489388142712414 ], [ 424808.354229784454219, 4388856.489388142712414 ], [ 424809.354229784454219, 4388856.489388142712414 ], [ 424809.354229784454219, 4388851.489388142712414 ], [ 424810.354229784454219, 4388851.489388142712414 ], [ 424810.354229784454219, 4388846.489388142712414 ], [ 424811.354229784454219, 4388846.489388142712414 ], [ 424811.354229784454219, 4388843.489388142712414 ], [ 424812.354229784454219, 4388843.489388142712414 ], [ 424812.354229784454219, 4388837.489388142712414 ], [ 424813.354229784454219, 4388837.489388142712414 ], [ 424813.354229784454219, 4388833.489388142712414 ], [ 424814.354229784454219, 4388833.489388142712414 ], [ 424814.354229784454219, 4388828.489388142712414 ], [ 424815.354229784454219, 4388828.489388142712414 ], [ 424815.354229784454219, 4388825.489388142712414 ], [ 424816.354229784454219, 4388825.489388142712414 ], [ 424816.354229784454219, 4388821.489388142712414 ], [ 424817.354229784454219, 4388821.489388142712414 ], [ 424817.354229784454219, 4388819.489388142712414 ], [ 424818.354229784454219, 4388819.489388142712414 ], [ 424818.354229784454219, 4388816.489388142712414 ], [ 424819.354229784454219, 4388816.489388142712414 ], [ 424819.354229784454219, 4388813.489388142712414 ], [ 424820.354229784454219, 4388813.489388142712414 ], [ 424820.354229784454219, 4388810.489388142712414 ], [ 424821.354229784454219, 4388810.489388142712414 ], [ 424821.354229784454219, 4388808.489388142712414 ], [ 424822.354229784454219, 4388808.489388142712414 ], [ 424822.354229784454219, 4388805.489388142712414 ], [ 424823.354229784454219, 4388805.489388142712414 ], [ 424823.354229784454219, 4388803.489388142712414 ], [ 424824.354229784454219, 4388803.489388142712414 ], [ 424824.354229784454219, 4388801.489388142712414 ], [ 424825.354229784454219, 4388801.489388142712414 ], [ 424825.354229784454219, 4388799.489388142712414 ], [ 424826.354229784454219, 4388799.489388142712414 ], [ 424826.354229784454219, 4388796.489388142712414 ], [ 424827.354229784454219, 4388796.489388142712414 ], [ 424827.354229784454219, 4388794.489388142712414 ], [ 424828.354229784454219, 4388794.489388142712414 ], [ 424828.354229784454219, 4388791.489388142712414 ], [ 424829.354229784454219, 4388791.489388142712414 ], [ 424829.354229784454219, 4388789.489388142712414 ], [ 424830.354229784454219, 4388789.489388142712414 ], [ 424830.354229784454219, 4388787.489388142712414 ], [ 424831.354229784454219, 4388787.489388142712414 ], [ 424831.354229784454219, 4388785.489388142712414 ], [ 424832.354229784454219, 4388785.489388142712414 ], [ 424832.354229784454219, 4388783.489388142712414 ], [ 424833.354229784454219, 4388783.489388142712414 ], [ 424833.354229784454219, 4388781.489388142712414 ], [ 424834.354229784454219, 4388781.489388142712414 ], [ 424834.354229784454219, 4388779.489388142712414 ], [ 424835.354229784454219, 4388779.489388142712414 ], [ 424835.354229784454219, 4388778.489388142712414 ], [ 424836.354229784454219, 4388778.489388142712414 ], [ 424836.354229784454219, 4388776.489388142712414 ], [ 424837.354229784454219, 4388776.489388142712414 ], [ 424837.354229784454219, 4388775.489388142712414 ], [ 424838.354229784454219, 4388775.489388142712414 ], [ 424838.354229784454219, 4388773.489388142712414 ], [ 424839.354229784454219, 4388773.489388142712414 ], [ 424839.354229784454219, 4388772.489388142712414 ], [ 424840.354229784454219, 4388772.489388142712414 ], [ 424840.354229784454219, 4388770.489388142712414 ], [ 424841.354229784454219, 4388770.489388142712414 ], [ 424841.354229784454219, 4388769.489388142712414 ], [ 424842.354229784454219, 4388769.489388142712414 ], [ 424842.354229784454219, 4388767.489388142712414 ], [ 424843.354229784454219, 4388767.489388142712414 ], [ 424843.354229784454219, 4388766.489388142712414 ], [ 424844.354229784454219, 4388766.489388142712414 ], [ 424844.354229784454219, 4388765.489388142712414 ], [ 424845.354229784454219, 4388765.489388142712414 ], [ 424845.354229784454219, 4388763.489388142712414 ], [ 424846.354229784454219, 4388763.489388142712414 ], [ 424846.354229784454219, 4388762.489388142712414 ], [ 424847.354229784454219, 4388762.489388142712414 ], [ 424847.354229784454219, 4388760.489388142712414 ], [ 424848.354229784454219, 4388760.489388142712414 ], [ 424848.354229784454219, 4388759.489388142712414 ], [ 424849.354229784454219, 4388759.489388142712414 ], [ 424849.354229784454219, 4388758.489388142712414 ], [ 424850.354229784454219, 4388758.489388142712414 ], [ 424850.354229784454219, 4388757.489388142712414 ], [ 424851.354229784454219, 4388757.489388142712414 ], [ 424851.354229784454219, 4388755.489388142712414 ], [ 424852.354229784454219, 4388755.489388142712414 ], [ 424852.354229784454219, 4388754.489388142712414 ], [ 424853.354229784454219, 4388754.489388142712414 ], [ 424853.354229784454219, 4388752.489388142712414 ], [ 424854.354229784454219, 4388752.489388142712414 ], [ 424854.354229784454219, 4388751.489388142712414 ], [ 424855.354229784454219, 4388751.489388142712414 ], [ 424855.354229784454219, 4388749.489388142712414 ], [ 424856.354229784454219, 4388749.489388142712414 ], [ 424856.354229784454219, 4388748.489388142712414 ], [ 424857.354229784454219, 4388748.489388142712414 ], [ 424857.354229784454219, 4388746.489388142712414 ], [ 424858.354229784454219, 4388746.489388142712414 ], [ 424858.354229784454219, 4388744.489388142712414 ], [ 424859.354229784454219, 4388744.489388142712414 ], [ 424859.354229784454219, 4388742.489388142712414 ], [ 424860.354229784454219, 4388742.489388142712414 ], [ 424860.354229784454219, 4388738.489388142712414 ], [ 424861.354229784454219, 4388738.489388142712414 ], [ 424861.354229784454219, 4388735.489388142712414 ], [ 424862.354229784454219, 4388735.489388142712414 ], [ 424862.354229784454219, 4388732.489388142712414 ], [ 424863.354229784454219, 4388732.489388142712414 ], [ 424863.354229784454219, 4388727.489388142712414 ], [ 424864.354229784454219, 4388727.489388142712414 ], [ 424864.354229784454219, 4388723.489388142712414 ], [ 424865.354229784454219, 4388723.489388142712414 ], [ 424865.354229784454219, 4388719.489388142712414 ], [ 424866.354229784454219, 4388719.489388142712414 ], [ 424866.354229784454219, 4388714.489388142712414 ], [ 424867.354229784454219, 4388714.489388142712414 ], [ 424867.354229784454219, 4388709.489388142712414 ], [ 424868.354229784454219, 4388709.489388142712414 ], [ 424868.354229784454219, 4388702.489388142712414 ], [ 424869.354229784454219, 4388702.489388142712414 ], [ 424869.354229784454219, 4388696.489388142712414 ], [ 424870.354229784454219, 4388696.489388142712414 ], [ 424870.354229784454219, 4388662.489388142712414 ], [ 424869.354229784454219, 4388662.489388142712414 ], [ 424869.354229784454219, 4388651.489388142712414 ], [ 424868.354229784454219, 4388651.489388142712414 ], [ 424868.354229784454219, 4388633.489388142712414 ], [ 424867.354229784454219, 4388633.489388142712414 ], [ 424867.354229784454219, 4388610.489388142712414 ], [ 424868.354229784454219, 4388610.489388142712414 ], [ 424868.354229784454219, 4388591.489388142712414 ], [ 424869.354229784454219, 4388591.489388142712414 ], [ 424869.354229784454219, 4388577.489388142712414 ], [ 424870.354229784454219, 4388577.489388142712414 ], [ 424870.354229784454219, 4388552.489388142712414 ], [ 424869.354229784454219, 4388552.489388142712414 ], [ 424869.354229784454219, 4388539.489388142712414 ], [ 424868.354229784454219, 4388539.489388142712414 ], [ 424868.354229784454219, 4388532.489388142712414 ], [ 424867.354229784454219, 4388532.489388142712414 ], [ 424867.354229784454219, 4388521.489388142712414 ], [ 424866.354229784454219, 4388521.489388142712414 ], [ 424866.354229784454219, 4388512.489388142712414 ], [ 424867.354229784454219, 4388512.489388142712414 ], [ 424867.354229784454219, 4388505.489388142712414 ], [ 424868.354229784454219, 4388505.489388142712414 ], [ 424868.354229784454219, 4388502.489388142712414 ], [ 424869.354229784454219, 4388502.489388142712414 ], [ 424869.354229784454219, 4388498.489388142712414 ], [ 424870.354229784454219, 4388498.489388142712414 ], [ 424870.354229784454219, 4388497.489388142712414 ], [ 424869.354229784454219, 4388497.489388142712414 ], [ 424869.354229784454219, 4388496.489388142712414 ], [ 424870.354229784454219, 4388496.489388142712414 ], [ 424870.354229784454219, 4388494.489388142712414 ], [ 424869.354229784454219, 4388494.489388142712414 ], [ 424869.354229784454219, 4388486.489388142712414 ], [ 424868.354229784454219, 4388486.489388142712414 ], [ 424868.354229784454219, 4388481.489388142712414 ], [ 424867.354229784454219, 4388481.489388142712414 ], [ 424867.354229784454219, 4388475.489388142712414 ], [ 424866.354229784454219, 4388475.489388142712414 ], [ 424866.354229784454219, 4388469.489388142712414 ], [ 424865.354229784454219, 4388469.489388142712414 ], [ 424865.354229784454219, 4388462.489388142712414 ], [ 424864.354229784454219, 4388462.489388142712414 ], [ 424864.354229784454219, 4388455.489388142712414 ], [ 424863.354229784454219, 4388455.489388142712414 ], [ 424863.354229784454219, 4388446.489388142712414 ], [ 424862.354229784454219, 4388446.489388142712414 ], [ 424862.354229784454219, 4388439.489388142712414 ], [ 424861.354229784454219, 4388439.489388142712414 ], [ 424861.354229784454219, 4388433.489388142712414 ], [ 424860.354229784454219, 4388433.489388142712414 ], [ 424860.354229784454219, 4388428.489388142712414 ], [ 424859.354229784454219, 4388428.489388142712414 ], [ 424859.354229784454219, 4388427.489388142712414 ], [ 424857.354229784454219, 4388427.489388142712414 ], [ 424857.354229784454219, 4388426.489388142712414 ], [ 424852.354229784454219, 4388426.489388142712414 ], [ 424852.354229784454219, 4388425.489388142712414 ], [ 424850.354229784454219, 4388425.489388142712414 ], [ 424850.354229784454219, 4388424.489388142712414 ], [ 424847.354229784454219, 4388424.489388142712414 ], [ 424847.354229784454219, 4388423.489388142712414 ], [ 424846.354229784454219, 4388423.489388142712414 ], [ 424846.354229784454219, 4388422.489388142712414 ], [ 424845.354229784454219, 4388422.489388142712414 ], [ 424845.354229784454219, 4388419.489388142712414 ], [ 424844.354229784454219, 4388419.489388142712414 ], [ 424844.354229784454219, 4388417.489388142712414 ], [ 424842.354229784454219, 4388417.489388142712414 ], [ 424842.354229784454219, 4388416.489388142712414 ], [ 424841.354229784454219, 4388416.489388142712414 ], [ 424841.354229784454219, 4388414.489388142712414 ], [ 424840.354229784454219, 4388414.489388142712414 ], [ 424840.354229784454219, 4388413.489388142712414 ], [ 424839.354229784454219, 4388413.489388142712414 ], [ 424839.354229784454219, 4388412.489388142712414 ], [ 424838.354229784454219, 4388412.489388142712414 ], [ 424838.354229784454219, 4388411.489388142712414 ], [ 424835.354229784454219, 4388411.489388142712414 ], [ 424835.354229784454219, 4388410.489388142712414 ], [ 424834.354229784454219, 4388410.489388142712414 ], [ 424834.354229784454219, 4388409.489388142712414 ], [ 424833.354229784454219, 4388409.489388142712414 ], [ 424833.354229784454219, 4388408.489388142712414 ], [ 424832.354229784454219, 4388408.489388142712414 ], [ 424832.354229784454219, 4388406.489388142712414 ], [ 424831.354229784454219, 4388406.489388142712414 ], [ 424831.354229784454219, 4388404.489388142712414 ], [ 424830.354229784454219, 4388404.489388142712414 ], [ 424830.354229784454219, 4388401.489388142712414 ], [ 424829.354229784454219, 4388401.489388142712414 ], [ 424829.354229784454219, 4388398.489388142712414 ], [ 424830.354229784454219, 4388398.489388142712414 ], [ 424830.354229784454219, 4388394.489388142712414 ], [ 424831.354229784454219, 4388394.489388142712414 ], [ 424831.354229784454219, 4388393.489388142712414 ], [ 424832.354229784454219, 4388393.489388142712414 ], [ 424832.354229784454219, 4388392.489388142712414 ], [ 424833.354229784454219, 4388392.489388142712414 ], [ 424833.354229784454219, 4388386.489388142712414 ], [ 424834.354229784454219, 4388386.489388142712414 ], [ 424834.354229784454219, 4388381.489388142712414 ], [ 424833.354229784454219, 4388381.489388142712414 ], [ 424833.354229784454219, 4388374.489388142712414 ], [ 424832.354229784454219, 4388374.489388142712414 ], [ 424832.354229784454219, 4388369.489388142712414 ], [ 424831.354229784454219, 4388369.489388142712414 ], [ 424831.354229784454219, 4388368.489388142712414 ], [ 424827.354229784454219, 4388368.489388142712414 ], [ 424827.354229784454219, 4388367.489388142712414 ], [ 424822.354229784454219, 4388367.489388142712414 ], [ 424822.354229784454219, 4388366.489388142712414 ], [ 424820.354229784454219, 4388366.489388142712414 ], [ 424820.354229784454219, 4388365.489388142712414 ], [ 424818.354229784454219, 4388365.489388142712414 ], [ 424818.354229784454219, 4388364.489388142712414 ], [ 424816.354229784454219, 4388364.489388142712414 ], [ 424816.354229784454219, 4388362.489388142712414 ], [ 424815.354229784454219, 4388362.489388142712414 ], [ 424815.354229784454219, 4388361.489388142712414 ], [ 424814.354229784454219, 4388361.489388142712414 ], [ 424814.354229784454219, 4388360.489388142712414 ], [ 424813.354229784454219, 4388360.489388142712414 ], [ 424813.354229784454219, 4388359.489388142712414 ], [ 424812.354229784454219, 4388359.489388142712414 ], [ 424812.354229784454219, 4388358.489388142712414 ], [ 424810.354229784454219, 4388358.489388142712414 ], [ 424810.354229784454219, 4388357.489388142712414 ], [ 424809.354229784454219, 4388357.489388142712414 ], [ 424809.354229784454219, 4388356.489388142712414 ], [ 424808.354229784454219, 4388356.489388142712414 ], [ 424808.354229784454219, 4388355.489388142712414 ], [ 424807.354229784454219, 4388355.489388142712414 ], [ 424807.354229784454219, 4388352.489388142712414 ], [ 424808.354229784454219, 4388352.489388142712414 ], [ 424808.354229784454219, 4388351.489388142712414 ], [ 424809.354229784454219, 4388351.489388142712414 ], [ 424809.354229784454219, 4388350.489388142712414 ], [ 424810.354229784454219, 4388350.489388142712414 ], [ 424810.354229784454219, 4388349.489388142712414 ], [ 424811.354229784454219, 4388349.489388142712414 ], [ 424811.354229784454219, 4388348.489388142712414 ], [ 424810.354229784454219, 4388348.489388142712414 ], [ 424810.354229784454219, 4388343.489388142712414 ], [ 424814.354229784454219, 4388343.489388142712414 ], [ 424814.354229784454219, 4388344.489388142712414 ], [ 424816.354229784454219, 4388344.489388142712414 ], [ 424816.354229784454219, 4388345.489388142712414 ], [ 424817.354229784454219, 4388345.489388142712414 ], [ 424817.354229784454219, 4388346.489388142712414 ], [ 424818.354229784454219, 4388346.489388142712414 ], [ 424818.354229784454219, 4388347.489388142712414 ], [ 424819.354229784454219, 4388347.489388142712414 ], [ 424819.354229784454219, 4388348.489388142712414 ], [ 424820.354229784454219, 4388348.489388142712414 ], [ 424820.354229784454219, 4388349.489388142712414 ], [ 424827.354229784454219, 4388349.489388142712414 ], [ 424827.354229784454219, 4388350.489388142712414 ], [ 424830.354229784454219, 4388350.489388142712414 ], [ 424830.354229784454219, 4388351.489388142712414 ], [ 424831.354229784454219, 4388351.489388142712414 ], [ 424831.354229784454219, 4388354.489388142712414 ], [ 424832.354229784454219, 4388354.489388142712414 ], [ 424832.354229784454219, 4388355.489388142712414 ], [ 424835.354229784454219, 4388355.489388142712414 ], [ 424835.354229784454219, 4388356.489388142712414 ], [ 424837.354229784454219, 4388356.489388142712414 ], [ 424837.354229784454219, 4388355.489388142712414 ], [ 424838.354229784454219, 4388355.489388142712414 ], [ 424838.354229784454219, 4388356.489388142712414 ], [ 424839.354229784454219, 4388356.489388142712414 ], [ 424839.354229784454219, 4388355.489388142712414 ], [ 424841.354229784454219, 4388355.489388142712414 ], [ 424841.354229784454219, 4388351.489388142712414 ], [ 424840.354229784454219, 4388351.489388142712414 ], [ 424840.354229784454219, 4388349.489388142712414 ], [ 424839.354229784454219, 4388349.489388142712414 ], [ 424839.354229784454219, 4388347.489388142712414 ], [ 424838.354229784454219, 4388347.489388142712414 ], [ 424838.354229784454219, 4388345.489388142712414 ], [ 424837.354229784454219, 4388345.489388142712414 ], [ 424837.354229784454219, 4388344.489388142712414 ], [ 424838.354229784454219, 4388344.489388142712414 ], [ 424838.354229784454219, 4388340.489388142712414 ], [ 424839.354229784454219, 4388340.489388142712414 ], [ 424839.354229784454219, 4388339.489388142712414 ], [ 424840.354229784454219, 4388339.489388142712414 ], [ 424840.354229784454219, 4388338.489388142712414 ], [ 424846.354229784454219, 4388338.489388142712414 ], [ 424846.354229784454219, 4388339.489388142712414 ], [ 424847.354229784454219, 4388339.489388142712414 ], [ 424847.354229784454219, 4388340.489388142712414 ], [ 424849.354229784454219, 4388340.489388142712414 ], [ 424849.354229784454219, 4388339.489388142712414 ], [ 424850.354229784454219, 4388339.489388142712414 ], [ 424850.354229784454219, 4388338.489388142712414 ], [ 424853.354229784454219, 4388338.489388142712414 ], [ 424853.354229784454219, 4388339.489388142712414 ], [ 424854.354229784454219, 4388339.489388142712414 ], [ 424854.354229784454219, 4388340.489388142712414 ], [ 424855.354229784454219, 4388340.489388142712414 ], [ 424855.354229784454219, 4388342.489388142712414 ], [ 424856.354229784454219, 4388342.489388142712414 ], [ 424856.354229784454219, 4388343.489388142712414 ], [ 424857.354229784454219, 4388343.489388142712414 ], [ 424857.354229784454219, 4388345.489388142712414 ], [ 424858.354229784454219, 4388345.489388142712414 ], [ 424858.354229784454219, 4388349.489388142712414 ], [ 424859.354229784454219, 4388349.489388142712414 ], [ 424859.354229784454219, 4388352.489388142712414 ], [ 424860.354229784454219, 4388352.489388142712414 ], [ 424860.354229784454219, 4388353.489388142712414 ], [ 424861.354229784454219, 4388353.489388142712414 ], [ 424861.354229784454219, 4388354.489388142712414 ], [ 424863.354229784454219, 4388354.489388142712414 ], [ 424863.354229784454219, 4388355.489388142712414 ], [ 424864.354229784454219, 4388355.489388142712414 ], [ 424864.354229784454219, 4388356.489388142712414 ], [ 424865.354229784454219, 4388356.489388142712414 ], [ 424865.354229784454219, 4388357.489388142712414 ], [ 424866.354229784454219, 4388357.489388142712414 ], [ 424866.354229784454219, 4388366.489388142712414 ], [ 424867.354229784454219, 4388366.489388142712414 ], [ 424867.354229784454219, 4388369.489388142712414 ], [ 424868.354229784454219, 4388369.489388142712414 ], [ 424868.354229784454219, 4388371.489388142712414 ], [ 424869.354229784454219, 4388371.489388142712414 ], [ 424869.354229784454219, 4388373.489388142712414 ], [ 424870.354229784454219, 4388373.489388142712414 ], [ 424870.354229784454219, 4388375.489388142712414 ], [ 424871.354229784454219, 4388375.489388142712414 ], [ 424871.354229784454219, 4388376.489388142712414 ], [ 424872.354229784454219, 4388376.489388142712414 ], [ 424872.354229784454219, 4388377.489388142712414 ], [ 424874.354229784454219, 4388377.489388142712414 ], [ 424874.354229784454219, 4388378.489388142712414 ], [ 424875.354229784454219, 4388378.489388142712414 ], [ 424875.354229784454219, 4388379.489388142712414 ], [ 424877.354229784454219, 4388379.489388142712414 ], [ 424877.354229784454219, 4388380.489388142712414 ], [ 424878.354229784454219, 4388380.489388142712414 ], [ 424878.354229784454219, 4388381.489388142712414 ], [ 424880.354229784454219, 4388381.489388142712414 ], [ 424880.354229784454219, 4388382.489388142712414 ], [ 424881.354229784454219, 4388382.489388142712414 ], [ 424881.354229784454219, 4388383.489388142712414 ], [ 424883.354229784454219, 4388383.489388142712414 ], [ 424883.354229784454219, 4388384.489388142712414 ], [ 424884.354229784454219, 4388384.489388142712414 ], [ 424884.354229784454219, 4388385.489388142712414 ], [ 424885.354229784454219, 4388385.489388142712414 ], [ 424885.354229784454219, 4388386.489388142712414 ], [ 424886.354229784454219, 4388386.489388142712414 ], [ 424886.354229784454219, 4388387.489388142712414 ], [ 424887.354229784454219, 4388387.489388142712414 ], [ 424887.354229784454219, 4388388.489388142712414 ], [ 424888.354229784454219, 4388388.489388142712414 ], [ 424888.354229784454219, 4388390.489388142712414 ], [ 424889.354229784454219, 4388390.489388142712414 ], [ 424889.354229784454219, 4388391.489388142712414 ], [ 424890.354229784454219, 4388391.489388142712414 ], [ 424890.354229784454219, 4388392.489388142712414 ], [ 424892.354229784454219, 4388392.489388142712414 ], [ 424892.354229784454219, 4388393.489388142712414 ], [ 424903.354229784454219, 4388393.489388142712414 ], [ 424903.354229784454219, 4388394.489388142712414 ], [ 424904.354229784454219, 4388394.489388142712414 ], [ 424904.354229784454219, 4388393.489388142712414 ], [ 424905.354229784454219, 4388393.489388142712414 ], [ 424905.354229784454219, 4388394.489388142712414 ], [ 424906.354229784454219, 4388394.489388142712414 ], [ 424906.354229784454219, 4388395.489388142712414 ], [ 424909.354229784454219, 4388395.489388142712414 ], [ 424909.354229784454219, 4388396.489388142712414 ], [ 424912.354229784454219, 4388396.489388142712414 ], [ 424912.354229784454219, 4388397.489388142712414 ], [ 424915.354229784454219, 4388397.489388142712414 ], [ 424915.354229784454219, 4388398.489388142712414 ], [ 424916.354229784454219, 4388398.489388142712414 ], [ 424916.354229784454219, 4388399.489388142712414 ], [ 424918.354229784454219, 4388399.489388142712414 ], [ 424918.354229784454219, 4388400.489388142712414 ], [ 424923.354229784454219, 4388400.489388142712414 ], [ 424923.354229784454219, 4388401.489388142712414 ], [ 424929.354229784454219, 4388401.489388142712414 ], [ 424929.354229784454219, 4388402.489388142712414 ], [ 424932.354229784454219, 4388402.489388142712414 ], [ 424932.354229784454219, 4388403.489388142712414 ], [ 424934.354229784454219, 4388403.489388142712414 ], [ 424934.354229784454219, 4388404.489388142712414 ], [ 424943.354229784454219, 4388404.489388142712414 ], [ 424943.354229784454219, 4388405.489388142712414 ], [ 424952.354229784454219, 4388405.489388142712414 ], [ 424952.354229784454219, 4388406.489388142712414 ], [ 424959.354229784454219, 4388406.489388142712414 ], [ 424959.354229784454219, 4388407.489388142712414 ], [ 424962.354229784454219, 4388407.489388142712414 ], [ 424962.354229784454219, 4388408.489388142712414 ], [ 424966.354229784454219, 4388408.489388142712414 ], [ 424966.354229784454219, 4388409.489388142712414 ], [ 424967.354229784454219, 4388409.489388142712414 ], [ 424967.354229784454219, 4388408.489388142712414 ], [ 424975.354229784454219, 4388408.489388142712414 ], [ 424975.354229784454219, 4388409.489388142712414 ], [ 424977.354229784454219, 4388409.489388142712414 ], [ 424977.354229784454219, 4388410.489388142712414 ], [ 424978.354229784454219, 4388410.489388142712414 ], [ 424978.354229784454219, 4388412.489388142712414 ], [ 424980.354229784454219, 4388412.489388142712414 ], [ 424980.354229784454219, 4388413.489388142712414 ], [ 424981.354229784454219, 4388413.489388142712414 ], [ 424981.354229784454219, 4388414.489388142712414 ], [ 424982.354229784454219, 4388414.489388142712414 ], [ 424982.354229784454219, 4388415.489388142712414 ], [ 424983.354229784454219, 4388415.489388142712414 ], [ 424983.354229784454219, 4388416.489388142712414 ], [ 424989.354229784454219, 4388416.489388142712414 ], [ 424989.354229784454219, 4388415.489388142712414 ], [ 424993.354229784454219, 4388415.489388142712414 ], [ 424993.354229784454219, 4388414.489388142712414 ], [ 424994.354229784454219, 4388414.489388142712414 ], [ 424994.354229784454219, 4388413.489388142712414 ], [ 424995.354229784454219, 4388413.489388142712414 ], [ 424995.354229784454219, 4388414.489388142712414 ], [ 424998.354229784454219, 4388414.489388142712414 ], [ 424998.354229784454219, 4388413.489388142712414 ], [ 424999.354229784454219, 4388413.489388142712414 ], [ 424999.354229784454219, 4388412.489388142712414 ], [ 425000.354229784454219, 4388412.489388142712414 ], [ 425000.354229784454219, 4388411.489388142712414 ], [ 425001.354229784454219, 4388411.489388142712414 ], [ 425001.354229784454219, 4388410.489388142712414 ], [ 425002.354229784454219, 4388410.489388142712414 ], [ 425002.354229784454219, 4388408.489388142712414 ], [ 425003.354229784454219, 4388408.489388142712414 ], [ 425003.354229784454219, 4388405.489388142712414 ], [ 425004.354229784454219, 4388405.489388142712414 ], [ 425004.354229784454219, 4388402.489388142712414 ], [ 425005.354229784454219, 4388402.489388142712414 ], [ 425005.354229784454219, 4388399.489388142712414 ], [ 425004.354229784454219, 4388399.489388142712414 ], [ 425004.354229784454219, 4388396.489388142712414 ], [ 425003.354229784454219, 4388396.489388142712414 ], [ 425003.354229784454219, 4388395.489388142712414 ], [ 425005.354229784454219, 4388395.489388142712414 ], [ 425005.354229784454219, 4388396.489388142712414 ], [ 425006.354229784454219, 4388396.489388142712414 ], [ 425006.354229784454219, 4388397.489388142712414 ], [ 425007.354229784454219, 4388397.489388142712414 ], [ 425007.354229784454219, 4388398.489388142712414 ], [ 425008.354229784454219, 4388398.489388142712414 ], [ 425008.354229784454219, 4388399.489388142712414 ], [ 425009.354229784454219, 4388399.489388142712414 ], [ 425009.354229784454219, 4388400.489388142712414 ], [ 425010.354229784454219, 4388400.489388142712414 ], [ 425010.354229784454219, 4388399.489388142712414 ], [ 425012.354229784454219, 4388399.489388142712414 ], [ 425012.354229784454219, 4388402.489388142712414 ], [ 425013.354229784454219, 4388402.489388142712414 ], [ 425013.354229784454219, 4388404.489388142712414 ], [ 425012.354229784454219, 4388404.489388142712414 ], [ 425012.354229784454219, 4388408.489388142712414 ], [ 425011.354229784454219, 4388408.489388142712414 ], [ 425011.354229784454219, 4388411.489388142712414 ], [ 425010.354229784454219, 4388411.489388142712414 ], [ 425010.354229784454219, 4388414.489388142712414 ], [ 425009.354229784454219, 4388414.489388142712414 ], [ 425009.354229784454219, 4388417.489388142712414 ], [ 425008.354229784454219, 4388417.489388142712414 ], [ 425008.354229784454219, 4388420.489388142712414 ], [ 425007.354229784454219, 4388420.489388142712414 ], [ 425007.354229784454219, 4388421.489388142712414 ], [ 425008.354229784454219, 4388421.489388142712414 ], [ 425008.354229784454219, 4388423.489388142712414 ], [ 425009.354229784454219, 4388423.489388142712414 ], [ 425009.354229784454219, 4388425.489388142712414 ], [ 425010.354229784454219, 4388425.489388142712414 ], [ 425010.354229784454219, 4388435.489388142712414 ], [ 425012.354229784454219, 4388435.489388142712414 ], [ 425012.354229784454219, 4388436.489388142712414 ], [ 425013.354229784454219, 4388436.489388142712414 ], [ 425013.354229784454219, 4388437.489388142712414 ], [ 425014.354229784454219, 4388437.489388142712414 ], [ 425014.354229784454219, 4388438.489388142712414 ], [ 425016.354229784454219, 4388438.489388142712414 ], [ 425016.354229784454219, 4388439.489388142712414 ], [ 425017.354229784454219, 4388439.489388142712414 ], [ 425017.354229784454219, 4388440.489388142712414 ], [ 425018.354229784454219, 4388440.489388142712414 ], [ 425018.354229784454219, 4388441.489388142712414 ], [ 425020.354229784454219, 4388441.489388142712414 ], [ 425020.354229784454219, 4388442.489388142712414 ], [ 425022.354229784454219, 4388442.489388142712414 ], [ 425022.354229784454219, 4388443.489388142712414 ], [ 425023.354229784454219, 4388443.489388142712414 ], [ 425023.354229784454219, 4388444.489388142712414 ], [ 425025.354229784454219, 4388444.489388142712414 ], [ 425025.354229784454219, 4388446.489388142712414 ], [ 425026.354229784454219, 4388446.489388142712414 ], [ 425026.354229784454219, 4388448.489388142712414 ], [ 425027.354229784454219, 4388448.489388142712414 ], [ 425027.354229784454219, 4388453.489388142712414 ], [ 425028.354229784454219, 4388453.489388142712414 ], [ 425028.354229784454219, 4388455.489388142712414 ], [ 425027.354229784454219, 4388455.489388142712414 ], [ 425027.354229784454219, 4388462.489388142712414 ], [ 425026.354229784454219, 4388462.489388142712414 ], [ 425026.354229784454219, 4388466.489388142712414 ], [ 425025.354229784454219, 4388466.489388142712414 ], [ 425025.354229784454219, 4388470.489388142712414 ], [ 425024.354229784454219, 4388470.489388142712414 ], [ 425024.354229784454219, 4388474.489388142712414 ], [ 425023.354229784454219, 4388474.489388142712414 ], [ 425023.354229784454219, 4388477.489388142712414 ], [ 425022.354229784454219, 4388477.489388142712414 ], [ 425022.354229784454219, 4388480.489388142712414 ], [ 425021.354229784454219, 4388480.489388142712414 ], [ 425021.354229784454219, 4388482.489388142712414 ], [ 425020.354229784454219, 4388482.489388142712414 ], [ 425020.354229784454219, 4388485.489388142712414 ], [ 425019.354229784454219, 4388485.489388142712414 ], [ 425019.354229784454219, 4388488.489388142712414 ], [ 425018.354229784454219, 4388488.489388142712414 ], [ 425018.354229784454219, 4388490.489388142712414 ], [ 425017.354229784454219, 4388490.489388142712414 ], [ 425017.354229784454219, 4388493.489388142712414 ], [ 425016.354229784454219, 4388493.489388142712414 ], [ 425016.354229784454219, 4388495.489388142712414 ], [ 425015.354229784454219, 4388495.489388142712414 ], [ 425015.354229784454219, 4388498.489388142712414 ], [ 425014.354229784454219, 4388498.489388142712414 ], [ 425014.354229784454219, 4388501.489388142712414 ], [ 425013.354229784454219, 4388501.489388142712414 ], [ 425013.354229784454219, 4388504.489388142712414 ], [ 425012.354229784454219, 4388504.489388142712414 ], [ 425012.354229784454219, 4388507.489388142712414 ], [ 425011.354229784454219, 4388507.489388142712414 ], [ 425011.354229784454219, 4388510.489388142712414 ], [ 425010.354229784454219, 4388510.489388142712414 ], [ 425010.354229784454219, 4388514.489388142712414 ], [ 425009.354229784454219, 4388514.489388142712414 ], [ 425009.354229784454219, 4388518.489388142712414 ], [ 425008.354229784454219, 4388518.489388142712414 ], [ 425008.354229784454219, 4388522.489388142712414 ], [ 425007.354229784454219, 4388522.489388142712414 ], [ 425007.354229784454219, 4388530.489388142712414 ], [ 425006.354229784454219, 4388530.489388142712414 ], [ 425006.354229784454219, 4388531.489388142712414 ], [ 425007.354229784454219, 4388531.489388142712414 ], [ 425007.354229784454219, 4388547.489388142712414 ], [ 425006.354229784454219, 4388547.489388142712414 ], [ 425006.354229784454219, 4388562.489388142712414 ], [ 425005.354229784454219, 4388562.489388142712414 ], [ 425005.354229784454219, 4388569.489388142712414 ], [ 425004.354229784454219, 4388569.489388142712414 ], [ 425004.354229784454219, 4388574.489388142712414 ], [ 425003.354229784454219, 4388574.489388142712414 ], [ 425003.354229784454219, 4388579.489388142712414 ], [ 425002.354229784454219, 4388579.489388142712414 ], [ 425002.354229784454219, 4388586.489388142712414 ], [ 425001.354229784454219, 4388586.489388142712414 ], [ 425001.354229784454219, 4388594.489388142712414 ], [ 425000.354229784454219, 4388594.489388142712414 ], [ 425000.354229784454219, 4388598.489388142712414 ], [ 424999.354229784454219, 4388598.489388142712414 ], [ 424999.354229784454219, 4388602.489388142712414 ], [ 424998.354229784454219, 4388602.489388142712414 ], [ 424998.354229784454219, 4388605.489388142712414 ], [ 424997.354229784454219, 4388605.489388142712414 ], [ 424997.354229784454219, 4388608.489388142712414 ], [ 424996.354229784454219, 4388608.489388142712414 ], [ 424996.354229784454219, 4388610.489388142712414 ], [ 424995.354229784454219, 4388610.489388142712414 ], [ 424995.354229784454219, 4388613.489388142712414 ], [ 424994.354229784454219, 4388613.489388142712414 ], [ 424994.354229784454219, 4388616.489388142712414 ], [ 424993.354229784454219, 4388616.489388142712414 ], [ 424993.354229784454219, 4388618.489388142712414 ], [ 424992.354229784454219, 4388618.489388142712414 ], [ 424992.354229784454219, 4388620.489388142712414 ], [ 424991.354229784454219, 4388620.489388142712414 ], [ 424991.354229784454219, 4388622.489388142712414 ], [ 424990.354229784454219, 4388622.489388142712414 ], [ 424990.354229784454219, 4388625.489388142712414 ], [ 424989.354229784454219, 4388625.489388142712414 ], [ 424989.354229784454219, 4388629.489388142712414 ], [ 424988.354229784454219, 4388629.489388142712414 ], [ 424988.354229784454219, 4388633.489388142712414 ], [ 424987.354229784454219, 4388633.489388142712414 ], [ 424987.354229784454219, 4388636.489388142712414 ], [ 424986.354229784454219, 4388636.489388142712414 ], [ 424986.354229784454219, 4388639.489388142712414 ], [ 424985.354229784454219, 4388639.489388142712414 ], [ 424985.354229784454219, 4388641.489388142712414 ], [ 424984.354229784454219, 4388641.489388142712414 ], [ 424984.354229784454219, 4388643.489388142712414 ], [ 424983.354229784454219, 4388643.489388142712414 ], [ 424983.354229784454219, 4388645.489388142712414 ], [ 424982.354229784454219, 4388645.489388142712414 ], [ 424982.354229784454219, 4388647.489388142712414 ], [ 424981.354229784454219, 4388647.489388142712414 ], [ 424981.354229784454219, 4388648.489388142712414 ], [ 424980.354229784454219, 4388648.489388142712414 ], [ 424980.354229784454219, 4388649.489388142712414 ], [ 424979.354229784454219, 4388649.489388142712414 ], [ 424979.354229784454219, 4388650.489388142712414 ], [ 424978.354229784454219, 4388650.489388142712414 ], [ 424978.354229784454219, 4388651.489388142712414 ], [ 424977.354229784454219, 4388651.489388142712414 ], [ 424977.354229784454219, 4388652.489388142712414 ], [ 424976.354229784454219, 4388652.489388142712414 ], [ 424976.354229784454219, 4388653.489388142712414 ], [ 424975.354229784454219, 4388653.489388142712414 ], [ 424975.354229784454219, 4388654.489388142712414 ], [ 424974.354229784454219, 4388654.489388142712414 ], [ 424974.354229784454219, 4388655.489388142712414 ], [ 424973.354229784454219, 4388655.489388142712414 ], [ 424973.354229784454219, 4388656.489388142712414 ], [ 424972.354229784454219, 4388656.489388142712414 ], [ 424972.354229784454219, 4388657.489388142712414 ], [ 424970.354229784454219, 4388657.489388142712414 ], [ 424970.354229784454219, 4388659.489388142712414 ], [ 424969.354229784454219, 4388659.489388142712414 ], [ 424969.354229784454219, 4388660.489388142712414 ], [ 424968.354229784454219, 4388660.489388142712414 ], [ 424968.354229784454219, 4388662.489388142712414 ], [ 424967.354229784454219, 4388662.489388142712414 ], [ 424967.354229784454219, 4388663.489388142712414 ], [ 424966.354229784454219, 4388663.489388142712414 ], [ 424966.354229784454219, 4388665.489388142712414 ], [ 424965.354229784454219, 4388665.489388142712414 ], [ 424965.354229784454219, 4388667.489388142712414 ], [ 424964.354229784454219, 4388667.489388142712414 ], [ 424964.354229784454219, 4388669.489388142712414 ], [ 424963.354229784454219, 4388669.489388142712414 ], [ 424963.354229784454219, 4388670.489388142712414 ], [ 424962.354229784454219, 4388670.489388142712414 ], [ 424962.354229784454219, 4388673.489388142712414 ], [ 424961.354229784454219, 4388673.489388142712414 ], [ 424961.354229784454219, 4388674.489388142712414 ], [ 424960.354229784454219, 4388674.489388142712414 ], [ 424960.354229784454219, 4388677.489388142712414 ], [ 424959.354229784454219, 4388677.489388142712414 ], [ 424959.354229784454219, 4388679.489388142712414 ], [ 424958.354229784454219, 4388679.489388142712414 ], [ 424958.354229784454219, 4388681.489388142712414 ], [ 424957.354229784454219, 4388681.489388142712414 ], [ 424957.354229784454219, 4388684.489388142712414 ], [ 424956.354229784454219, 4388684.489388142712414 ], [ 424956.354229784454219, 4388686.489388142712414 ], [ 424955.354229784454219, 4388686.489388142712414 ], [ 424955.354229784454219, 4388689.489388142712414 ], [ 424954.354229784454219, 4388689.489388142712414 ], [ 424954.354229784454219, 4388691.489388142712414 ], [ 424953.354229784454219, 4388691.489388142712414 ], [ 424953.354229784454219, 4388693.489388142712414 ], [ 424952.354229784454219, 4388693.489388142712414 ], [ 424952.354229784454219, 4388696.489388142712414 ], [ 424951.354229784454219, 4388696.489388142712414 ], [ 424951.354229784454219, 4388698.489388142712414 ], [ 424950.354229784454219, 4388698.489388142712414 ], [ 424950.354229784454219, 4388700.489388142712414 ], [ 424949.354229784454219, 4388700.489388142712414 ], [ 424949.354229784454219, 4388702.489388142712414 ], [ 424948.354229784454219, 4388702.489388142712414 ], [ 424948.354229784454219, 4388704.489388142712414 ], [ 424947.354229784454219, 4388704.489388142712414 ], [ 424947.354229784454219, 4388706.489388142712414 ], [ 424946.354229784454219, 4388706.489388142712414 ], [ 424946.354229784454219, 4388708.489388142712414 ], [ 424945.354229784454219, 4388708.489388142712414 ], [ 424945.354229784454219, 4388710.489388142712414 ], [ 424944.354229784454219, 4388710.489388142712414 ], [ 424944.354229784454219, 4388712.489388142712414 ], [ 424943.354229784454219, 4388712.489388142712414 ], [ 424943.354229784454219, 4388714.489388142712414 ], [ 424942.354229784454219, 4388714.489388142712414 ], [ 424942.354229784454219, 4388716.489388142712414 ], [ 424941.354229784454219, 4388716.489388142712414 ], [ 424941.354229784454219, 4388717.489388142712414 ], [ 424940.354229784454219, 4388717.489388142712414 ], [ 424940.354229784454219, 4388719.489388142712414 ], [ 424939.354229784454219, 4388719.489388142712414 ], [ 424939.354229784454219, 4388720.489388142712414 ], [ 424938.354229784454219, 4388720.489388142712414 ], [ 424938.354229784454219, 4388722.489388142712414 ], [ 424937.354229784454219, 4388722.489388142712414 ], [ 424937.354229784454219, 4388723.489388142712414 ], [ 424936.354229784454219, 4388723.489388142712414 ], [ 424936.354229784454219, 4388724.489388142712414 ], [ 424935.354229784454219, 4388724.489388142712414 ], [ 424935.354229784454219, 4388725.489388142712414 ], [ 424934.354229784454219, 4388725.489388142712414 ], [ 424934.354229784454219, 4388727.489388142712414 ], [ 424933.354229784454219, 4388727.489388142712414 ], [ 424933.354229784454219, 4388728.489388142712414 ], [ 424932.354229784454219, 4388728.489388142712414 ], [ 424932.354229784454219, 4388729.489388142712414 ], [ 424931.354229784454219, 4388729.489388142712414 ], [ 424931.354229784454219, 4388730.489388142712414 ], [ 424930.354229784454219, 4388730.489388142712414 ], [ 424930.354229784454219, 4388731.489388142712414 ], [ 424929.354229784454219, 4388731.489388142712414 ], [ 424929.354229784454219, 4388733.489388142712414 ], [ 424928.354229784454219, 4388733.489388142712414 ], [ 424928.354229784454219, 4388734.489388142712414 ], [ 424927.354229784454219, 4388734.489388142712414 ], [ 424927.354229784454219, 4388735.489388142712414 ], [ 424925.354229784454219, 4388735.489388142712414 ], [ 424925.354229784454219, 4388736.489388142712414 ], [ 424924.354229784454219, 4388736.489388142712414 ], [ 424924.354229784454219, 4388737.489388142712414 ], [ 424923.354229784454219, 4388737.489388142712414 ], [ 424923.354229784454219, 4388738.489388142712414 ], [ 424922.354229784454219, 4388738.489388142712414 ], [ 424922.354229784454219, 4388739.489388142712414 ], [ 424921.354229784454219, 4388739.489388142712414 ], [ 424921.354229784454219, 4388740.489388142712414 ], [ 424919.354229784454219, 4388740.489388142712414 ], [ 424919.354229784454219, 4388741.489388142712414 ], [ 424918.354229784454219, 4388741.489388142712414 ], [ 424918.354229784454219, 4388742.489388142712414 ], [ 424917.354229784454219, 4388742.489388142712414 ], [ 424917.354229784454219, 4388743.489388142712414 ], [ 424916.354229784454219, 4388743.489388142712414 ], [ 424916.354229784454219, 4388745.489388142712414 ], [ 424915.354229784454219, 4388745.489388142712414 ], [ 424915.354229784454219, 4388746.489388142712414 ], [ 424914.354229784454219, 4388746.489388142712414 ], [ 424914.354229784454219, 4388748.489388142712414 ], [ 424913.354229784454219, 4388748.489388142712414 ], [ 424913.354229784454219, 4388750.489388142712414 ], [ 424912.354229784454219, 4388750.489388142712414 ], [ 424912.354229784454219, 4388752.489388142712414 ], [ 424911.354229784454219, 4388752.489388142712414 ], [ 424911.354229784454219, 4388753.489388142712414 ], [ 424910.354229784454219, 4388753.489388142712414 ], [ 424910.354229784454219, 4388755.489388142712414 ], [ 424909.354229784454219, 4388755.489388142712414 ], [ 424909.354229784454219, 4388757.489388142712414 ], [ 424908.354229784454219, 4388757.489388142712414 ], [ 424908.354229784454219, 4388758.489388142712414 ], [ 424907.354229784454219, 4388758.489388142712414 ], [ 424907.354229784454219, 4388760.489388142712414 ], [ 424906.354229784454219, 4388760.489388142712414 ], [ 424906.354229784454219, 4388762.489388142712414 ], [ 424905.354229784454219, 4388762.489388142712414 ], [ 424905.354229784454219, 4388764.489388142712414 ], [ 424904.354229784454219, 4388764.489388142712414 ], [ 424904.354229784454219, 4388765.489388142712414 ], [ 424903.354229784454219, 4388765.489388142712414 ], [ 424903.354229784454219, 4388767.489388142712414 ], [ 424902.354229784454219, 4388767.489388142712414 ], [ 424902.354229784454219, 4388769.489388142712414 ], [ 424901.354229784454219, 4388769.489388142712414 ], [ 424901.354229784454219, 4388770.489388142712414 ], [ 424900.354229784454219, 4388770.489388142712414 ], [ 424900.354229784454219, 4388773.489388142712414 ], [ 424899.354229784454219, 4388773.489388142712414 ], [ 424899.354229784454219, 4388775.489388142712414 ], [ 424898.354229784454219, 4388775.489388142712414 ], [ 424898.354229784454219, 4388776.489388142712414 ], [ 424897.354229784454219, 4388776.489388142712414 ], [ 424897.354229784454219, 4388778.489388142712414 ], [ 424896.354229784454219, 4388778.489388142712414 ], [ 424896.354229784454219, 4388779.489388142712414 ], [ 424895.354229784454219, 4388779.489388142712414 ], [ 424895.354229784454219, 4388781.489388142712414 ], [ 424894.354229784454219, 4388781.489388142712414 ], [ 424894.354229784454219, 4388783.489388142712414 ], [ 424893.354229784454219, 4388783.489388142712414 ], [ 424893.354229784454219, 4388785.489388142712414 ], [ 424892.354229784454219, 4388785.489388142712414 ], [ 424892.354229784454219, 4388786.489388142712414 ], [ 424891.354229784454219, 4388786.489388142712414 ], [ 424891.354229784454219, 4388788.489388142712414 ], [ 424890.354229784454219, 4388788.489388142712414 ], [ 424890.354229784454219, 4388791.489388142712414 ], [ 424889.354229784454219, 4388791.489388142712414 ], [ 424889.354229784454219, 4388793.489388142712414 ], [ 424888.354229784454219, 4388793.489388142712414 ], [ 424888.354229784454219, 4388796.489388142712414 ], [ 424887.354229784454219, 4388796.489388142712414 ], [ 424887.354229784454219, 4388798.489388142712414 ], [ 424886.354229784454219, 4388798.489388142712414 ], [ 424886.354229784454219, 4388800.489388142712414 ], [ 424885.354229784454219, 4388800.489388142712414 ], [ 424885.354229784454219, 4388802.489388142712414 ], [ 424884.354229784454219, 4388802.489388142712414 ], [ 424884.354229784454219, 4388805.489388142712414 ], [ 424883.354229784454219, 4388805.489388142712414 ], [ 424883.354229784454219, 4388807.489388142712414 ], [ 424882.354229784454219, 4388807.489388142712414 ], [ 424882.354229784454219, 4388809.489388142712414 ], [ 424881.354229784454219, 4388809.489388142712414 ], [ 424881.354229784454219, 4388811.489388142712414 ], [ 424880.354229784454219, 4388811.489388142712414 ], [ 424880.354229784454219, 4388814.489388142712414 ], [ 424879.354229784454219, 4388814.489388142712414 ], [ 424879.354229784454219, 4388817.489388142712414 ], [ 424878.354229784454219, 4388817.489388142712414 ], [ 424878.354229784454219, 4388819.489388142712414 ], [ 424877.354229784454219, 4388819.489388142712414 ], [ 424877.354229784454219, 4388821.489388142712414 ], [ 424876.354229784454219, 4388821.489388142712414 ], [ 424876.354229784454219, 4388823.489388142712414 ], [ 424875.354229784454219, 4388823.489388142712414 ], [ 424875.354229784454219, 4388825.489388142712414 ], [ 424874.354229784454219, 4388825.489388142712414 ], [ 424874.354229784454219, 4388827.489388142712414 ], [ 424873.354229784454219, 4388827.489388142712414 ], [ 424873.354229784454219, 4388830.489388142712414 ], [ 424872.354229784454219, 4388830.489388142712414 ], [ 424872.354229784454219, 4388833.489388142712414 ], [ 424871.354229784454219, 4388833.489388142712414 ], [ 424871.354229784454219, 4388838.489388142712414 ], [ 424870.354229784454219, 4388838.489388142712414 ], [ 424870.354229784454219, 4388842.489388142712414 ], [ 424871.354229784454219, 4388842.489388142712414 ], [ 424871.354229784454219, 4388846.489388142712414 ], [ 424872.354229784454219, 4388846.489388142712414 ], [ 424872.354229784454219, 4388850.489388142712414 ], [ 424873.354229784454219, 4388850.489388142712414 ], [ 424873.354229784454219, 4388853.489388142712414 ], [ 424874.354229784454219, 4388853.489388142712414 ], [ 424874.354229784454219, 4388858.489388142712414 ], [ 424875.354229784454219, 4388858.489388142712414 ], [ 424875.354229784454219, 4388862.489388142712414 ], [ 424876.354229784454219, 4388862.489388142712414 ], [ 424876.354229784454219, 4388866.489388142712414 ], [ 424877.354229784454219, 4388866.489388142712414 ], [ 424877.354229784454219, 4388870.489388142712414 ], [ 424878.354229784454219, 4388870.489388142712414 ], [ 424878.354229784454219, 4388875.489388142712414 ], [ 424879.354229784454219, 4388875.489388142712414 ], [ 424879.354229784454219, 4388879.489388142712414 ], [ 424880.354229784454219, 4388879.489388142712414 ], [ 424880.354229784454219, 4388883.489388142712414 ], [ 424881.354229784454219, 4388883.489388142712414 ], [ 424881.354229784454219, 4388887.489388142712414 ], [ 424882.354229784454219, 4388887.489388142712414 ], [ 424882.354229784454219, 4388890.489388142712414 ], [ 424883.354229784454219, 4388890.489388142712414 ], [ 424883.354229784454219, 4388894.489388142712414 ], [ 424884.354229784454219, 4388894.489388142712414 ], [ 424884.354229784454219, 4388897.489388142712414 ], [ 424885.354229784454219, 4388897.489388142712414 ], [ 424885.354229784454219, 4388901.489388142712414 ], [ 424886.354229784454219, 4388901.489388142712414 ], [ 424886.354229784454219, 4388906.489388142712414 ], [ 424887.354229784454219, 4388906.489388142712414 ], [ 424887.354229784454219, 4388912.489388142712414 ], [ 424888.354229784454219, 4388912.489388142712414 ], [ 424888.354229784454219, 4388919.489388142712414 ], [ 424889.354229784454219, 4388919.489388142712414 ], [ 424889.354229784454219, 4388925.489388142712414 ], [ 424890.354229784454219, 4388925.489388142712414 ], [ 424890.354229784454219, 4388931.489388142712414 ], [ 424891.354229784454219, 4388931.489388142712414 ], [ 424891.354229784454219, 4388950.489388142712414 ], [ 424890.354229784454219, 4388950.489388142712414 ], [ 424890.354229784454219, 4388955.489388142712414 ], [ 424889.354229784454219, 4388955.489388142712414 ], [ 424889.354229784454219, 4388957.489388142712414 ], [ 424888.354229784454219, 4388957.489388142712414 ], [ 424888.354229784454219, 4388959.489388142712414 ], [ 424887.354229784454219, 4388959.489388142712414 ], [ 424887.354229784454219, 4388960.489388142712414 ], [ 424886.354229784454219, 4388960.489388142712414 ], [ 424886.354229784454219, 4388962.489388142712414 ], [ 424885.354229784454219, 4388962.489388142712414 ], [ 424885.354229784454219, 4388963.489388142712414 ], [ 424884.354229784454219, 4388963.489388142712414 ], [ 424884.354229784454219, 4388964.489388142712414 ], [ 424883.354229784454219, 4388964.489388142712414 ], [ 424883.354229784454219, 4388966.489388142712414 ], [ 424882.354229784454219, 4388966.489388142712414 ], [ 424882.354229784454219, 4388968.489388142712414 ], [ 424881.354229784454219, 4388968.489388142712414 ], [ 424881.354229784454219, 4388969.489388142712414 ], [ 424880.354229784454219, 4388969.489388142712414 ], [ 424880.354229784454219, 4388971.489388142712414 ], [ 424879.354229784454219, 4388971.489388142712414 ], [ 424879.354229784454219, 4388973.489388142712414 ], [ 424878.354229784454219, 4388973.489388142712414 ], [ 424878.354229784454219, 4388974.489388142712414 ], [ 424877.354229784454219, 4388974.489388142712414 ], [ 424877.354229784454219, 4388976.489388142712414 ], [ 424876.354229784454219, 4388976.489388142712414 ], [ 424876.354229784454219, 4388977.489388142712414 ], [ 424875.354229784454219, 4388977.489388142712414 ], [ 424875.354229784454219, 4388979.489388142712414 ], [ 424874.354229784454219, 4388979.489388142712414 ], [ 424874.354229784454219, 4388980.489388142712414 ], [ 424873.354229784454219, 4388980.489388142712414 ], [ 424873.354229784454219, 4388982.489388142712414 ], [ 424872.354229784454219, 4388982.489388142712414 ], [ 424872.354229784454219, 4388984.489388142712414 ], [ 424871.354229784454219, 4388984.489388142712414 ], [ 424871.354229784454219, 4388986.489388142712414 ], [ 424870.354229784454219, 4388986.489388142712414 ], [ 424870.354229784454219, 4388988.489388142712414 ], [ 424869.354229784454219, 4388988.489388142712414 ], [ 424869.354229784454219, 4388989.489388142712414 ], [ 424868.354229784454219, 4388989.489388142712414 ], [ 424868.354229784454219, 4388991.489388142712414 ], [ 424867.354229784454219, 4388991.489388142712414 ], [ 424867.354229784454219, 4388994.489388142712414 ], [ 424866.354229784454219, 4388994.489388142712414 ], [ 424866.354229784454219, 4388999.489388142712414 ], [ 424865.354229784454219, 4388999.489388142712414 ], [ 424865.354229784454219, 4389003.489388142712414 ], [ 424864.354229784454219, 4389003.489388142712414 ], [ 424864.354229784454219, 4389008.489388142712414 ], [ 424863.354229784454219, 4389008.489388142712414 ], [ 424863.354229784454219, 4389012.489388142712414 ], [ 424862.354229784454219, 4389012.489388142712414 ], [ 424862.354229784454219, 4389015.489388142712414 ], [ 424861.354229784454219, 4389015.489388142712414 ], [ 424861.354229784454219, 4389019.489388142712414 ], [ 424860.354229784454219, 4389019.489388142712414 ], [ 424860.354229784454219, 4389022.489388142712414 ], [ 424859.354229784454219, 4389022.489388142712414 ], [ 424859.354229784454219, 4389026.489388142712414 ], [ 424858.354229784454219, 4389026.489388142712414 ], [ 424858.354229784454219, 4389031.489388142712414 ], [ 424857.354229784454219, 4389031.489388142712414 ], [ 424857.354229784454219, 4389035.489388142712414 ], [ 424856.354229784454219, 4389035.489388142712414 ], [ 424856.354229784454219, 4389039.489388142712414 ], [ 424855.354229784454219, 4389039.489388142712414 ], [ 424855.354229784454219, 4389041.489388142712414 ], [ 424854.354229784454219, 4389041.489388142712414 ], [ 424854.354229784454219, 4389044.489388142712414 ], [ 424853.354229784454219, 4389044.489388142712414 ], [ 424853.354229784454219, 4389047.489388142712414 ], [ 424852.354229784454219, 4389047.489388142712414 ], [ 424852.354229784454219, 4389049.489388142712414 ], [ 424851.354229784454219, 4389049.489388142712414 ], [ 424851.354229784454219, 4389051.489388142712414 ], [ 424850.354229784454219, 4389051.489388142712414 ], [ 424850.354229784454219, 4389052.489388142712414 ], [ 424849.354229784454219, 4389052.489388142712414 ], [ 424849.354229784454219, 4389054.489388142712414 ], [ 424848.354229784454219, 4389054.489388142712414 ], [ 424848.354229784454219, 4389055.489388142712414 ], [ 424847.354229784454219, 4389055.489388142712414 ], [ 424847.354229784454219, 4389057.489388142712414 ], [ 424846.354229784454219, 4389057.489388142712414 ], [ 424846.354229784454219, 4389058.489388142712414 ], [ 424845.354229784454219, 4389058.489388142712414 ], [ 424845.354229784454219, 4389060.489388142712414 ], [ 424844.354229784454219, 4389060.489388142712414 ], [ 424844.354229784454219, 4389072.489388142712414 ], [ 424843.354229784454219, 4389072.489388142712414 ], [ 424843.354229784454219, 4389079.489388142712414 ], [ 424842.354229784454219, 4389079.489388142712414 ], [ 424842.354229784454219, 4389083.489388142712414 ], [ 424841.354229784454219, 4389083.489388142712414 ], [ 424841.354229784454219, 4389086.489388142712414 ], [ 424840.354229784454219, 4389086.489388142712414 ], [ 424840.354229784454219, 4389088.489388142712414 ], [ 424839.354229784454219, 4389088.489388142712414 ], [ 424839.354229784454219, 4389090.489388142712414 ], [ 424838.354229784454219, 4389090.489388142712414 ], [ 424838.354229784454219, 4389092.489388142712414 ], [ 424837.354229784454219, 4389092.489388142712414 ], [ 424837.354229784454219, 4389094.489388142712414 ], [ 424836.354229784454219, 4389094.489388142712414 ], [ 424836.354229784454219, 4389095.489388142712414 ], [ 424835.354229784454219, 4389095.489388142712414 ], [ 424835.354229784454219, 4389097.489388142712414 ], [ 424834.354229784454219, 4389097.489388142712414 ], [ 424834.354229784454219, 4389099.489388142712414 ], [ 424833.354229784454219, 4389099.489388142712414 ], [ 424833.354229784454219, 4389100.489388142712414 ], [ 424832.354229784454219, 4389100.489388142712414 ], [ 424832.354229784454219, 4389102.489388142712414 ], [ 424831.354229784454219, 4389102.489388142712414 ], [ 424831.354229784454219, 4389104.489388142712414 ], [ 424830.354229784454219, 4389104.489388142712414 ], [ 424830.354229784454219, 4389105.489388142712414 ], [ 424829.354229784454219, 4389105.489388142712414 ], [ 424829.354229784454219, 4389107.489388142712414 ], [ 424828.354229784454219, 4389107.489388142712414 ], [ 424828.354229784454219, 4389108.489388142712414 ], [ 424827.354229784454219, 4389108.489388142712414 ], [ 424827.354229784454219, 4389110.489388142712414 ], [ 424826.354229784454219, 4389110.489388142712414 ], [ 424826.354229784454219, 4389112.489388142712414 ], [ 424825.354229784454219, 4389112.489388142712414 ], [ 424825.354229784454219, 4389113.489388142712414 ], [ 424824.354229784454219, 4389113.489388142712414 ], [ 424824.354229784454219, 4389115.489388142712414 ], [ 424823.354229784454219, 4389115.489388142712414 ], [ 424823.354229784454219, 4389116.489388142712414 ], [ 424822.354229784454219, 4389116.489388142712414 ], [ 424822.354229784454219, 4389117.489388142712414 ], [ 424821.354229784454219, 4389117.489388142712414 ], [ 424821.354229784454219, 4389118.489388142712414 ], [ 424820.354229784454219, 4389118.489388142712414 ], [ 424820.354229784454219, 4389119.489388142712414 ], [ 424819.354229784454219, 4389119.489388142712414 ], [ 424819.354229784454219, 4389120.489388142712414 ], [ 424818.354229784454219, 4389120.489388142712414 ], [ 424818.354229784454219, 4389121.489388142712414 ], [ 424817.354229784454219, 4389121.489388142712414 ], [ 424817.354229784454219, 4389122.489388142712414 ], [ 424816.354229784454219, 4389122.489388142712414 ], [ 424816.354229784454219, 4389123.489388142712414 ], [ 424815.354229784454219, 4389123.489388142712414 ], [ 424815.354229784454219, 4389124.489388142712414 ], [ 424814.354229784454219, 4389124.489388142712414 ], [ 424814.354229784454219, 4389125.489388142712414 ], [ 424812.354229784454219, 4389125.489388142712414 ], [ 424812.354229784454219, 4389126.489388142712414 ], [ 424811.354229784454219, 4389126.489388142712414 ], [ 424811.354229784454219, 4389127.489388142712414 ], [ 424810.354229784454219, 4389127.489388142712414 ], [ 424810.354229784454219, 4389128.489388142712414 ], [ 424809.354229784454219, 4389128.489388142712414 ], [ 424809.354229784454219, 4389129.489388142712414 ], [ 424807.354229784454219, 4389129.489388142712414 ], [ 424807.354229784454219, 4389130.489388142712414 ], [ 424806.354229784454219, 4389130.489388142712414 ], [ 424806.354229784454219, 4389131.489388142712414 ], [ 424805.354229784454219, 4389131.489388142712414 ], [ 424805.354229784454219, 4389132.489388142712414 ], [ 424804.354229784454219, 4389132.489388142712414 ], [ 424804.354229784454219, 4389133.489388142712414 ], [ 424803.354229784454219, 4389133.489388142712414 ], [ 424803.354229784454219, 4389134.489388142712414 ], [ 424802.354229784454219, 4389134.489388142712414 ], [ 424802.354229784454219, 4389135.489388142712414 ], [ 424801.354229784454219, 4389135.489388142712414 ], [ 424801.354229784454219, 4389136.489388142712414 ], [ 424800.354229784454219, 4389136.489388142712414 ], [ 424800.354229784454219, 4389138.489388142712414 ], [ 424799.354229784454219, 4389138.489388142712414 ], [ 424799.354229784454219, 4389139.489388142712414 ], [ 424798.354229784454219, 4389139.489388142712414 ], [ 424798.354229784454219, 4389140.489388142712414 ], [ 424797.354229784454219, 4389140.489388142712414 ], [ 424797.354229784454219, 4389141.489388142712414 ], [ 424796.354229784454219, 4389141.489388142712414 ], [ 424796.354229784454219, 4389142.489388142712414 ], [ 424795.354229784454219, 4389142.489388142712414 ], [ 424795.354229784454219, 4389144.489388142712414 ], [ 424794.354229784454219, 4389144.489388142712414 ], [ 424794.354229784454219, 4389145.489388142712414 ], [ 424793.354229784454219, 4389145.489388142712414 ], [ 424793.354229784454219, 4389146.489388142712414 ], [ 424791.354229784454219, 4389146.489388142712414 ], [ 424791.354229784454219, 4389147.489388142712414 ], [ 424790.354229784454219, 4389147.489388142712414 ], [ 424790.354229784454219, 4389149.489388142712414 ], [ 424788.354229784454219, 4389149.489388142712414 ], [ 424788.354229784454219, 4389150.489388142712414 ], [ 424787.354229784454219, 4389150.489388142712414 ], [ 424787.354229784454219, 4389151.489388142712414 ], [ 424785.354229784454219, 4389151.489388142712414 ], [ 424785.354229784454219, 4389152.489388142712414 ], [ 424784.354229784454219, 4389152.489388142712414 ], [ 424784.354229784454219, 4389153.489388142712414 ], [ 424782.354229784454219, 4389153.489388142712414 ], [ 424782.354229784454219, 4389154.489388142712414 ], [ 424780.354229784454219, 4389154.489388142712414 ], [ 424780.354229784454219, 4389155.489388142712414 ], [ 424779.354229784454219, 4389155.489388142712414 ], [ 424779.354229784454219, 4389156.489388142712414 ], [ 424777.354229784454219, 4389156.489388142712414 ], [ 424777.354229784454219, 4389157.489388142712414 ], [ 424775.354229784454219, 4389157.489388142712414 ], [ 424775.354229784454219, 4389158.489388142712414 ], [ 424774.354229784454219, 4389158.489388142712414 ], [ 424774.354229784454219, 4389159.489388142712414 ], [ 424773.354229784454219, 4389159.489388142712414 ], [ 424773.354229784454219, 4389160.489388142712414 ], [ 424771.354229784454219, 4389160.489388142712414 ], [ 424771.354229784454219, 4389161.489388142712414 ], [ 424769.354229784454219, 4389161.489388142712414 ], [ 424769.354229784454219, 4389162.489388142712414 ], [ 424767.354229784454219, 4389162.489388142712414 ], [ 424767.354229784454219, 4389163.489388142712414 ], [ 424765.354229784454219, 4389163.489388142712414 ], [ 424765.354229784454219, 4389164.489388142712414 ], [ 424762.354229784454219, 4389164.489388142712414 ], [ 424762.354229784454219, 4389165.489388142712414 ], [ 424757.354229784454219, 4389165.489388142712414 ], [ 424757.354229784454219, 4389167.489388142712414 ], [ 424756.354229784454219, 4389167.489388142712414 ], [ 424756.354229784454219, 4389174.489388142712414 ], [ 424757.354229784454219, 4389174.489388142712414 ], [ 424757.354229784454219, 4389175.489388142712414 ], [ 424756.354229784454219, 4389175.489388142712414 ], [ 424756.354229784454219, 4389176.489388142712414 ], [ 424757.354229784454219, 4389176.489388142712414 ], [ 424757.354229784454219, 4389177.489388142712414 ], [ 424759.354229784454219, 4389177.489388142712414 ], [ 424759.354229784454219, 4389179.489388142712414 ], [ 424760.354229784454219, 4389179.489388142712414 ], [ 424760.354229784454219, 4389181.489388142712414 ], [ 424761.354229784454219, 4389181.489388142712414 ], [ 424761.354229784454219, 4389184.489388142712414 ], [ 424762.354229784454219, 4389184.489388142712414 ], [ 424762.354229784454219, 4389189.489388142712414 ], [ 424763.354229784454219, 4389189.489388142712414 ], [ 424763.354229784454219, 4389193.489388142712414 ], [ 424762.354229784454219, 4389193.489388142712414 ], [ 424762.354229784454219, 4389195.489388142712414 ], [ 424763.354229784454219, 4389195.489388142712414 ], [ 424763.354229784454219, 4389197.489388142712414 ], [ 424764.354229784454219, 4389197.489388142712414 ], [ 424764.354229784454219, 4389199.489388142712414 ], [ 424762.354229784454219, 4389199.489388142712414 ], [ 424762.354229784454219, 4389200.489388142712414 ], [ 424761.354229784454219, 4389200.489388142712414 ], [ 424761.354229784454219, 4389205.489388142712414 ], [ 424762.354229784454219, 4389205.489388142712414 ], [ 424762.354229784454219, 4389201.489388142712414 ], [ 424763.354229784454219, 4389201.489388142712414 ], [ 424763.354229784454219, 4389202.489388142712414 ], [ 424764.354229784454219, 4389202.489388142712414 ], [ 424764.354229784454219, 4389206.489388142712414 ], [ 424763.354229784454219, 4389206.489388142712414 ], [ 424763.354229784454219, 4389207.489388142712414 ], [ 424765.354229784454219, 4389207.489388142712414 ], [ 424765.354229784454219, 4389211.489388142712414 ], [ 424766.354229784454219, 4389211.489388142712414 ], [ 424766.354229784454219, 4389212.489388142712414 ], [ 424767.354229784454219, 4389212.489388142712414 ], [ 424767.354229784454219, 4389214.489388142712414 ], [ 424769.354229784454219, 4389214.489388142712414 ], [ 424769.354229784454219, 4389215.489388142712414 ], [ 424770.354229784454219, 4389215.489388142712414 ], [ 424770.354229784454219, 4389216.489388142712414 ], [ 424771.354229784454219, 4389216.489388142712414 ], [ 424771.354229784454219, 4389217.489388142712414 ], [ 424772.354229784454219, 4389217.489388142712414 ], [ 424772.354229784454219, 4389218.489388142712414 ], [ 424773.354229784454219, 4389218.489388142712414 ], [ 424773.354229784454219, 4389219.489388142712414 ], [ 424774.354229784454219, 4389219.489388142712414 ], [ 424774.354229784454219, 4389220.489388142712414 ], [ 424775.354229784454219, 4389220.489388142712414 ], [ 424775.354229784454219, 4389221.489388142712414 ], [ 424776.354229784454219, 4389221.489388142712414 ], [ 424776.354229784454219, 4389222.489388142712414 ], [ 424777.354229784454219, 4389222.489388142712414 ], [ 424777.354229784454219, 4389223.489388142712414 ], [ 424779.354229784454219, 4389223.489388142712414 ], [ 424779.354229784454219, 4389224.489388142712414 ], [ 424780.354229784454219, 4389224.489388142712414 ], [ 424780.354229784454219, 4389225.489388142712414 ], [ 424781.354229784454219, 4389225.489388142712414 ], [ 424781.354229784454219, 4389226.489388142712414 ], [ 424782.354229784454219, 4389226.489388142712414 ], [ 424782.354229784454219, 4389227.489388142712414 ], [ 424784.354229784454219, 4389227.489388142712414 ], [ 424784.354229784454219, 4389228.489388142712414 ], [ 424785.354229784454219, 4389228.489388142712414 ], [ 424785.354229784454219, 4389229.489388142712414 ], [ 424787.354229784454219, 4389229.489388142712414 ], [ 424787.354229784454219, 4389230.489388142712414 ], [ 424788.354229784454219, 4389230.489388142712414 ], [ 424788.354229784454219, 4389231.489388142712414 ], [ 424789.354229784454219, 4389231.489388142712414 ], [ 424789.354229784454219, 4389232.489388142712414 ], [ 424791.354229784454219, 4389232.489388142712414 ], [ 424791.354229784454219, 4389233.489388142712414 ], [ 424792.354229784454219, 4389233.489388142712414 ], [ 424792.354229784454219, 4389234.489388142712414 ], [ 424794.354229784454219, 4389234.489388142712414 ], [ 424794.354229784454219, 4389235.489388142712414 ], [ 424795.354229784454219, 4389235.489388142712414 ], [ 424795.354229784454219, 4389236.489388142712414 ], [ 424796.354229784454219, 4389236.489388142712414 ], [ 424796.354229784454219, 4389237.489388142712414 ], [ 424798.354229784454219, 4389237.489388142712414 ], [ 424798.354229784454219, 4389238.489388142712414 ], [ 424799.354229784454219, 4389238.489388142712414 ], [ 424799.354229784454219, 4389239.489388142712414 ], [ 424801.354229784454219, 4389239.489388142712414 ], [ 424801.354229784454219, 4389240.489388142712414 ], [ 424802.354229784454219, 4389240.489388142712414 ], [ 424802.354229784454219, 4389241.489388142712414 ], [ 424804.354229784454219, 4389241.489388142712414 ], [ 424804.354229784454219, 4389242.489388142712414 ], [ 424806.354229784454219, 4389242.489388142712414 ], [ 424806.354229784454219, 4389243.489388142712414 ], [ 424808.354229784454219, 4389243.489388142712414 ], [ 424808.354229784454219, 4389244.489388142712414 ], [ 424810.354229784454219, 4389244.489388142712414 ], [ 424810.354229784454219, 4389245.489388142712414 ], [ 424812.354229784454219, 4389245.489388142712414 ], [ 424812.354229784454219, 4389246.489388142712414 ], [ 424814.354229784454219, 4389246.489388142712414 ], [ 424814.354229784454219, 4389247.489388142712414 ], [ 424816.354229784454219, 4389247.489388142712414 ], [ 424816.354229784454219, 4389248.489388142712414 ], [ 424818.354229784454219, 4389248.489388142712414 ], [ 424818.354229784454219, 4389249.489388142712414 ], [ 424820.354229784454219, 4389249.489388142712414 ], [ 424820.354229784454219, 4389250.489388142712414 ], [ 424822.354229784454219, 4389250.489388142712414 ], [ 424822.354229784454219, 4389251.489388142712414 ], [ 424824.354229784454219, 4389251.489388142712414 ], [ 424824.354229784454219, 4389252.489388142712414 ], [ 424826.354229784454219, 4389252.489388142712414 ], [ 424826.354229784454219, 4389253.489388142712414 ], [ 424829.354229784454219, 4389253.489388142712414 ], [ 424829.354229784454219, 4389254.489388142712414 ], [ 424831.354229784454219, 4389254.489388142712414 ], [ 424831.354229784454219, 4389255.489388142712414 ], [ 424832.354229784454219, 4389255.489388142712414 ], [ 424832.354229784454219, 4389256.489388142712414 ], [ 424833.354229784454219, 4389256.489388142712414 ], [ 424833.354229784454219, 4389257.489388142712414 ], [ 424835.354229784454219, 4389257.489388142712414 ], [ 424835.354229784454219, 4389258.489388142712414 ], [ 424837.354229784454219, 4389258.489388142712414 ], [ 424837.354229784454219, 4389259.489388142712414 ], [ 424840.354229784454219, 4389259.489388142712414 ], [ 424840.354229784454219, 4389260.489388142712414 ], [ 424843.354229784454219, 4389260.489388142712414 ], [ 424843.354229784454219, 4389261.489388142712414 ], [ 424845.354229784454219, 4389261.489388142712414 ], [ 424845.354229784454219, 4389262.489388142712414 ], [ 424846.354229784454219, 4389262.489388142712414 ], [ 424846.354229784454219, 4389263.489388142712414 ], [ 424848.354229784454219, 4389263.489388142712414 ], [ 424848.354229784454219, 4389264.489388142712414 ], [ 424849.354229784454219, 4389264.489388142712414 ], [ 424849.354229784454219, 4389265.489388142712414 ], [ 424850.354229784454219, 4389265.489388142712414 ], [ 424850.354229784454219, 4389266.489388142712414 ], [ 424851.354229784454219, 4389266.489388142712414 ], [ 424851.354229784454219, 4389267.489388142712414 ], [ 424852.354229784454219, 4389267.489388142712414 ], [ 424852.354229784454219, 4389268.489388142712414 ], [ 424853.354229784454219, 4389268.489388142712414 ], [ 424853.354229784454219, 4389269.489388142712414 ], [ 424854.354229784454219, 4389269.489388142712414 ], [ 424854.354229784454219, 4389270.489388142712414 ], [ 424856.354229784454219, 4389270.489388142712414 ], [ 424856.354229784454219, 4389271.489388142712414 ], [ 424857.354229784454219, 4389271.489388142712414 ], [ 424857.354229784454219, 4389273.489388142712414 ], [ 424858.354229784454219, 4389273.489388142712414 ], [ 424858.354229784454219, 4389274.489388142712414 ], [ 424859.354229784454219, 4389274.489388142712414 ], [ 424859.354229784454219, 4389275.489388142712414 ], [ 424861.354229784454219, 4389275.489388142712414 ], [ 424861.354229784454219, 4389276.489388142712414 ], [ 424862.354229784454219, 4389276.489388142712414 ], [ 424862.354229784454219, 4389277.489388142712414 ], [ 424863.354229784454219, 4389277.489388142712414 ], [ 424863.354229784454219, 4389278.489388142712414 ], [ 424865.354229784454219, 4389278.489388142712414 ], [ 424865.354229784454219, 4389279.489388142712414 ], [ 424866.354229784454219, 4389279.489388142712414 ], [ 424866.354229784454219, 4389280.489388142712414 ], [ 424869.354229784454219, 4389280.489388142712414 ], [ 424869.354229784454219, 4389281.489388142712414 ], [ 424871.354229784454219, 4389281.489388142712414 ], [ 424871.354229784454219, 4389282.489388142712414 ], [ 424874.354229784454219, 4389282.489388142712414 ], [ 424874.354229784454219, 4389283.489388142712414 ], [ 424876.354229784454219, 4389283.489388142712414 ], [ 424876.354229784454219, 4389284.489388142712414 ], [ 424878.354229784454219, 4389284.489388142712414 ], [ 424878.354229784454219, 4389285.489388142712414 ], [ 424880.354229784454219, 4389285.489388142712414 ], [ 424880.354229784454219, 4389286.489388142712414 ], [ 424882.354229784454219, 4389286.489388142712414 ], [ 424882.354229784454219, 4389287.489388142712414 ], [ 424883.354229784454219, 4389287.489388142712414 ], [ 424883.354229784454219, 4389288.489388142712414 ], [ 424885.354229784454219, 4389288.489388142712414 ], [ 424885.354229784454219, 4389289.489388142712414 ], [ 424887.354229784454219, 4389289.489388142712414 ], [ 424887.354229784454219, 4389290.489388142712414 ], [ 424888.354229784454219, 4389290.489388142712414 ], [ 424888.354229784454219, 4389291.489388142712414 ], [ 424890.354229784454219, 4389291.489388142712414 ], [ 424890.354229784454219, 4389293.489388142712414 ], [ 424891.354229784454219, 4389293.489388142712414 ], [ 424891.354229784454219, 4389300.489388142712414 ], [ 424892.354229784454219, 4389300.489388142712414 ], [ 424892.354229784454219, 4389301.489388142712414 ], [ 424893.354229784454219, 4389301.489388142712414 ], [ 424893.354229784454219, 4389302.489388142712414 ], [ 424894.354229784454219, 4389302.489388142712414 ], [ 424894.354229784454219, 4389303.489388142712414 ], [ 424897.354229784454219, 4389303.489388142712414 ], [ 424897.354229784454219, 4389305.489388142712414 ], [ 424899.354229784454219, 4389305.489388142712414 ], [ 424899.354229784454219, 4389306.489388142712414 ], [ 424900.354229784454219, 4389306.489388142712414 ], [ 424900.354229784454219, 4389307.489388142712414 ], [ 424902.354229784454219, 4389307.489388142712414 ], [ 424902.354229784454219, 4389309.489388142712414 ], [ 424903.354229784454219, 4389309.489388142712414 ], [ 424903.354229784454219, 4389310.489388142712414 ], [ 424904.354229784454219, 4389310.489388142712414 ], [ 424904.354229784454219, 4389311.489388142712414 ], [ 424906.354229784454219, 4389311.489388142712414 ], [ 424906.354229784454219, 4389312.489388142712414 ], [ 424907.354229784454219, 4389312.489388142712414 ], [ 424907.354229784454219, 4389313.489388142712414 ], [ 424908.354229784454219, 4389313.489388142712414 ], [ 424908.354229784454219, 4389316.489388142712414 ], [ 424907.354229784454219, 4389316.489388142712414 ], [ 424907.354229784454219, 4389317.489388142712414 ], [ 424904.354229784454219, 4389317.489388142712414 ] ], [ [ 424853.354229784454219, 4389280.489388142712414 ], [ 424854.354229784454219, 4389280.489388142712414 ], [ 424854.354229784454219, 4389278.489388142712414 ], [ 424853.354229784454219, 4389278.489388142712414 ], [ 424853.354229784454219, 4389276.489388142712414 ], [ 424852.354229784454219, 4389276.489388142712414 ], [ 424852.354229784454219, 4389274.489388142712414 ], [ 424851.354229784454219, 4389274.489388142712414 ], [ 424851.354229784454219, 4389275.489388142712414 ], [ 424850.354229784454219, 4389275.489388142712414 ], [ 424850.354229784454219, 4389273.489388142712414 ], [ 424849.354229784454219, 4389273.489388142712414 ], [ 424849.354229784454219, 4389274.489388142712414 ], [ 424847.354229784454219, 4389274.489388142712414 ], [ 424847.354229784454219, 4389275.489388142712414 ], [ 424848.354229784454219, 4389275.489388142712414 ], [ 424848.354229784454219, 4389276.489388142712414 ], [ 424849.354229784454219, 4389276.489388142712414 ], [ 424849.354229784454219, 4389277.489388142712414 ], [ 424850.354229784454219, 4389277.489388142712414 ], [ 424850.354229784454219, 4389278.489388142712414 ], [ 424851.354229784454219, 4389278.489388142712414 ], [ 424851.354229784454219, 4389279.489388142712414 ], [ 424853.354229784454219, 4389279.489388142712414 ], [ 424853.354229784454219, 4389280.489388142712414 ] ], [ [ 424845.354229784454219, 4389274.489388142712414 ], [ 424847.354229784454219, 4389274.489388142712414 ], [ 424847.354229784454219, 4389273.489388142712414 ], [ 424845.354229784454219, 4389273.489388142712414 ], [ 424845.354229784454219, 4389274.489388142712414 ] ], [ [ 424843.354229784454219, 4389273.489388142712414 ], [ 424845.354229784454219, 4389273.489388142712414 ], [ 424845.354229784454219, 4389272.489388142712414 ], [ 424843.354229784454219, 4389272.489388142712414 ], [ 424843.354229784454219, 4389273.489388142712414 ] ], [ [ 424841.354229784454219, 4389272.489388142712414 ], [ 424842.354229784454219, 4389272.489388142712414 ], [ 424842.354229784454219, 4389271.489388142712414 ], [ 424841.354229784454219, 4389271.489388142712414 ], [ 424841.354229784454219, 4389272.489388142712414 ] ], [ [ 424796.354229784454219, 4389248.489388142712414 ], [ 424797.354229784454219, 4389248.489388142712414 ], [ 424797.354229784454219, 4389247.489388142712414 ], [ 424796.354229784454219, 4389247.489388142712414 ], [ 424796.354229784454219, 4389248.489388142712414 ] ], [ [ 424800.354229784454219, 4389248.489388142712414 ], [ 424801.354229784454219, 4389248.489388142712414 ], [ 424801.354229784454219, 4389247.489388142712414 ], [ 424800.354229784454219, 4389247.489388142712414 ], [ 424800.354229784454219, 4389248.489388142712414 ] ], [ [ 424793.354229784454219, 4389247.489388142712414 ], [ 424794.354229784454219, 4389247.489388142712414 ], [ 424794.354229784454219, 4389246.489388142712414 ], [ 424793.354229784454219, 4389246.489388142712414 ], [ 424793.354229784454219, 4389247.489388142712414 ] ], [ [ 424797.354229784454219, 4389247.489388142712414 ], [ 424798.354229784454219, 4389247.489388142712414 ], [ 424798.354229784454219, 4389246.489388142712414 ], [ 424797.354229784454219, 4389246.489388142712414 ], [ 424797.354229784454219, 4389247.489388142712414 ] ], [ [ 424795.354229784454219, 4389246.489388142712414 ], [ 424796.354229784454219, 4389246.489388142712414 ], [ 424796.354229784454219, 4389245.489388142712414 ], [ 424795.354229784454219, 4389245.489388142712414 ], [ 424795.354229784454219, 4389246.489388142712414 ] ], [ [ 424798.354229784454219, 4389246.489388142712414 ], [ 424799.354229784454219, 4389246.489388142712414 ], [ 424799.354229784454219, 4389245.489388142712414 ], [ 424798.354229784454219, 4389245.489388142712414 ], [ 424798.354229784454219, 4389246.489388142712414 ] ], [ [ 424762.354229784454219, 4389209.489388142712414 ], [ 424763.354229784454219, 4389209.489388142712414 ], [ 424763.354229784454219, 4389207.489388142712414 ], [ 424762.354229784454219, 4389207.489388142712414 ], [ 424762.354229784454219, 4389209.489388142712414 ] ], [ [ 424758.354229784454219, 4389204.489388142712414 ], [ 424759.354229784454219, 4389204.489388142712414 ], [ 424759.354229784454219, 4389203.489388142712414 ], [ 424758.354229784454219, 4389203.489388142712414 ], [ 424758.354229784454219, 4389204.489388142712414 ] ], [ [ 424760.354229784454219, 4389197.489388142712414 ], [ 424761.354229784454219, 4389197.489388142712414 ], [ 424761.354229784454219, 4389193.489388142712414 ], [ 424760.354229784454219, 4389193.489388142712414 ], [ 424760.354229784454219, 4389197.489388142712414 ] ], [ [ 424761.354229784454219, 4389193.489388142712414 ], [ 424762.354229784454219, 4389193.489388142712414 ], [ 424762.354229784454219, 4389191.489388142712414 ], [ 424761.354229784454219, 4389191.489388142712414 ], [ 424761.354229784454219, 4389193.489388142712414 ] ], [ [ 424759.354229784454219, 4389186.489388142712414 ], [ 424760.354229784454219, 4389186.489388142712414 ], [ 424760.354229784454219, 4389185.489388142712414 ], [ 424759.354229784454219, 4389185.489388142712414 ], [ 424759.354229784454219, 4389186.489388142712414 ] ], [ [ 424764.354229784454219, 4389159.489388142712414 ], [ 424765.354229784454219, 4389159.489388142712414 ], [ 424765.354229784454219, 4389158.489388142712414 ], [ 424764.354229784454219, 4389158.489388142712414 ], [ 424764.354229784454219, 4389159.489388142712414 ] ], [ [ 424766.354229784454219, 4389158.489388142712414 ], [ 424767.354229784454219, 4389158.489388142712414 ], [ 424767.354229784454219, 4389157.489388142712414 ], [ 424766.354229784454219, 4389157.489388142712414 ], [ 424766.354229784454219, 4389158.489388142712414 ] ], [ [ 424768.354229784454219, 4389157.489388142712414 ], [ 424769.354229784454219, 4389157.489388142712414 ], [ 424769.354229784454219, 4389156.489388142712414 ], [ 424768.354229784454219, 4389156.489388142712414 ], [ 424768.354229784454219, 4389157.489388142712414 ] ], [ [ 424770.354229784454219, 4389156.489388142712414 ], [ 424771.354229784454219, 4389156.489388142712414 ], [ 424771.354229784454219, 4389155.489388142712414 ], [ 424770.354229784454219, 4389155.489388142712414 ], [ 424770.354229784454219, 4389156.489388142712414 ] ], [ [ 424763.354229784454219, 4389154.489388142712414 ], [ 424764.354229784454219, 4389154.489388142712414 ], [ 424764.354229784454219, 4389153.489388142712414 ], [ 424763.354229784454219, 4389153.489388142712414 ], [ 424763.354229784454219, 4389154.489388142712414 ] ], [ [ 424765.354229784454219, 4389154.489388142712414 ], [ 424766.354229784454219, 4389154.489388142712414 ], [ 424766.354229784454219, 4389153.489388142712414 ], [ 424765.354229784454219, 4389153.489388142712414 ], [ 424765.354229784454219, 4389154.489388142712414 ] ], [ [ 424774.354229784454219, 4389154.489388142712414 ], [ 424775.354229784454219, 4389154.489388142712414 ], [ 424775.354229784454219, 4389153.489388142712414 ], [ 424774.354229784454219, 4389153.489388142712414 ], [ 424774.354229784454219, 4389154.489388142712414 ] ], [ [ 424764.354229784454219, 4389153.489388142712414 ], [ 424765.354229784454219, 4389153.489388142712414 ], [ 424765.354229784454219, 4389152.489388142712414 ], [ 424764.354229784454219, 4389152.489388142712414 ], [ 424764.354229784454219, 4389153.489388142712414 ] ], [ [ 424766.354229784454219, 4389153.489388142712414 ], [ 424768.354229784454219, 4389153.489388142712414 ], [ 424768.354229784454219, 4389152.489388142712414 ], [ 424769.354229784454219, 4389152.489388142712414 ], [ 424769.354229784454219, 4389151.489388142712414 ], [ 424770.354229784454219, 4389151.489388142712414 ], [ 424770.354229784454219, 4389152.489388142712414 ], [ 424771.354229784454219, 4389152.489388142712414 ], [ 424771.354229784454219, 4389150.489388142712414 ], [ 424772.354229784454219, 4389150.489388142712414 ], [ 424772.354229784454219, 4389151.489388142712414 ], [ 424773.354229784454219, 4389151.489388142712414 ], [ 424773.354229784454219, 4389149.489388142712414 ], [ 424774.354229784454219, 4389149.489388142712414 ], [ 424774.354229784454219, 4389150.489388142712414 ], [ 424775.354229784454219, 4389150.489388142712414 ], [ 424775.354229784454219, 4389148.489388142712414 ], [ 424776.354229784454219, 4389148.489388142712414 ], [ 424776.354229784454219, 4389149.489388142712414 ], [ 424777.354229784454219, 4389149.489388142712414 ], [ 424777.354229784454219, 4389147.489388142712414 ], [ 424778.354229784454219, 4389147.489388142712414 ], [ 424778.354229784454219, 4389148.489388142712414 ], [ 424779.354229784454219, 4389148.489388142712414 ], [ 424779.354229784454219, 4389147.489388142712414 ], [ 424780.354229784454219, 4389147.489388142712414 ], [ 424780.354229784454219, 4389146.489388142712414 ], [ 424781.354229784454219, 4389146.489388142712414 ], [ 424781.354229784454219, 4389145.489388142712414 ], [ 424783.354229784454219, 4389145.489388142712414 ], [ 424783.354229784454219, 4389144.489388142712414 ], [ 424785.354229784454219, 4389144.489388142712414 ], [ 424785.354229784454219, 4389143.489388142712414 ], [ 424787.354229784454219, 4389143.489388142712414 ], [ 424787.354229784454219, 4389142.489388142712414 ], [ 424788.354229784454219, 4389142.489388142712414 ], [ 424788.354229784454219, 4389141.489388142712414 ], [ 424790.354229784454219, 4389141.489388142712414 ], [ 424790.354229784454219, 4389140.489388142712414 ], [ 424792.354229784454219, 4389140.489388142712414 ], [ 424792.354229784454219, 4389139.489388142712414 ], [ 424793.354229784454219, 4389139.489388142712414 ], [ 424793.354229784454219, 4389138.489388142712414 ], [ 424794.354229784454219, 4389138.489388142712414 ], [ 424794.354229784454219, 4389137.489388142712414 ], [ 424795.354229784454219, 4389137.489388142712414 ], [ 424795.354229784454219, 4389136.489388142712414 ], [ 424797.354229784454219, 4389136.489388142712414 ], [ 424797.354229784454219, 4389135.489388142712414 ], [ 424798.354229784454219, 4389135.489388142712414 ], [ 424798.354229784454219, 4389134.489388142712414 ], [ 424799.354229784454219, 4389134.489388142712414 ], [ 424799.354229784454219, 4389133.489388142712414 ], [ 424800.354229784454219, 4389133.489388142712414 ], [ 424800.354229784454219, 4389131.489388142712414 ], [ 424801.354229784454219, 4389131.489388142712414 ], [ 424801.354229784454219, 4389130.489388142712414 ], [ 424803.354229784454219, 4389130.489388142712414 ], [ 424803.354229784454219, 4389129.489388142712414 ], [ 424804.354229784454219, 4389129.489388142712414 ], [ 424804.354229784454219, 4389128.489388142712414 ], [ 424805.354229784454219, 4389128.489388142712414 ], [ 424805.354229784454219, 4389127.489388142712414 ], [ 424807.354229784454219, 4389127.489388142712414 ], [ 424807.354229784454219, 4389126.489388142712414 ], [ 424808.354229784454219, 4389126.489388142712414 ], [ 424808.354229784454219, 4389125.489388142712414 ], [ 424809.354229784454219, 4389125.489388142712414 ], [ 424809.354229784454219, 4389124.489388142712414 ], [ 424810.354229784454219, 4389124.489388142712414 ], [ 424810.354229784454219, 4389123.489388142712414 ], [ 424812.354229784454219, 4389123.489388142712414 ], [ 424812.354229784454219, 4389122.489388142712414 ], [ 424813.354229784454219, 4389122.489388142712414 ], [ 424813.354229784454219, 4389121.489388142712414 ], [ 424814.354229784454219, 4389121.489388142712414 ], [ 424814.354229784454219, 4389120.489388142712414 ], [ 424815.354229784454219, 4389120.489388142712414 ], [ 424815.354229784454219, 4389119.489388142712414 ], [ 424816.354229784454219, 4389119.489388142712414 ], [ 424816.354229784454219, 4389118.489388142712414 ], [ 424818.354229784454219, 4389118.489388142712414 ], [ 424818.354229784454219, 4389117.489388142712414 ], [ 424819.354229784454219, 4389117.489388142712414 ], [ 424819.354229784454219, 4389116.489388142712414 ], [ 424820.354229784454219, 4389116.489388142712414 ], [ 424820.354229784454219, 4389115.489388142712414 ], [ 424821.354229784454219, 4389115.489388142712414 ], [ 424821.354229784454219, 4389113.489388142712414 ], [ 424822.354229784454219, 4389113.489388142712414 ], [ 424822.354229784454219, 4389112.489388142712414 ], [ 424823.354229784454219, 4389112.489388142712414 ], [ 424823.354229784454219, 4389110.489388142712414 ], [ 424824.354229784454219, 4389110.489388142712414 ], [ 424824.354229784454219, 4389109.489388142712414 ], [ 424825.354229784454219, 4389109.489388142712414 ], [ 424825.354229784454219, 4389107.489388142712414 ], [ 424826.354229784454219, 4389107.489388142712414 ], [ 424826.354229784454219, 4389105.489388142712414 ], [ 424827.354229784454219, 4389105.489388142712414 ], [ 424827.354229784454219, 4389104.489388142712414 ], [ 424828.354229784454219, 4389104.489388142712414 ], [ 424828.354229784454219, 4389102.489388142712414 ], [ 424829.354229784454219, 4389102.489388142712414 ], [ 424829.354229784454219, 4389101.489388142712414 ], [ 424830.354229784454219, 4389101.489388142712414 ], [ 424830.354229784454219, 4389099.489388142712414 ], [ 424831.354229784454219, 4389099.489388142712414 ], [ 424831.354229784454219, 4389097.489388142712414 ], [ 424832.354229784454219, 4389097.489388142712414 ], [ 424832.354229784454219, 4389096.489388142712414 ], [ 424833.354229784454219, 4389096.489388142712414 ], [ 424833.354229784454219, 4389094.489388142712414 ], [ 424834.354229784454219, 4389094.489388142712414 ], [ 424834.354229784454219, 4389092.489388142712414 ], [ 424835.354229784454219, 4389092.489388142712414 ], [ 424835.354229784454219, 4389090.489388142712414 ], [ 424836.354229784454219, 4389090.489388142712414 ], [ 424836.354229784454219, 4389089.489388142712414 ], [ 424837.354229784454219, 4389089.489388142712414 ], [ 424837.354229784454219, 4389087.489388142712414 ], [ 424838.354229784454219, 4389087.489388142712414 ], [ 424838.354229784454219, 4389084.489388142712414 ], [ 424839.354229784454219, 4389084.489388142712414 ], [ 424839.354229784454219, 4389081.489388142712414 ], [ 424840.354229784454219, 4389081.489388142712414 ], [ 424840.354229784454219, 4389076.489388142712414 ], [ 424841.354229784454219, 4389076.489388142712414 ], [ 424841.354229784454219, 4389068.489388142712414 ], [ 424842.354229784454219, 4389068.489388142712414 ], [ 424842.354229784454219, 4389064.489388142712414 ], [ 424841.354229784454219, 4389064.489388142712414 ], [ 424841.354229784454219, 4389065.489388142712414 ], [ 424840.354229784454219, 4389065.489388142712414 ], [ 424840.354229784454219, 4389067.489388142712414 ], [ 424839.354229784454219, 4389067.489388142712414 ], [ 424839.354229784454219, 4389068.489388142712414 ], [ 424838.354229784454219, 4389068.489388142712414 ], [ 424838.354229784454219, 4389069.489388142712414 ], [ 424837.354229784454219, 4389069.489388142712414 ], [ 424837.354229784454219, 4389070.489388142712414 ], [ 424836.354229784454219, 4389070.489388142712414 ], [ 424836.354229784454219, 4389071.489388142712414 ], [ 424835.354229784454219, 4389071.489388142712414 ], [ 424835.354229784454219, 4389072.489388142712414 ], [ 424834.354229784454219, 4389072.489388142712414 ], [ 424834.354229784454219, 4389073.489388142712414 ], [ 424833.354229784454219, 4389073.489388142712414 ], [ 424833.354229784454219, 4389074.489388142712414 ], [ 424832.354229784454219, 4389074.489388142712414 ], [ 424832.354229784454219, 4389075.489388142712414 ], [ 424830.354229784454219, 4389075.489388142712414 ], [ 424830.354229784454219, 4389076.489388142712414 ], [ 424829.354229784454219, 4389076.489388142712414 ], [ 424829.354229784454219, 4389077.489388142712414 ], [ 424827.354229784454219, 4389077.489388142712414 ], [ 424827.354229784454219, 4389078.489388142712414 ], [ 424826.354229784454219, 4389078.489388142712414 ], [ 424826.354229784454219, 4389079.489388142712414 ], [ 424825.354229784454219, 4389079.489388142712414 ], [ 424825.354229784454219, 4389080.489388142712414 ], [ 424823.354229784454219, 4389080.489388142712414 ], [ 424823.354229784454219, 4389081.489388142712414 ], [ 424822.354229784454219, 4389081.489388142712414 ], [ 424822.354229784454219, 4389082.489388142712414 ], [ 424820.354229784454219, 4389082.489388142712414 ], [ 424820.354229784454219, 4389083.489388142712414 ], [ 424818.354229784454219, 4389083.489388142712414 ], [ 424818.354229784454219, 4389084.489388142712414 ], [ 424816.354229784454219, 4389084.489388142712414 ], [ 424816.354229784454219, 4389085.489388142712414 ], [ 424815.354229784454219, 4389085.489388142712414 ], [ 424815.354229784454219, 4389086.489388142712414 ], [ 424814.354229784454219, 4389086.489388142712414 ], [ 424814.354229784454219, 4389087.489388142712414 ], [ 424813.354229784454219, 4389087.489388142712414 ], [ 424813.354229784454219, 4389089.489388142712414 ], [ 424811.354229784454219, 4389089.489388142712414 ], [ 424811.354229784454219, 4389090.489388142712414 ], [ 424812.354229784454219, 4389090.489388142712414 ], [ 424812.354229784454219, 4389091.489388142712414 ], [ 424810.354229784454219, 4389091.489388142712414 ], [ 424810.354229784454219, 4389092.489388142712414 ], [ 424811.354229784454219, 4389092.489388142712414 ], [ 424811.354229784454219, 4389093.489388142712414 ], [ 424809.354229784454219, 4389093.489388142712414 ], [ 424809.354229784454219, 4389095.489388142712414 ], [ 424808.354229784454219, 4389095.489388142712414 ], [ 424808.354229784454219, 4389096.489388142712414 ], [ 424807.354229784454219, 4389096.489388142712414 ], [ 424807.354229784454219, 4389098.489388142712414 ], [ 424806.354229784454219, 4389098.489388142712414 ], [ 424806.354229784454219, 4389101.489388142712414 ], [ 424805.354229784454219, 4389101.489388142712414 ], [ 424805.354229784454219, 4389104.489388142712414 ], [ 424804.354229784454219, 4389104.489388142712414 ], [ 424804.354229784454219, 4389105.489388142712414 ], [ 424803.354229784454219, 4389105.489388142712414 ], [ 424803.354229784454219, 4389104.489388142712414 ], [ 424802.354229784454219, 4389104.489388142712414 ], [ 424802.354229784454219, 4389106.489388142712414 ], [ 424801.354229784454219, 4389106.489388142712414 ], [ 424801.354229784454219, 4389110.489388142712414 ], [ 424800.354229784454219, 4389110.489388142712414 ], [ 424800.354229784454219, 4389113.489388142712414 ], [ 424799.354229784454219, 4389113.489388142712414 ], [ 424799.354229784454219, 4389116.489388142712414 ], [ 424798.354229784454219, 4389116.489388142712414 ], [ 424798.354229784454219, 4389118.489388142712414 ], [ 424797.354229784454219, 4389118.489388142712414 ], [ 424797.354229784454219, 4389121.489388142712414 ], [ 424796.354229784454219, 4389121.489388142712414 ], [ 424796.354229784454219, 4389123.489388142712414 ], [ 424795.354229784454219, 4389123.489388142712414 ], [ 424795.354229784454219, 4389124.489388142712414 ], [ 424794.354229784454219, 4389124.489388142712414 ], [ 424794.354229784454219, 4389126.489388142712414 ], [ 424793.354229784454219, 4389126.489388142712414 ], [ 424793.354229784454219, 4389127.489388142712414 ], [ 424792.354229784454219, 4389127.489388142712414 ], [ 424792.354229784454219, 4389128.489388142712414 ], [ 424791.354229784454219, 4389128.489388142712414 ], [ 424791.354229784454219, 4389129.489388142712414 ], [ 424790.354229784454219, 4389129.489388142712414 ], [ 424790.354229784454219, 4389130.489388142712414 ], [ 424789.354229784454219, 4389130.489388142712414 ], [ 424789.354229784454219, 4389131.489388142712414 ], [ 424787.354229784454219, 4389131.489388142712414 ], [ 424787.354229784454219, 4389132.489388142712414 ], [ 424786.354229784454219, 4389132.489388142712414 ], [ 424786.354229784454219, 4389133.489388142712414 ], [ 424784.354229784454219, 4389133.489388142712414 ], [ 424784.354229784454219, 4389134.489388142712414 ], [ 424783.354229784454219, 4389134.489388142712414 ], [ 424783.354229784454219, 4389135.489388142712414 ], [ 424781.354229784454219, 4389135.489388142712414 ], [ 424781.354229784454219, 4389136.489388142712414 ], [ 424779.354229784454219, 4389136.489388142712414 ], [ 424779.354229784454219, 4389137.489388142712414 ], [ 424778.354229784454219, 4389137.489388142712414 ], [ 424778.354229784454219, 4389138.489388142712414 ], [ 424777.354229784454219, 4389138.489388142712414 ], [ 424777.354229784454219, 4389139.489388142712414 ], [ 424775.354229784454219, 4389139.489388142712414 ], [ 424775.354229784454219, 4389140.489388142712414 ], [ 424774.354229784454219, 4389140.489388142712414 ], [ 424774.354229784454219, 4389141.489388142712414 ], [ 424773.354229784454219, 4389141.489388142712414 ], [ 424773.354229784454219, 4389142.489388142712414 ], [ 424771.354229784454219, 4389142.489388142712414 ], [ 424771.354229784454219, 4389143.489388142712414 ], [ 424770.354229784454219, 4389143.489388142712414 ], [ 424770.354229784454219, 4389144.489388142712414 ], [ 424769.354229784454219, 4389144.489388142712414 ], [ 424769.354229784454219, 4389145.489388142712414 ], [ 424768.354229784454219, 4389145.489388142712414 ], [ 424768.354229784454219, 4389146.489388142712414 ], [ 424767.354229784454219, 4389146.489388142712414 ], [ 424767.354229784454219, 4389148.489388142712414 ], [ 424768.354229784454219, 4389148.489388142712414 ], [ 424768.354229784454219, 4389147.489388142712414 ], [ 424769.354229784454219, 4389147.489388142712414 ], [ 424769.354229784454219, 4389146.489388142712414 ], [ 424771.354229784454219, 4389146.489388142712414 ], [ 424771.354229784454219, 4389148.489388142712414 ], [ 424769.354229784454219, 4389148.489388142712414 ], [ 424769.354229784454219, 4389149.489388142712414 ], [ 424768.354229784454219, 4389149.489388142712414 ], [ 424768.354229784454219, 4389150.489388142712414 ], [ 424767.354229784454219, 4389150.489388142712414 ], [ 424767.354229784454219, 4389151.489388142712414 ], [ 424766.354229784454219, 4389151.489388142712414 ], [ 424766.354229784454219, 4389153.489388142712414 ] ], [ [ 424764.354229784454219, 4389151.489388142712414 ], [ 424765.354229784454219, 4389151.489388142712414 ], [ 424765.354229784454219, 4389150.489388142712414 ], [ 424764.354229784454219, 4389150.489388142712414 ], [ 424764.354229784454219, 4389151.489388142712414 ] ], [ [ 424775.354229784454219, 4389151.489388142712414 ], [ 424776.354229784454219, 4389151.489388142712414 ], [ 424776.354229784454219, 4389150.489388142712414 ], [ 424775.354229784454219, 4389150.489388142712414 ], [ 424775.354229784454219, 4389151.489388142712414 ] ], [ [ 424765.354229784454219, 4389150.489388142712414 ], [ 424766.354229784454219, 4389150.489388142712414 ], [ 424766.354229784454219, 4389149.489388142712414 ], [ 424765.354229784454219, 4389149.489388142712414 ], [ 424765.354229784454219, 4389150.489388142712414 ] ], [ [ 424777.354229784454219, 4389150.489388142712414 ], [ 424778.354229784454219, 4389150.489388142712414 ], [ 424778.354229784454219, 4389149.489388142712414 ], [ 424777.354229784454219, 4389149.489388142712414 ], [ 424777.354229784454219, 4389150.489388142712414 ] ], [ [ 424766.354229784454219, 4389149.489388142712414 ], [ 424767.354229784454219, 4389149.489388142712414 ], [ 424767.354229784454219, 4389148.489388142712414 ], [ 424766.354229784454219, 4389148.489388142712414 ], [ 424766.354229784454219, 4389149.489388142712414 ] ], [ [ 424837.354229784454219, 4388983.489388142712414 ], [ 424838.354229784454219, 4388983.489388142712414 ], [ 424838.354229784454219, 4388982.489388142712414 ], [ 424839.354229784454219, 4388982.489388142712414 ], [ 424839.354229784454219, 4388980.489388142712414 ], [ 424840.354229784454219, 4388980.489388142712414 ], [ 424840.354229784454219, 4388981.489388142712414 ], [ 424844.354229784454219, 4388981.489388142712414 ], [ 424844.354229784454219, 4388980.489388142712414 ], [ 424843.354229784454219, 4388980.489388142712414 ], [ 424843.354229784454219, 4388979.489388142712414 ], [ 424845.354229784454219, 4388979.489388142712414 ], [ 424845.354229784454219, 4388978.489388142712414 ], [ 424846.354229784454219, 4388978.489388142712414 ], [ 424846.354229784454219, 4388976.489388142712414 ], [ 424847.354229784454219, 4388976.489388142712414 ], [ 424847.354229784454219, 4388972.489388142712414 ], [ 424848.354229784454219, 4388972.489388142712414 ], [ 424848.354229784454219, 4388969.489388142712414 ], [ 424849.354229784454219, 4388969.489388142712414 ], [ 424849.354229784454219, 4388967.489388142712414 ], [ 424850.354229784454219, 4388967.489388142712414 ], [ 424850.354229784454219, 4388964.489388142712414 ], [ 424851.354229784454219, 4388964.489388142712414 ], [ 424851.354229784454219, 4388962.489388142712414 ], [ 424852.354229784454219, 4388962.489388142712414 ], [ 424852.354229784454219, 4388959.489388142712414 ], [ 424853.354229784454219, 4388959.489388142712414 ], [ 424853.354229784454219, 4388957.489388142712414 ], [ 424854.354229784454219, 4388957.489388142712414 ], [ 424854.354229784454219, 4388953.489388142712414 ], [ 424855.354229784454219, 4388953.489388142712414 ], [ 424855.354229784454219, 4388948.489388142712414 ], [ 424856.354229784454219, 4388948.489388142712414 ], [ 424856.354229784454219, 4388943.489388142712414 ], [ 424857.354229784454219, 4388943.489388142712414 ], [ 424857.354229784454219, 4388923.489388142712414 ], [ 424856.354229784454219, 4388923.489388142712414 ], [ 424856.354229784454219, 4388918.489388142712414 ], [ 424855.354229784454219, 4388918.489388142712414 ], [ 424855.354229784454219, 4388914.489388142712414 ], [ 424854.354229784454219, 4388914.489388142712414 ], [ 424854.354229784454219, 4388911.489388142712414 ], [ 424853.354229784454219, 4388911.489388142712414 ], [ 424853.354229784454219, 4388908.489388142712414 ], [ 424852.354229784454219, 4388908.489388142712414 ], [ 424852.354229784454219, 4388905.489388142712414 ], [ 424851.354229784454219, 4388905.489388142712414 ], [ 424851.354229784454219, 4388901.489388142712414 ], [ 424850.354229784454219, 4388901.489388142712414 ], [ 424850.354229784454219, 4388898.489388142712414 ], [ 424849.354229784454219, 4388898.489388142712414 ], [ 424849.354229784454219, 4388895.489388142712414 ], [ 424848.354229784454219, 4388895.489388142712414 ], [ 424848.354229784454219, 4388891.489388142712414 ], [ 424847.354229784454219, 4388891.489388142712414 ], [ 424847.354229784454219, 4388886.489388142712414 ], [ 424846.354229784454219, 4388886.489388142712414 ], [ 424846.354229784454219, 4388877.489388142712414 ], [ 424845.354229784454219, 4388877.489388142712414 ], [ 424845.354229784454219, 4388866.489388142712414 ], [ 424844.354229784454219, 4388866.489388142712414 ], [ 424844.354229784454219, 4388869.489388142712414 ], [ 424843.354229784454219, 4388869.489388142712414 ], [ 424843.354229784454219, 4388871.489388142712414 ], [ 424842.354229784454219, 4388871.489388142712414 ], [ 424842.354229784454219, 4388874.489388142712414 ], [ 424841.354229784454219, 4388874.489388142712414 ], [ 424841.354229784454219, 4388876.489388142712414 ], [ 424840.354229784454219, 4388876.489388142712414 ], [ 424840.354229784454219, 4388879.489388142712414 ], [ 424839.354229784454219, 4388879.489388142712414 ], [ 424839.354229784454219, 4388887.489388142712414 ], [ 424838.354229784454219, 4388887.489388142712414 ], [ 424838.354229784454219, 4388900.489388142712414 ], [ 424837.354229784454219, 4388900.489388142712414 ], [ 424837.354229784454219, 4388937.489388142712414 ], [ 424838.354229784454219, 4388937.489388142712414 ], [ 424838.354229784454219, 4388949.489388142712414 ], [ 424837.354229784454219, 4388949.489388142712414 ], [ 424837.354229784454219, 4388960.489388142712414 ], [ 424836.354229784454219, 4388960.489388142712414 ], [ 424836.354229784454219, 4388962.489388142712414 ], [ 424837.354229784454219, 4388962.489388142712414 ], [ 424837.354229784454219, 4388967.489388142712414 ], [ 424836.354229784454219, 4388967.489388142712414 ], [ 424836.354229784454219, 4388970.489388142712414 ], [ 424837.354229784454219, 4388970.489388142712414 ], [ 424837.354229784454219, 4388972.489388142712414 ], [ 424836.354229784454219, 4388972.489388142712414 ], [ 424836.354229784454219, 4388973.489388142712414 ], [ 424835.354229784454219, 4388973.489388142712414 ], [ 424835.354229784454219, 4388975.489388142712414 ], [ 424836.354229784454219, 4388975.489388142712414 ], [ 424836.354229784454219, 4388977.489388142712414 ], [ 424835.354229784454219, 4388977.489388142712414 ], [ 424835.354229784454219, 4388979.489388142712414 ], [ 424836.354229784454219, 4388979.489388142712414 ], [ 424836.354229784454219, 4388981.489388142712414 ], [ 424837.354229784454219, 4388981.489388142712414 ], [ 424837.354229784454219, 4388983.489388142712414 ] ], [ [ 425009.354229784454219, 4388403.489388142712414 ], [ 425010.354229784454219, 4388403.489388142712414 ], [ 425010.354229784454219, 4388402.489388142712414 ], [ 425009.354229784454219, 4388402.489388142712414 ], [ 425009.354229784454219, 4388403.489388142712414 ] ] ] } },
{ "type": "Feature", "properties": { "level": 0.75 }, "geometry": { "type": "Polygon", "coordinates": [ [ [ 424814.354229784454219, 4389251.489388142712414 ], [ 424814.354229784454219, 4389250.489388142712414 ], [ 424813.354229784454219, 4389250.489388142712414 ], [ 424813.354229784454219, 4389249.489388142712414 ], [ 424815.354229784454219, 4389249.489388142712414 ], [ 424815.354229784454219, 4389250.489388142712414 ], [ 424816.354229784454219, 4389250.489388142712414 ], [ 424816.354229784454219, 4389251.489388142712414 ], [ 424814.354229784454219, 4389251.489388142712414 ] ] ] } },
{ "type": "Feature", "properties": { "level": 0.75 }, "geometry": { "type": "Polygon", "coordinates": [ [ [ 424811.354229784454219, 4389249.489388142712414 ], [ 424811.354229784454219, 4389248.489388142712414 ], [ 424813.354229784454219, 4389248.489388142712414 ], [ 424813.354229784454219, 4389249.489388142712414 ], [ 424811.354229784454219, 4389249.489388142712414 ] ] ] } },
{ "type": "Feature", "properties": { "level": 0.75 }, "geometry": { "type": "Polygon", "coordinates": [ [ [ 424809.354229784454219, 4389248.489388142712414 ], [ 424809.354229784454219, 4389247.489388142712414 ], [ 424807.354229784454219, 4389247.489388142712414 ], [ 424807.354229784454219, 4389246.489388142712414 ], [ 424805.354229784454219, 4389246.489388142712414 ], [ 424805.354229784454219, 4389245.489388142712414 ], [ 424804.354229784454219, 4389245.489388142712414 ], [ 424804.354229784454219, 4389244.489388142712414 ], [ 424806.354229784454219, 4389244.489388142712414 ], [ 424806.354229784454219, 4389245.489388142712414 ], [ 424808.354229784454219, 4389245.489388142712414 ], [ 424808.354229784454219, 4389246.489388142712414 ], [ 424810.354229784454219, 4389246.489388142712414 ], [ 424810.354229784454219, 4389247.489388142712414 ], [ 424811.354229784454219, 4389247.489388142712414 ], [ 424811.354229784454219, 4389248.489388142712414 ], [ 424809.354229784454219, 4389248.489388142712414 ] ] ] } },
{ "type": "Feature", "properties": { "level": 0.75 }, "geometry": { "type": "Polygon", "coordinates": [ [ [ 424802.354229784454219, 4389244.489388142712414 ], [ 424802.354229784454219, 4389243.489388142712414 ], [ 424801.354229784454219, 4389243.489388142712414 ], [ 424801.354229784454219, 4389242.489388142712414 ], [ 424803.354229784454219, 4389242.489388142712414 ], [ 424803.354229784454219, 4389243.489388142712414 ], [ 424804.354229784454219, 4389243.489388142712414 ], [ 424804.354229784454219, 4389244.489388142712414 ], [ 424802.354229784454219, 4389244.489388142712414 ] ] ] } },
{ "type": "Feature", "properties": { "level": 0.75 }, "geometry": { "type": "Polygon", "coordinates": [ [ [ 424799.354229784454219, 4389242.489388142712414 ], [ 424799.354229784454219, 4389241.489388142712414 ], [ 424798.354229784454219, 4389241.489388142712414 ], [ 424798.354229784454219, 4389240.489388142712414 ], [ 424800.354229784454219, 4389240.489388142712414 ], [ 424800.354229784454219, 4389241.489388142712414 ], [ 424801.354229784454219, 4389241.489388142712414 ], [ 424801.354229784454219, 4389242.489388142712414 ], [ 424799.354229784454219, 4389242.489388142712414 ] ] ] } },
{ "type": "Feature", "properties": { "level": 0.75 }, "geometry": { "type": "Polygon", "coordinates": [ [ [ 424796.354229784454219, 4389240.489388142712414 ], [ 424796.354229784454219, 4389239.489388142712414 ], [ 424795.354229784454219, 4389239.489388142712414 ], [ 424795.354229784454219, 4389238.489388142712414 ], [ 424797.354229784454219, 4389238.489388142712414 ], [ 424797.354229784454219, 4389239.489388142712414 ], [ 424798.354229784454219, 4389239.489388142712414 ], [ 424798.354229784454219, 4389240.489388142712414 ], [ 424796.354229784454219, 4389240.489388142712414 ] ] ] } },
{ "type": "Feature", "properties": { "level": 0.75 }, "geometry": { "type": "Polygon", "coordinates": [ [ [ 424793.354229784454219, 4389238.489388142712414 ], [ 424793.354229784454219, 4389237.489388142712414 ], [ 424792.354229784454219, 4389237.489388142712414 ], [ 424792.354229784454219, 4389236.489388142712414 ], [ 424794.354229784454219, 4389236.489388142712414 ], [ 424794.354229784454219, 4389237.489388142712414 ], [ 424795.354229784454219, 4389237.489388142712414 ], [ 424795.354229784454219, 4389238.489388142712414 ], [ 424793.354229784454219, 4389238.489388142712414 ] ] ] } },
{ "type": "Feature", "properties": { "level": 0.75 }, "geometry": { "type": "Polygon", "coordinates": [ [ [ 424790.354229784454219, 4389236.489388142712414 ], [ 424790.354229784454219, 4389235.489388142712414 ], [ 424788.354229784454219, 4389235.489388142712414 ], [ 424788.354229784454219, 4389234.489388142712414 ], [ 424787.354229784454219, 4389234.489388142712414 ], [ 424787.354229784454219, 4389233.489388142712414 ], [ 424789.354229784454219, 4389233.489388142712414 ], [ 424789.354229784454219, 4389234.489388142712414 ], [ 424791.354229784454219, 4389234.489388142712414 ], [ 424791.354229784454219, 4389235.489388142712414 ], [ 424792.354229784454219, 4389235.489388142712414 ], [ 424792.354229784454219, 4389236.489388142712414 ], [ 424790.354229784454219, 4389236.489388142712414 ] ] ] } },
{ "type": "Feature", "properties": { "level": 0.75 }, "geometry": { "type": "Polygon", "coordinates": [ [ [ 424785.354229784454219, 4389233.489388142712414 ], [ 424785.354229784454219, 4389232.489388142712414 ], [ 424787.354229784454219, 4389232.489388142712414 ], [ 424787.354229784454219, 4389233.489388142712414 ], [ 424785.354229784454219, 4389233.489388142712414 ] ] ] } },
{ "type": "Feature", "properties": { "level": 0.75 }, "geometry": { "type": "Polygon", "coordinates": [ [ [ 424783.354229784454219, 4389232.489388142712414 ], [ 424783.354229784454219, 4389231.489388142712414 ], [ 424781.354229784454219, 4389231.489388142712414 ], [ 424781.354229784454219, 4389230.489388142712414 ], [ 424779.354229784454219, 4389230.489388142712414 ], [ 424779.354229784454219, 4389229.489388142712414 ], [ 424778.354229784454219, 4389229.489388142712414 ], [ 424778.354229784454219, 4389228.489388142712414 ], [ 424780.354229784454219, 4389228.489388142712414 ], [ 424780.354229784454219, 4389229.489388142712414 ], [ 424782.354229784454219, 4389229.489388142712414 ], [ 424782.354229784454219, 4389230.489388142712414 ], [ 424784.354229784454219, 4389230.489388142712414 ], [ 424784.354229784454219, 4389231.489388142712414 ], [ 424785.354229784454219, 4389231.489388142712414 ], [ 424785.354229784454219, 4389232.489388142712414 ], [ 424783.354229784454219, 4389232.489388142712414 ] ] ] } },
{ "type": "Feature", "properties": { "level": 0.75 }, "geometry": { "type": "Polygon", "coordinates": [ [ [ 424776.354229784454219, 4389228.489388142712414 ], [ 424776.354229784454219, 4389227.489388142712414 ], [ 424774.354229784454219, 4389227.489388142712414 ], [ 424774.354229784454219, 4389226.489388142712414 ], [ 424773.354229784454219, 4389226.489388142712414 ], [ 424773.354229784454219, 4389225.489388142712414 ], [ 424775.354229784454219, 4389225.489388142712414 ], [ 424775.354229784454219, 4389226.489388142712414 ], [ 424777.354229784454219, 4389226.489388142712414 ], [ 424777.354229784454219, 4389227.489388142712414 ], [ 424778.354229784454219, 4389227.489388142712414 ], [ 424778.354229784454219, 4389228.489388142712414 ], [ 424776.354229784454219, 4389228.489388142712414 ] ] ] } },
{ "type": "Feature", "properties": { "level": 0.75 }, "geometry": { "type": "Polygon", "coordinates": [ [ [ 424771.354229784454219, 4389225.489388142712414 ], [ 424771.354229784454219, 4389224.489388142712414 ], [ 424770.354229784454219, 4389224.489388142712414 ], [ 424770.354229784454219, 4389223.489388142712414 ], [ 424772.354229784454219, 4389223.489388142712414 ], [ 424772.354229784454219, 4389224.489388142712414 ], [ 424773.354229784454219, 4389224.489388142712414 ], [ 424773.354229784454219, 4389225.489388142712414 ], [ 424771.354229784454219, 4389225.489388142712414 ] ] ] } },
{ "type": "Feature", "properties": { "level": 0.75 }, "geometry": { "type": "Polygon", "coordinates": [ [ [ 424768.354229784454219, 4389223.489388142712414 ], [ 424768.354229784454219, 4389222.489388142712414 ], [ 424767.354229784454219, 4389222.489388142712414 ], [ 424767.354229784454219, 4389221.489388142712414 ], [ 424769.354229784454219, 4389221.489388142712414 ], [ 424769.354229784454219, 4389222.489388142712414 ], [ 424770.354229784454219, 4389222.489388142712414 ], [ 424770.354229784454219, 4389223.489388142712414 ], [ 424768.354229784454219, 4389223.489388142712414 ] ] ] } },
{ "type": "Feature", "properties": { "level": 0.75 }, "geometry": { "type": "Polygon", "coordinates": [ [ [ 424765.354229784454219, 4389221.489388142712414 ], [ 424765.354229784454219, 4389220.489388142712414 ], [ 424764.354229784454219, 4389220.489388142712414 ], [ 424764.354229784454219, 4389219.489388142712414 ], [ 424766.354229784454219, 4389219.489388142712414 ], [ 424766.354229784454219, 4389220.489388142712414 ], [ 424767.354229784454219, 4389220.489388142712414 ], [ 424767.354229784454219, 4389221.489388142712414 ], [ 424765.354229784454219, 4389221.489388142712414 ] ] ] } },
{ "type": "Feature", "properties": { "level": 0.75 }, "geometry": { "type": "Polygon", "coordinates": [ [ [ 424762.354229784454219, 4389219.489388142712414 ], [ 424762.354229784454219, 4389218.489388142712414 ], [ 424761.354229784454219, 4389218.489388142712414 ], [ 424761.354229784454219, 4389217.489388142712414 ], [ 424763.354229784454219, 4389217.489388142712414 ], [ 424763.354229784454219, 4389218.489388142712414 ], [ 424764.354229784454219, 4389218.489388142712414 ], [ 424764.354229784454219, 4389219.489388142712414 ], [ 424762.354229784454219, 4389219.489388142712414 ] ] ] } },
{ "type": "Feature", "properties": { "level": 0.75 }, "geometry": { "type": "Polygon", "coordinates": [ [ [ 424760.354229784454219, 4389217.489388142712414 ], [ 424760.354229784454219, 4389216.489388142712414 ], [ 424761.354229784454219, 4389216.489388142712414 ], [ 424761.354229784454219, 4389217.489388142712414 ], [ 424760.354229784454219, 4389217.489388142712414 ] ] ] } },
{ "type": "Feature", "properties": { "level": 0.75 }, "geometry": { "type": "Polygon", "coordinates": [ [ [ 424759.354229784454219, 4389216.489388142712414 ], [ 424759.354229784454219, 4389215.489388142712414 ], [ 424760.354229784454219, 4389215.489388142712414 ], [ 424760.354229784454219, 4389216.489388142712414 ], [ 424759.354229784454219, 4389216.489388142712414 ] ] ] } },
{ "type": "Feature", "properties": { "level": 0.75 }, "geometry": { "type": "Polygon", "coordinates": [ [ [ 424758.354229784454219, 4389215.489388142712414 ], [ 424758.354229784454219, 4389214.489388142712414 ], [ 424759.354229784454219, 4389214.489388142712414 ], [ 424759.354229784454219, 4389215.489388142712414 ], [ 424758.354229784454219, 4389215.489388142712414 ] ] ] } },
{ "type": "Feature", "properties": { "level": 0.75 }, "geometry": { "type": "Polygon", "coordinates": [ [ [ 424757.354229784454219, 4389214.489388142712414 ], [ 424757.354229784454219, 4389213.489388142712414 ], [ 424758.354229784454219, 4389213.489388142712414 ], [ 424758.354229784454219, 4389214.489388142712414 ], [ 424757.354229784454219, 4389214.489388142712414 ] ] ] } },
{ "type": "Feature", "properties": { "level": 0.75 }, "geometry": { "type": "Polygon", "coordinates": [ [ [ 424768.354229784454219, 4389144.489388142712414 ], [ 424768.354229784454219, 4389143.489388142712414 ], [ 424769.354229784454219, 4389143.489388142712414 ], [ 424769.354229784454219, 4389144.489388142712414 ], [ 424768.354229784454219, 4389144.489388142712414 ] ] ] } },
{ "type": "Feature", "properties": { "level": 0.75 }, "geometry": { "type": "Polygon", "coordinates": [ [ [ 424769.354229784454219, 4389143.489388142712414 ], [ 424769.354229784454219, 4389142.489388142712414 ], [ 424770.354229784454219, 4389142.489388142712414 ], [ 424770.354229784454219, 4389143.489388142712414 ], [ 424769.354229784454219, 4389143.489388142712414 ] ] ] } },
{ "type": "Feature", "properties": { "level": 0.75 }, "geometry": { "type": "Polygon", "coordinates": [ [ [ 424774.354229784454219, 4389139.489388142712414 ], [ 424774.354229784454219, 4389138.489388142712414 ], [ 424775.354229784454219, 4389138.489388142712414 ], [ 424775.354229784454219, 4389139.489388142712414 ], [ 424774.354229784454219, 4389139.489388142712414 ] ] ] } },
{ "type": "Feature", "properties": { "level": 0.75 }, "geometry": { "type": "Polygon", "coordinates": [ [ [ 424775.354229784454219, 4389138.489388142712414 ], [ 424775.354229784454219, 4389137.489388142712414 ], [ 424776.354229784454219, 4389137.489388142712414 ], [ 424776.354229784454219, 4389138.489388142712414 ], [ 424775.354229784454219, 4389138.489388142712414 ] ] ] } },
{ "type": "Feature", "properties": { "level": 0.75 }, "geometry": { "type": "Polygon", "coordinates": [ [ [ 424778.354229784454219, 4389136.489388142712414 ], [ 424778.354229784454219, 4389135.489388142712414 ], [ 424779.354229784454219, 4389135.489388142712414 ], [ 424779.354229784454219, 4389136.489388142712414 ], [ 424778.354229784454219, 4389136.489388142712414 ] ] ] } },
{ "type": "Feature", "properties": { "level": 0.75 }, "geometry": { "type": "Polygon", "coordinates": [ [ [ 424779.354229784454219, 4389135.489388142712414 ], [ 424779.354229784454219, 4389134.489388142712414 ], [ 424780.354229784454219, 4389134.489388142712414 ], [ 424780.354229784454219, 4389135.489388142712414 ], [ 424779.354229784454219, 4389135.489388142712414 ] ] ] } },
{ "type": "Feature", "properties": { "level": 0.75 }, "geometry": { "type": "Polygon", "coordinates": [ [ [ 424781.354229784454219, 4389134.489388142712414 ], [ 424781.354229784454219, 4389133.489388142712414 ], [ 424782.354229784454219, 4389133.489388142712414 ], [ 424782.354229784454219, 4389134.489388142712414 ], [ 424781.354229784454219, 4389134.489388142712414 ] ] ] } },
{ "type": "Feature", "properties": { "level": 0.75 }, "geometry": { "type": "Polygon", "coordinates": [ [ [ 424782.354229784454219, 4389133.489388142712414 ], [ 424782.354229784454219, 4389132.489388142712414 ], [ 424783.354229784454219, 4389132.489388142712414 ], [ 424783.354229784454219, 4389133.489388142712414 ], [ 424782.354229784454219, 4389133.489388142712414 ] ] ] } },
{ "type": "Feature", "properties": { "level": 0.75 }, "geometry": { "type": "Polygon", "coordinates": [ [ [ 424784.354229784454219, 4389132.489388142712414 ], [ 424784.354229784454219, 4389131.489388142712414 ], [ 424785.354229784454219, 4389131.489388142712414 ], [ 424785.354229784454219, 4389132.489388142712414 ], [ 424784.354229784454219, 4389132.489388142712414 ] ] ] } },
{ "type": "Feature", "properties": { "level": 0.75 }, "geometry": { "type": "Polygon", "coordinates": [ [ [ 424785.354229784454219, 4389131.489388142712414 ], [ 424785.354229784454219, 4389130.489388142712414 ], [ 424786.354229784454219, 4389130.489388142712414 ], [ 424786.354229784454219, 4389131.489388142712414 ], [ 424785.354229784454219, 4389131.489388142712414 ] ] ] } },
{ "type": "Feature", "properties": { "level": 0.75 }, "geometry": { "type": "Polygon", "coordinates": [ [ [ 424787.354229784454219, 4389130.489388142712414 ], [ 424787.354229784454219, 4389129.489388142712414 ], [ 424788.354229784454219, 4389129.489388142712414 ], [ 424788.354229784454219, 4389130.489388142712414 ], [ 424787.354229784454219, 4389130.489388142712414 ] ] ] } },
{ "type": "Feature", "properties": { "level": 0.75 }, "geometry": { "type": "Polygon", "coordinates": [ [ [ 424788.354229784454219, 4389129.489388142712414 ], [ 424788.354229784454219, 4389128.489388142712414 ], [ 424789.354229784454219, 4389128.489388142712414 ], [ 424789.354229784454219, 4389129.489388142712414 ], [ 424788.354229784454219, 4389129.489388142712414 ] ] ] } },
{ "type": "Feature", "properties": { "level": 0.75 }, "geometry": { "type": "Polygon", "coordinates": [ [ [ 424789.354229784454219, 4389128.489388142712414 ], [ 424789.354229784454219, 4389127.489388142712414 ], [ 424790.354229784454219, 4389127.489388142712414 ], [ 424790.354229784454219, 4389128.489388142712414 ], [ 424789.354229784454219, 4389128.489388142712414 ] ] ] } },
{ "type": "Feature", "properties": { "level": 0.75 }, "geometry": { "type": "Polygon", "coordinates": [ [ [ 424790.354229784454219, 4389127.489388142712414 ], [ 424790.354229784454219, 4389126.489388142712414 ], [ 424791.354229784454219, 4389126.489388142712414 ], [ 424791.354229784454219, 4389127.489388142712414 ], [ 424790.354229784454219, 4389127.489388142712414 ] ] ] } },
{ "type": "Feature", "properties": { "level": 0.75 }, "geometry": { "type": "Polygon", "coordinates": [ [ [ 424791.354229784454219, 4389126.489388142712414 ], [ 424791.354229784454219, 4389125.489388142712414 ], [ 424792.354229784454219, 4389125.489388142712414 ], [ 424792.354229784454219, 4389126.489388142712414 ], [ 424791.354229784454219, 4389126.489388142712414 ] ] ] } },
{ "type": "Feature", "properties": { "level": 0.75 }, "geometry": { "type": "Polygon", "coordinates": [ [ [ 424792.354229784454219, 4389125.489388142712414 ], [ 424792.354229784454219, 4389124.489388142712414 ], [ 424793.354229784454219, 4389124.489388142712414 ], [ 424793.354229784454219, 4389125.489388142712414 ], [ 424792.354229784454219, 4389125.489388142712414 ] ] ] } },
{ "type": "Feature", "properties": { "level": 0.75 }, "geometry": { "type": "Polygon", "coordinates": [ [ [ 424793.354229784454219, 4389124.489388142712414 ], [ 424793.354229784454219, 4389122.489388142712414 ], [ 424794.354229784454219, 4389122.489388142712414 ], [ 424794.354229784454219, 4389124.489388142712414 ], [ 424793.354229784454219, 4389124.489388142712414 ] ] ] } },
{ "type": "Feature", "properties": { "level": 0.75 }, "geometry": { "type": "Polygon", "coordinates": [ [ [ 424794.354229784454219, 4389122.489388142712414 ], [ 424794.354229784454219, 4389120.489388142712414 ], [ 424795.354229784454219, 4389120.489388142712414 ], [ 424795.354229784454219, 4389122.489388142712414 ], [ 424794.354229784454219, 4389122.489388142712414 ] ] ] } },
{ "type": "Feature", "properties": { "level": 0.75 }, "geometry": { "type": "Polygon", "coordinates": [ [ [ 424795.354229784454219, 4389120.489388142712414 ], [ 424795.354229784454219, 4389118.489388142712414 ], [ 424796.354229784454219, 4389118.489388142712414 ], [ 424796.354229784454219, 4389120.489388142712414 ], [ 424795.354229784454219, 4389120.489388142712414 ] ] ] } },
{ "type": "Feature", "properties": { "level": 0.75 }, "geometry": { "type": "Polygon", "coordinates": [ [ [ 424779.354229784454219, 4389104.489388142712414 ], [ 424779.354229784454219, 4389103.489388142712414 ], [ 424780.354229784454219, 4389103.489388142712414 ], [ 424780.354229784454219, 4389104.489388142712414 ], [ 424779.354229784454219, 4389104.489388142712414 ] ] ] } },
{ "type": "Feature", "properties": { "level": 0.75 }, "geometry": { "type": "Polygon", "coordinates": [ [ [ 424924.354229784454219, 4388405.489388142712414 ], [ 424924.354229784454219, 4388404.489388142712414 ], [ 424922.354229784454219, 4388404.489388142712414 ], [ 424922.354229784454219, 4388403.489388142712414 ], [ 424925.354229784454219, 4388403.489388142712414 ], [ 424925.354229784454219, 4388405.489388142712414 ], [ 424924.354229784454219, 4388405.489388142712414 ] ] ] } },
{ "type": "Feature", "properties": { "level": 0.75 }, "geometry": { "type": "Polygon", "coordinates": [ [ [ 424756.354229784454219, 4389213.489388142712414 ], [ 424756.354229784454219, 4389212.489388142712414 ], [ 424755.354229784454219, 4389212.489388142712414 ], [ 424755.354229784454219, 4389210.489388142712414 ], [ 424754.354229784454219, 4389210.489388142712414 ], [ 424754.354229784454219, 4389207.489388142712414 ], [ 424753.354229784454219, 4389207.489388142712414 ], [ 424753.354229784454219, 4389199.489388142712414 ], [ 424752.354229784454219, 4389199.489388142712414 ], [ 424752.354229784454219, 4389182.489388142712414 ], [ 424751.354229784454219, 4389182.489388142712414 ], [ 424751.354229784454219, 4389180.489388142712414 ], [ 424750.354229784454219, 4389180.489388142712414 ], [ 424750.354229784454219, 4389178.489388142712414 ], [ 424749.354229784454219, 4389178.489388142712414 ], [ 424749.354229784454219, 4389177.489388142712414 ], [ 424747.354229784454219, 4389177.489388142712414 ], [ 424747.354229784454219, 4389176.489388142712414 ], [ 424746.354229784454219, 4389176.489388142712414 ], [ 424746.354229784454219, 4389175.489388142712414 ], [ 424744.354229784454219, 4389175.489388142712414 ], [ 424744.354229784454219, 4389174.489388142712414 ], [ 424741.354229784454219, 4389174.489388142712414 ], [ 424741.354229784454219, 4389173.489388142712414 ], [ 424737.354229784454219, 4389173.489388142712414 ], [ 424737.354229784454219, 4389172.489388142712414 ], [ 424730.354229784454219, 4389172.489388142712414 ], [ 424730.354229784454219, 4389171.489388142712414 ], [ 424729.354229784454219, 4389171.489388142712414 ], [ 424729.354229784454219, 4389172.489388142712414 ], [ 424728.354229784454219, 4389172.489388142712414 ], [ 424728.354229784454219, 4389171.489388142712414 ], [ 424719.354229784454219, 4389171.489388142712414 ], [ 424719.354229784454219, 4389170.489388142712414 ], [ 424710.354229784454219, 4389170.489388142712414 ], [ 424710.354229784454219, 4389169.489388142712414 ], [ 424703.354229784454219, 4389169.489388142712414 ], [ 424703.354229784454219, 4389168.489388142712414 ], [ 424697.354229784454219, 4389168.489388142712414 ], [ 424697.354229784454219, 4389167.489388142712414 ], [ 424679.354229784454219, 4389167.489388142712414 ], [ 424679.354229784454219, 4389166.489388142712414 ], [ 424647.354229784454219, 4389166.489388142712414 ], [ 424647.354229784454219, 4389167.489388142712414 ], [ 424626.354229784454219, 4389167.489388142712414 ], [ 424626.354229784454219, 4389166.489388142712414 ], [ 424603.354229784454219, 4389166.489388142712414 ], [ 424603.354229784454219, 4389167.489388142712414 ], [ 424602.354229784454219, 4389167.489388142712414 ], [ 424602.354229784454219, 4389166.489388142712414 ], [ 424597.354229784454219, 4389166.489388142712414 ], [ 424597.354229784454219, 4389165.489388142712414 ], [ 424594.354229784454219, 4389165.489388142712414 ], [ 424594.354229784454219, 4389164.489388142712414 ], [ 424593.354229784454219, 4389164.489388142712414 ], [ 424593.354229784454219, 4389163.489388142712414 ], [ 424592.354229784454219, 4389163.489388142712414 ], [ 424592.354229784454219, 4389162.489388142712414 ], [ 424593.354229784454219, 4389162.489388142712414 ], [ 424593.354229784454219, 4389161.489388142712414 ], [ 424592.354229784454219, 4389161.489388142712414 ], [ 424592.354229784454219, 4389159.489388142712414 ], [ 424589.354229784454219, 4389159.489388142712414 ], [ 424589.354229784454219, 4389158.489388142712414 ], [ 424587.354229784454219, 4389158.489388142712414 ], [ 424587.354229784454219, 4389156.489388142712414 ], [ 424585.354229784454219, 4389156.489388142712414 ], [ 424585.354229784454219, 4389155.489388142712414 ], [ 424584.354229784454219, 4389155.489388142712414 ], [ 424584.354229784454219, 4389154.489388142712414 ], [ 424583.354229784454219, 4389154.489388142712414 ], [ 424583.354229784454219, 4389150.489388142712414 ], [ 424584.354229784454219, 4389150.489388142712414 ], [ 424584.354229784454219, 4389149.489388142712414 ], [ 424585.354229784454219, 4389149.489388142712414 ], [ 424585.354229784454219, 4389147.489388142712414 ], [ 424586.354229784454219, 4389147.489388142712414 ], [ 424586.354229784454219, 4389146.489388142712414 ], [ 424587.354229784454219, 4389146.489388142712414 ], [ 424587.354229784454219, 4389145.489388142712414 ], [ 424586.354229784454219, 4389145.489388142712414 ], [ 424586.354229784454219, 4389140.489388142712414 ], [ 424587.354229784454219, 4389140.489388142712414 ], [ 424587.354229784454219, 4389138.489388142712414 ], [ 424586.354229784454219, 4389138.489388142712414 ], [ 424586.354229784454219, 4389137.489388142712414 ], [ 424584.354229784454219, 4389137.489388142712414 ], [ 424584.354229784454219, 4389135.489388142712414 ], [ 424583.354229784454219, 4389135.489388142712414 ], [ 424583.354229784454219, 4389134.489388142712414 ], [ 424582.354229784454219, 4389134.489388142712414 ], [ 424582.354229784454219, 4389128.489388142712414 ], [ 424583.354229784454219, 4389128.489388142712414 ], [ 424583.354229784454219, 4389125.489388142712414 ], [ 424584.354229784454219, 4389125.489388142712414 ], [ 424584.354229784454219, 4389124.489388142712414 ], [ 424585.354229784454219, 4389124.489388142712414 ], [ 424585.354229784454219, 4389123.489388142712414 ], [ 424586.354229784454219, 4389123.489388142712414 ], [ 424586.354229784454219, 4389122.489388142712414 ], [ 424587.354229784454219, 4389122.489388142712414 ], [ 424587.354229784454219, 4389121.489388142712414 ], [ 424588.354229784454219, 4389121.489388142712414 ], [ 424588.354229784454219, 4389120.489388142712414 ], [ 424589.354229784454219, 4389120.489388142712414 ], [ 424589.354229784454219, 4389119.489388142712414 ], [ 424590.354229784454219, 4389119.489388142712414 ], [ 424590.354229784454219, 4389118.489388142712414 ], [ 424591.354229784454219, 4389118.489388142712414 ], [ 424591.354229784454219, 4389117.489388142712414 ], [ 424592.354229784454219, 4389117.489388142712414 ], [ 424592.354229784454219, 4389116.489388142712414 ], [ 424593.354229784454219, 4389116.489388142712414 ], [ 424593.354229784454219, 4389115.489388142712414 ], [ 424594.354229784454219, 4389115.489388142712414 ], [ 424594.354229784454219, 4389114.489388142712414 ], [ 424595.354229784454219, 4389114.489388142712414 ], [ 424595.354229784454219, 4389113.489388142712414 ], [ 424596.354229784454219, 4389113.489388142712414 ], [ 424596.354229784454219, 4389112.489388142712414 ], [ 424598.354229784454219, 4389112.489388142712414 ], [ 424598.354229784454219, 4389111.489388142712414 ], [ 424599.354229784454219, 4389111.489388142712414 ], [ 424599.354229784454219, 4389110.489388142712414 ], [ 424600.354229784454219, 4389110.489388142712414 ], [ 424600.354229784454219, 4389109.489388142712414 ], [ 424601.354229784454219, 4389109.489388142712414 ], [ 424601.354229784454219, 4389108.489388142712414 ], [ 424603.354229784454219, 4389108.489388142712414 ], [ 424603.354229784454219, 4389107.489388142712414 ], [ 424604.354229784454219, 4389107.489388142712414 ], [ 424604.354229784454219, 4389106.489388142712414 ], [ 424605.354229784454219, 4389106.489388142712414 ], [ 424605.354229784454219, 4389105.489388142712414 ], [ 424606.354229784454219, 4389105.489388142712414 ], [ 424606.354229784454219, 4389104.489388142712414 ], [ 424608.354229784454219, 4389104.489388142712414 ], [ 424608.354229784454219, 4389103.489388142712414 ], [ 424609.354229784454219, 4389103.489388142712414 ], [ 424609.354229784454219, 4389102.489388142712414 ], [ 424610.354229784454219, 4389102.489388142712414 ], [ 424610.354229784454219, 4389101.489388142712414 ], [ 424612.354229784454219, 4389101.489388142712414 ], [ 424612.354229784454219, 4389100.489388142712414 ], [ 424613.354229784454219, 4389100.489388142712414 ], [ 424613.354229784454219, 4389099.489388142712414 ], [ 424614.354229784454219, 4389099.489388142712414 ], [ 424614.354229784454219, 4389098.489388142712414 ], [ 424615.354229784454219, 4389098.489388142712414 ], [ 424615.354229784454219, 4389097.489388142712414 ], [ 424617.354229784454219, 4389097.489388142712414 ], [ 424617.354229784454219, 4389096.489388142712414 ], [ 424618.354229784454219, 4389096.489388142712414 ], [ 424618.354229784454219, 4389095.489388142712414 ], [ 424619.354229784454219, 4389095.489388142712414 ], [ 424619.354229784454219, 4389094.489388142712414 ], [ 424621.354229784454219, 4389094.489388142712414 ], [ 424621.354229784454219, 4389093.489388142712414 ], [ 424622.354229784454219, 4389093.489388142712414 ], [ 424622.354229784454219, 4389092.489388142712414 ], [ 424624.354229784454219, 4389092.489388142712414 ], [ 424624.354229784454219, 4389091.489388142712414 ], [ 424625.354229784454219, 4389091.489388142712414 ], [ 424625.354229784454219, 4389090.489388142712414 ], [ 424627.354229784454219, 4389090.489388142712414 ], [ 424627.354229784454219, 4389089.489388142712414 ], [ 424628.354229784454219, 4389089.489388142712414 ], [ 424628.354229784454219, 4389088.489388142712414 ], [ 424629.354229784454219, 4389088.489388142712414 ], [ 424629.354229784454219, 4389087.489388142712414 ], [ 424630.354229784454219, 4389087.489388142712414 ], [ 424630.354229784454219, 4389086.489388142712414 ], [ 424632.354229784454219, 4389086.489388142712414 ], [ 424632.354229784454219, 4389085.489388142712414 ], [ 424633.354229784454219, 4389085.489388142712414 ], [ 424633.354229784454219, 4389084.489388142712414 ], [ 424634.354229784454219, 4389084.489388142712414 ], [ 424634.354229784454219, 4389083.489388142712414 ], [ 424636.354229784454219, 4389083.489388142712414 ], [ 424636.354229784454219, 4389082.489388142712414 ], [ 424637.354229784454219, 4389082.489388142712414 ], [ 424637.354229784454219, 4389081.489388142712414 ], [ 424639.354229784454219, 4389081.489388142712414 ], [ 424639.354229784454219, 4389080.489388142712414 ], [ 424640.354229784454219, 4389080.489388142712414 ], [ 424640.354229784454219, 4389079.489388142712414 ], [ 424642.354229784454219, 4389079.489388142712414 ], [ 424642.354229784454219, 4389078.489388142712414 ], [ 424643.354229784454219, 4389078.489388142712414 ], [ 424643.354229784454219, 4389077.489388142712414 ], [ 424645.354229784454219, 4389077.489388142712414 ], [ 424645.354229784454219, 4389076.489388142712414 ], [ 424646.354229784454219, 4389076.489388142712414 ], [ 424646.354229784454219, 4389075.489388142712414 ], [ 424648.354229784454219, 4389075.489388142712414 ], [ 424648.354229784454219, 4389074.489388142712414 ], [ 424649.354229784454219, 4389074.489388142712414 ], [ 424649.354229784454219, 4389073.489388142712414 ], [ 424651.354229784454219, 4389073.489388142712414 ], [ 424651.354229784454219, 4389072.489388142712414 ], [ 424653.354229784454219, 4389072.489388142712414 ], [ 424653.354229784454219, 4389071.489388142712414 ], [ 424654.354229784454219, 4389071.489388142712414 ], [ 424654.354229784454219, 4389070.489388142712414 ], [ 424656.354229784454219, 4389070.489388142712414 ], [ 424656.354229784454219, 4389069.489388142712414 ], [ 424658.354229784454219, 4389069.489388142712414 ], [ 424658.354229784454219, 4389068.489388142712414 ], [ 424660.354229784454219, 4389068.489388142712414 ], [ 424660.354229784454219, 4389067.489388142712414 ], [ 424662.354229784454219, 4389067.489388142712414 ], [ 424662.354229784454219, 4389066.489388142712414 ], [ 424664.354229784454219, 4389066.489388142712414 ], [ 424664.354229784454219, 4389065.489388142712414 ], [ 424666.354229784454219, 4389065.489388142712414 ], [ 424666.354229784454219, 4389064.489388142712414 ], [ 424669.354229784454219, 4389064.489388142712414 ], [ 424669.354229784454219, 4389063.489388142712414 ], [ 424671.354229784454219, 4389063.489388142712414 ], [ 424671.354229784454219, 4389062.489388142712414 ], [ 424673.354229784454219, 4389062.489388142712414 ], [ 424673.354229784454219, 4389061.489388142712414 ], [ 424675.354229784454219, 4389061.489388142712414 ], [ 424675.354229784454219, 4389060.489388142712414 ], [ 424677.354229784454219, 4389060.489388142712414 ], [ 424677.354229784454219, 4389059.489388142712414 ], [ 424679.354229784454219, 4389059.489388142712414 ], [ 424679.354229784454219, 4389058.489388142712414 ], [ 424680.354229784454219, 4389058.489388142712414 ], [ 424680.354229784454219, 4389057.489388142712414 ], [ 424682.354229784454219, 4389057.489388142712414 ], [ 424682.354229784454219, 4389056.489388142712414 ], [ 424684.354229784454219, 4389056.489388142712414 ], [ 424684.354229784454219, 4389055.489388142712414 ], [ 424686.354229784454219, 4389055.489388142712414 ], [ 424686.354229784454219, 4389054.489388142712414 ], [ 424687.354229784454219, 4389054.489388142712414 ], [ 424687.354229784454219, 4389053.489388142712414 ], [ 424689.354229784454219, 4389053.489388142712414 ], [ 424689.354229784454219, 4389052.489388142712414 ], [ 424691.354229784454219, 4389052.489388142712414 ], [ 424691.354229784454219, 4389051.489388142712414 ], [ 424692.354229784454219, 4389051.489388142712414 ], [ 424692.354229784454219, 4389050.489388142712414 ], [ 424694.354229784454219, 4389050.489388142712414 ], [ 424694.354229784454219, 4389049.489388142712414 ], [ 424695.354229784454219, 4389049.489388142712414 ], [ 424695.354229784454219, 4389048.489388142712414 ], [ 424696.354229784454219, 4389048.489388142712414 ], [ 424696.354229784454219, 4389047.489388142712414 ], [ 424698.354229784454219, 4389047.489388142712414 ], [ 424698.354229784454219, 4389046.489388142712414 ], [ 424699.354229784454219, 4389046.489388142712414 ], [ 424699.354229784454219, 4389045.489388142712414 ], [ 424701.354229784454219, 4389045.489388142712414 ], [ 424701.354229784454219, 4389044.489388142712414 ], [ 424702.354229784454219, 4389044.489388142712414 ], [ 424702.354229784454219, 4389043.489388142712414 ], [ 424704.354229784454219, 4389043.489388142712414 ], [ 424704.354229784454219, 4389042.489388142712414 ], [ 424705.354229784454219, 4389042.489388142712414 ], [ 424705.354229784454219, 4389041.489388142712414 ], [ 424707.354229784454219, 4389041.489388142712414 ], [ 424707.354229784454219, 4389040.489388142712414 ], [ 424708.354229784454219, 4389040.489388142712414 ], [ 424708.354229784454219, 4389039.489388142712414 ], [ 424710.354229784454219, 4389039.489388142712414 ], [ 424710.354229784454219, 4389038.489388142712414 ], [ 424712.354229784454219, 4389038.489388142712414 ], [ 424712.354229784454219, 4389037.489388142712414 ], [ 424713.354229784454219, 4389037.489388142712414 ], [ 424713.354229784454219, 4389036.489388142712414 ], [ 424715.354229784454219, 4389036.489388142712414 ], [ 424715.354229784454219, 4389035.489388142712414 ], [ 424717.354229784454219, 4389035.489388142712414 ], [ 424717.354229784454219, 4389034.489388142712414 ], [ 424718.354229784454219, 4389034.489388142712414 ], [ 424718.354229784454219, 4389033.489388142712414 ], [ 424720.354229784454219, 4389033.489388142712414 ], [ 424720.354229784454219, 4389032.489388142712414 ], [ 424722.354229784454219, 4389032.489388142712414 ], [ 424722.354229784454219, 4389031.489388142712414 ], [ 424724.354229784454219, 4389031.489388142712414 ], [ 424724.354229784454219, 4389030.489388142712414 ], [ 424725.354229784454219, 4389030.489388142712414 ], [ 424725.354229784454219, 4389029.489388142712414 ], [ 424727.354229784454219, 4389029.489388142712414 ], [ 424727.354229784454219, 4389028.489388142712414 ], [ 424729.354229784454219, 4389028.489388142712414 ], [ 424729.354229784454219, 4389027.489388142712414 ], [ 424730.354229784454219, 4389027.489388142712414 ], [ 424730.354229784454219, 4389026.489388142712414 ], [ 424732.354229784454219, 4389026.489388142712414 ], [ 424732.354229784454219, 4389025.489388142712414 ], [ 424734.354229784454219, 4389025.489388142712414 ], [ 424734.354229784454219, 4389024.489388142712414 ], [ 424735.354229784454219, 4389024.489388142712414 ], [ 424735.354229784454219, 4389023.489388142712414 ], [ 424737.354229784454219, 4389023.489388142712414 ], [ 424737.354229784454219, 4389022.489388142712414 ], [ 424739.354229784454219, 4389022.489388142712414 ], [ 424739.354229784454219, 4389021.489388142712414 ], [ 424740.354229784454219, 4389021.489388142712414 ], [ 424740.354229784454219, 4389020.489388142712414 ], [ 424742.354229784454219, 4389020.489388142712414 ], [ 424742.354229784454219, 4389019.489388142712414 ], [ 424744.354229784454219, 4389019.489388142712414 ], [ 424744.354229784454219, 4389018.489388142712414 ], [ 424746.354229784454219, 4389018.489388142712414 ], [ 424746.354229784454219, 4389017.489388142712414 ], [ 424747.354229784454219, 4389017.489388142712414 ], [ 424747.354229784454219, 4389016.489388142712414 ], [ 424749.354229784454219, 4389016.489388142712414 ], [ 424749.354229784454219, 4389015.489388142712414 ], [ 424751.354229784454219, 4389015.489388142712414 ], [ 424751.354229784454219, 4389014.489388142712414 ], [ 424753.354229784454219, 4389014.489388142712414 ], [ 424753.354229784454219, 4389013.489388142712414 ], [ 424754.354229784454219, 4389013.489388142712414 ], [ 424754.354229784454219, 4389012.489388142712414 ], [ 424756.354229784454219, 4389012.489388142712414 ], [ 424756.354229784454219, 4389011.489388142712414 ], [ 424758.354229784454219, 4389011.489388142712414 ], [ 424758.354229784454219, 4389010.489388142712414 ], [ 424760.354229784454219, 4389010.489388142712414 ], [ 424760.354229784454219, 4389009.489388142712414 ], [ 424762.354229784454219, 4389009.489388142712414 ], [ 424762.354229784454219, 4389008.489388142712414 ], [ 424763.354229784454219, 4389008.489388142712414 ], [ 424763.354229784454219, 4389007.489388142712414 ], [ 424765.354229784454219, 4389007.489388142712414 ], [ 424765.354229784454219, 4389006.489388142712414 ], [ 424767.354229784454219, 4389006.489388142712414 ], [ 424767.354229784454219, 4389005.489388142712414 ], [ 424769.354229784454219, 4389005.489388142712414 ], [ 424769.354229784454219, 4389004.489388142712414 ], [ 424770.354229784454219, 4389004.489388142712414 ], [ 424770.354229784454219, 4389003.489388142712414 ], [ 424771.354229784454219, 4389003.489388142712414 ], [ 424771.354229784454219, 4389004.489388142712414 ], [ 424772.354229784454219, 4389004.489388142712414 ], [ 424772.354229784454219, 4389002.489388142712414 ], [ 424774.354229784454219, 4389002.489388142712414 ], [ 424774.354229784454219, 4389001.489388142712414 ], [ 424775.354229784454219, 4389001.489388142712414 ], [ 424775.354229784454219, 4389002.489388142712414 ], [ 424776.354229784454219, 4389002.489388142712414 ], [ 424776.354229784454219, 4389000.489388142712414 ], [ 424777.354229784454219, 4389000.489388142712414 ], [ 424777.354229784454219, 4388999.489388142712414 ], [ 424778.354229784454219, 4388999.489388142712414 ], [ 424778.354229784454219, 4389000.489388142712414 ], [ 424779.354229784454219, 4389000.489388142712414 ], [ 424779.354229784454219, 4388998.489388142712414 ], [ 424780.354229784454219, 4388998.489388142712414 ], [ 424780.354229784454219, 4388997.489388142712414 ], [ 424781.354229784454219, 4388997.489388142712414 ], [ 424781.354229784454219, 4388998.489388142712414 ], [ 424782.354229784454219, 4388998.489388142712414 ], [ 424782.354229784454219, 4388997.489388142712414 ], [ 424783.354229784454219, 4388997.489388142712414 ], [ 424783.354229784454219, 4388995.489388142712414 ], [ 424784.354229784454219, 4388995.489388142712414 ], [ 424784.354229784454219, 4388994.489388142712414 ], [ 424785.354229784454219, 4388994.489388142712414 ], [ 424785.354229784454219, 4388993.489388142712414 ], [ 424787.354229784454219, 4388993.489388142712414 ], [ 424787.354229784454219, 4388990.489388142712414 ], [ 424788.354229784454219, 4388990.489388142712414 ], [ 424788.354229784454219, 4388988.489388142712414 ], [ 424789.354229784454219, 4388988.489388142712414 ], [ 424789.354229784454219, 4388985.489388142712414 ], [ 424790.354229784454219, 4388985.489388142712414 ], [ 424790.354229784454219, 4388982.489388142712414 ], [ 424791.354229784454219, 4388982.489388142712414 ], [ 424791.354229784454219, 4388978.489388142712414 ], [ 424792.354229784454219, 4388978.489388142712414 ], [ 424792.354229784454219, 4388973.489388142712414 ], [ 424793.354229784454219, 4388973.489388142712414 ], [ 424793.354229784454219, 4388966.489388142712414 ], [ 424794.354229784454219, 4388966.489388142712414 ], [ 424794.354229784454219, 4388953.489388142712414 ], [ 424795.354229784454219, 4388953.489388142712414 ], [ 424795.354229784454219, 4388952.489388142712414 ], [ 424794.354229784454219, 4388952.489388142712414 ], [ 424794.354229784454219, 4388947.489388142712414 ], [ 424795.354229784454219, 4388947.489388142712414 ], [ 424795.354229784454219, 4388926.489388142712414 ], [ 424796.354229784454219, 4388926.489388142712414 ], [ 424796.354229784454219, 4388911.489388142712414 ], [ 424797.354229784454219, 4388911.489388142712414 ], [ 424797.354229784454219, 4388905.489388142712414 ], [ 424798.354229784454219, 4388905.489388142712414 ], [ 424798.354229784454219, 4388899.489388142712414 ], [ 424799.354229784454219, 4388899.489388142712414 ], [ 424799.354229784454219, 4388895.489388142712414 ], [ 424800.354229784454219, 4388895.489388142712414 ], [ 424800.354229784454219, 4388890.489388142712414 ], [ 424801.354229784454219, 4388890.489388142712414 ], [ 424801.354229784454219, 4388886.489388142712414 ], [ 424802.354229784454219, 4388886.489388142712414 ], [ 424802.354229784454219, 4388882.489388142712414 ], [ 424803.354229784454219, 4388882.489388142712414 ], [ 424803.354229784454219, 4388878.489388142712414 ], [ 424804.354229784454219, 4388878.489388142712414 ], [ 424804.354229784454219, 4388875.489388142712414 ], [ 424805.354229784454219, 4388875.489388142712414 ], [ 424805.354229784454219, 4388871.489388142712414 ], [ 424806.354229784454219, 4388871.489388142712414 ], [ 424806.354229784454219, 4388867.489388142712414 ], [ 424807.354229784454219, 4388867.489388142712414 ], [ 424807.354229784454219, 4388863.489388142712414 ], [ 424808.354229784454219, 4388863.489388142712414 ], [ 424808.354229784454219, 4388860.489388142712414 ], [ 424809.354229784454219, 4388860.489388142712414 ], [ 424809.354229784454219, 4388856.489388142712414 ], [ 424810.354229784454219, 4388856.489388142712414 ], [ 424810.354229784454219, 4388852.489388142712414 ], [ 424811.354229784454219, 4388852.489388142712414 ], [ 424811.354229784454219, 4388848.489388142712414 ], [ 424812.354229784454219, 4388848.489388142712414 ], [ 424812.354229784454219, 4388844.489388142712414 ], [ 424813.354229784454219, 4388844.489388142712414 ], [ 424813.354229784454219, 4388840.489388142712414 ], [ 424814.354229784454219, 4388840.489388142712414 ], [ 424814.354229784454219, 4388836.489388142712414 ], [ 424815.354229784454219, 4388836.489388142712414 ], [ 424815.354229784454219, 4388833.489388142712414 ], [ 424816.354229784454219, 4388833.489388142712414 ], [ 424816.354229784454219, 4388830.489388142712414 ], [ 424817.354229784454219, 4388830.489388142712414 ], [ 424817.354229784454219, 4388826.489388142712414 ], [ 424818.354229784454219, 4388826.489388142712414 ], [ 424818.354229784454219, 4388823.489388142712414 ], [ 424819.354229784454219, 4388823.489388142712414 ], [ 424819.354229784454219, 4388820.489388142712414 ], [ 424820.354229784454219, 4388820.489388142712414 ], [ 424820.354229784454219, 4388817.489388142712414 ], [ 424821.354229784454219, 4388817.489388142712414 ], [ 424821.354229784454219, 4388815.489388142712414 ], [ 424822.354229784454219, 4388815.489388142712414 ], [ 424822.354229784454219, 4388813.489388142712414 ], [ 424823.354229784454219, 4388813.489388142712414 ], [ 424823.354229784454219, 4388810.489388142712414 ], [ 424824.354229784454219, 4388810.489388142712414 ], [ 424824.354229784454219, 4388808.489388142712414 ], [ 424825.354229784454219, 4388808.489388142712414 ], [ 424825.354229784454219, 4388805.489388142712414 ], [ 424826.354229784454219, 4388805.489388142712414 ], [ 424826.354229784454219, 4388803.489388142712414 ], [ 424827.354229784454219, 4388803.489388142712414 ], [ 424827.354229784454219, 4388801.489388142712414 ], [ 424828.354229784454219, 4388801.489388142712414 ], [ 424828.354229784454219, 4388799.489388142712414 ], [ 424829.354229784454219, 4388799.489388142712414 ], [ 424829.354229784454219, 4388797.489388142712414 ], [ 424830.354229784454219, 4388797.489388142712414 ], [ 424830.354229784454219, 4388795.489388142712414 ], [ 424831.354229784454219, 4388795.489388142712414 ], [ 424831.354229784454219, 4388793.489388142712414 ], [ 424832.354229784454219, 4388793.489388142712414 ], [ 424832.354229784454219, 4388791.489388142712414 ], [ 424833.354229784454219, 4388791.489388142712414 ], [ 424833.354229784454219, 4388790.489388142712414 ], [ 424834.354229784454219, 4388790.489388142712414 ], [ 424834.354229784454219, 4388788.489388142712414 ], [ 424835.354229784454219, 4388788.489388142712414 ], [ 424835.354229784454219, 4388786.489388142712414 ], [ 424836.354229784454219, 4388786.489388142712414 ], [ 424836.354229784454219, 4388784.489388142712414 ], [ 424837.354229784454219, 4388784.489388142712414 ], [ 424837.354229784454219, 4388783.489388142712414 ], [ 424838.354229784454219, 4388783.489388142712414 ], [ 424838.354229784454219, 4388781.489388142712414 ], [ 424839.354229784454219, 4388781.489388142712414 ], [ 424839.354229784454219, 4388780.489388142712414 ], [ 424840.354229784454219, 4388780.489388142712414 ], [ 424840.354229784454219, 4388778.489388142712414 ], [ 424841.354229784454219, 4388778.489388142712414 ], [ 424841.354229784454219, 4388777.489388142712414 ], [ 424842.354229784454219, 4388777.489388142712414 ], [ 424842.354229784454219, 4388776.489388142712414 ], [ 424843.354229784454219, 4388776.489388142712414 ], [ 424843.354229784454219, 4388774.489388142712414 ], [ 424844.354229784454219, 4388774.489388142712414 ], [ 424844.354229784454219, 4388773.489388142712414 ], [ 424845.354229784454219, 4388773.489388142712414 ], [ 424845.354229784454219, 4388771.489388142712414 ], [ 424846.354229784454219, 4388771.489388142712414 ], [ 424846.354229784454219, 4388770.489388142712414 ], [ 424847.354229784454219, 4388770.489388142712414 ], [ 424847.354229784454219, 4388768.489388142712414 ], [ 424848.354229784454219, 4388768.489388142712414 ], [ 424848.354229784454219, 4388766.489388142712414 ], [ 424849.354229784454219, 4388766.489388142712414 ], [ 424849.354229784454219, 4388765.489388142712414 ], [ 424850.354229784454219, 4388765.489388142712414 ], [ 424850.354229784454219, 4388764.489388142712414 ], [ 424851.354229784454219, 4388764.489388142712414 ], [ 424851.354229784454219, 4388761.489388142712414 ], [ 424852.354229784454219, 4388761.489388142712414 ], [ 424852.354229784454219, 4388760.489388142712414 ], [ 424853.354229784454219, 4388760.489388142712414 ], [ 424853.354229784454219, 4388759.489388142712414 ], [ 424854.354229784454219, 4388759.489388142712414 ], [ 424854.354229784454219, 4388757.489388142712414 ], [ 424855.354229784454219, 4388757.489388142712414 ], [ 424855.354229784454219, 4388756.489388142712414 ], [ 424856.354229784454219, 4388756.489388142712414 ], [ 424856.354229784454219, 4388753.489388142712414 ], [ 424857.354229784454219, 4388753.489388142712414 ], [ 424857.354229784454219, 4388749.489388142712414 ], [ 424858.354229784454219, 4388749.489388142712414 ], [ 424858.354229784454219, 4388746.489388142712414 ], [ 424859.354229784454219, 4388746.489388142712414 ], [ 424859.354229784454219, 4388742.489388142712414 ], [ 424860.354229784454219, 4388742.489388142712414 ], [ 424860.354229784454219, 4388739.489388142712414 ], [ 424861.354229784454219, 4388739.489388142712414 ], [ 424861.354229784454219, 4388736.489388142712414 ], [ 424862.354229784454219, 4388736.489388142712414 ], [ 424862.354229784454219, 4388732.489388142712414 ], [ 424863.354229784454219, 4388732.489388142712414 ], [ 424863.354229784454219, 4388729.489388142712414 ], [ 424864.354229784454219, 4388729.489388142712414 ], [ 424864.354229784454219, 4388725.489388142712414 ], [ 424865.354229784454219, 4388725.489388142712414 ], [ 424865.354229784454219, 4388721.489388142712414 ], [ 424866.354229784454219, 4388721.489388142712414 ], [ 424866.354229784454219, 4388717.489388142712414 ], [ 424867.354229784454219, 4388717.489388142712414 ], [ 424867.354229784454219, 4388712.489388142712414 ], [ 424868.354229784454219, 4388712.489388142712414 ], [ 424868.354229784454219, 4388705.489388142712414 ], [ 424869.354229784454219, 4388705.489388142712414 ], [ 424869.354229784454219, 4388697.489388142712414 ], [ 424870.354229784454219, 4388697.489388142712414 ], [ 424870.354229784454219, 4388681.489388142712414 ], [ 424871.354229784454219, 4388681.489388142712414 ], [ 424871.354229784454219, 4388679.489388142712414 ], [ 424870.354229784454219, 4388679.489388142712414 ], [ 424870.354229784454219, 4388661.489388142712414 ], [ 424869.354229784454219, 4388661.489388142712414 ], [ 424869.354229784454219, 4388650.489388142712414 ], [ 424868.354229784454219, 4388650.489388142712414 ], [ 424868.354229784454219, 4388627.489388142712414 ], [ 424867.354229784454219, 4388627.489388142712414 ], [ 424867.354229784454219, 4388618.489388142712414 ], [ 424868.354229784454219, 4388618.489388142712414 ], [ 424868.354229784454219, 4388599.489388142712414 ], [ 424869.354229784454219, 4388599.489388142712414 ], [ 424869.354229784454219, 4388581.489388142712414 ], [ 424870.354229784454219, 4388581.489388142712414 ], [ 424870.354229784454219, 4388572.489388142712414 ], [ 424871.354229784454219, 4388572.489388142712414 ], [ 424871.354229784454219, 4388560.489388142712414 ], [ 424870.354229784454219, 4388560.489388142712414 ], [ 424870.354229784454219, 4388537.489388142712414 ], [ 424869.354229784454219, 4388537.489388142712414 ], [ 424869.354229784454219, 4388535.489388142712414 ], [ 424870.354229784454219, 4388535.489388142712414 ], [ 424870.354229784454219, 4388534.489388142712414 ], [ 424869.354229784454219, 4388534.489388142712414 ], [ 424869.354229784454219, 4388531.489388142712414 ], [ 424868.354229784454219, 4388531.489388142712414 ], [ 424868.354229784454219, 4388529.489388142712414 ], [ 424869.354229784454219, 4388529.489388142712414 ], [ 424869.354229784454219, 4388528.489388142712414 ], [ 424868.354229784454219, 4388528.489388142712414 ], [ 424868.354229784454219, 4388527.489388142712414 ], [ 424869.354229784454219, 4388527.489388142712414 ], [ 424869.354229784454219, 4388523.489388142712414 ], [ 424868.354229784454219, 4388523.489388142712414 ], [ 424868.354229784454219, 4388512.489388142712414 ], [ 424869.354229784454219, 4388512.489388142712414 ], [ 424869.354229784454219, 4388509.489388142712414 ], [ 424868.354229784454219, 4388509.489388142712414 ], [ 424868.354229784454219, 4388505.489388142712414 ], [ 424869.354229784454219, 4388505.489388142712414 ], [ 424869.354229784454219, 4388501.489388142712414 ], [ 424870.354229784454219, 4388501.489388142712414 ], [ 424870.354229784454219, 4388494.489388142712414 ], [ 424869.354229784454219, 4388494.489388142712414 ], [ 424869.354229784454219, 4388486.489388142712414 ], [ 424868.354229784454219, 4388486.489388142712414 ], [ 424868.354229784454219, 4388480.489388142712414 ], [ 424867.354229784454219, 4388480.489388142712414 ], [ 424867.354229784454219, 4388474.489388142712414 ], [ 424866.354229784454219, 4388474.489388142712414 ], [ 424866.354229784454219, 4388467.489388142712414 ], [ 424865.354229784454219, 4388467.489388142712414 ], [ 424865.354229784454219, 4388460.489388142712414 ], [ 424864.354229784454219, 4388460.489388142712414 ], [ 424864.354229784454219, 4388453.489388142712414 ], [ 424863.354229784454219, 4388453.489388142712414 ], [ 424863.354229784454219, 4388444.489388142712414 ], [ 424862.354229784454219, 4388444.489388142712414 ], [ 424862.354229784454219, 4388438.489388142712414 ], [ 424861.354229784454219, 4388438.489388142712414 ], [ 424861.354229784454219, 4388432.489388142712414 ], [ 424860.354229784454219, 4388432.489388142712414 ], [ 424860.354229784454219, 4388428.489388142712414 ], [ 424859.354229784454219, 4388428.489388142712414 ], [ 424859.354229784454219, 4388426.489388142712414 ], [ 424856.354229784454219, 4388426.489388142712414 ], [ 424856.354229784454219, 4388425.489388142712414 ], [ 424852.354229784454219, 4388425.489388142712414 ], [ 424852.354229784454219, 4388424.489388142712414 ], [ 424850.354229784454219, 4388424.489388142712414 ], [ 424850.354229784454219, 4388423.489388142712414 ], [ 424848.354229784454219, 4388423.489388142712414 ], [ 424848.354229784454219, 4388422.489388142712414 ], [ 424846.354229784454219, 4388422.489388142712414 ], [ 424846.354229784454219, 4388420.489388142712414 ], [ 424845.354229784454219, 4388420.489388142712414 ], [ 424845.354229784454219, 4388417.489388142712414 ], [ 424844.354229784454219, 4388417.489388142712414 ], [ 424844.354229784454219, 4388416.489388142712414 ], [ 424843.354229784454219, 4388416.489388142712414 ], [ 424843.354229784454219, 4388415.489388142712414 ], [ 424842.354229784454219, 4388415.489388142712414 ], [ 424842.354229784454219, 4388414.489388142712414 ], [ 424841.354229784454219, 4388414.489388142712414 ], [ 424841.354229784454219, 4388411.489388142712414 ], [ 424839.354229784454219, 4388411.489388142712414 ], [ 424839.354229784454219, 4388410.489388142712414 ], [ 424837.354229784454219, 4388410.489388142712414 ], [ 424837.354229784454219, 4388409.489388142712414 ], [ 424835.354229784454219, 4388409.489388142712414 ], [ 424835.354229784454219, 4388407.489388142712414 ], [ 424834.354229784454219, 4388407.489388142712414 ], [ 424834.354229784454219, 4388406.489388142712414 ], [ 424833.354229784454219, 4388406.489388142712414 ], [ 424833.354229784454219, 4388404.489388142712414 ], [ 424832.354229784454219, 4388404.489388142712414 ], [ 424832.354229784454219, 4388402.489388142712414 ], [ 424831.354229784454219, 4388402.489388142712414 ], [ 424831.354229784454219, 4388400.489388142712414 ], [ 424830.354229784454219, 4388400.489388142712414 ], [ 424830.354229784454219, 4388398.489388142712414 ], [ 424832.354229784454219, 4388398.489388142712414 ], [ 424832.354229784454219, 4388395.489388142712414 ], [ 424833.354229784454219, 4388395.489388142712414 ], [ 424833.354229784454219, 4388393.489388142712414 ], [ 424834.354229784454219, 4388393.489388142712414 ], [ 424834.354229784454219, 4388384.489388142712414 ], [ 424835.354229784454219, 4388384.489388142712414 ], [ 424835.354229784454219, 4388382.489388142712414 ], [ 424834.354229784454219, 4388382.489388142712414 ], [ 424834.354229784454219, 4388378.489388142712414 ], [ 424833.354229784454219, 4388378.489388142712414 ], [ 424833.354229784454219, 4388372.489388142712414 ], [ 424832.354229784454219, 4388372.489388142712414 ], [ 424832.354229784454219, 4388369.489388142712414 ], [ 424831.354229784454219, 4388369.489388142712414 ], [ 424831.354229784454219, 4388368.489388142712414 ], [ 424828.354229784454219, 4388368.489388142712414 ], [ 424828.354229784454219, 4388367.489388142712414 ], [ 424823.354229784454219, 4388367.489388142712414 ], [ 424823.354229784454219, 4388366.489388142712414 ], [ 424820.354229784454219, 4388366.489388142712414 ], [ 424820.354229784454219, 4388365.489388142712414 ], [ 424818.354229784454219, 4388365.489388142712414 ], [ 424818.354229784454219, 4388364.489388142712414 ], [ 424817.354229784454219, 4388364.489388142712414 ], [ 424817.354229784454219, 4388363.489388142712414 ], [ 424816.354229784454219, 4388363.489388142712414 ], [ 424816.354229784454219, 4388362.489388142712414 ], [ 424815.354229784454219, 4388362.489388142712414 ], [ 424815.354229784454219, 4388361.489388142712414 ], [ 424814.354229784454219, 4388361.489388142712414 ], [ 424814.354229784454219, 4388360.489388142712414 ], [ 424813.354229784454219, 4388360.489388142712414 ], [ 424813.354229784454219, 4388359.489388142712414 ], [ 424812.354229784454219, 4388359.489388142712414 ], [ 424812.354229784454219, 4388358.489388142712414 ], [ 424810.354229784454219, 4388358.489388142712414 ], [ 424810.354229784454219, 4388357.489388142712414 ], [ 424809.354229784454219, 4388357.489388142712414 ], [ 424809.354229784454219, 4388356.489388142712414 ], [ 424808.354229784454219, 4388356.489388142712414 ], [ 424808.354229784454219, 4388355.489388142712414 ], [ 424807.354229784454219, 4388355.489388142712414 ], [ 424807.354229784454219, 4388353.489388142712414 ], [ 424808.354229784454219, 4388353.489388142712414 ], [ 424808.354229784454219, 4388352.489388142712414 ], [ 424809.354229784454219, 4388352.489388142712414 ], [ 424809.354229784454219, 4388351.489388142712414 ], [ 424810.354229784454219, 4388351.489388142712414 ], [ 424810.354229784454219, 4388350.489388142712414 ], [ 424812.354229784454219, 4388350.489388142712414 ], [ 424812.354229784454219, 4388349.489388142712414 ], [ 424811.354229784454219, 4388349.489388142712414 ], [ 424811.354229784454219, 4388345.489388142712414 ], [ 424810.354229784454219, 4388345.489388142712414 ], [ 424810.354229784454219, 4388344.489388142712414 ], [ 424811.354229784454219, 4388344.489388142712414 ], [ 424811.354229784454219, 4388343.489388142712414 ], [ 424813.354229784454219, 4388343.489388142712414 ], [ 424813.354229784454219, 4388344.489388142712414 ], [ 424815.354229784454219, 4388344.489388142712414 ], [ 424815.354229784454219, 4388345.489388142712414 ], [ 424816.354229784454219, 4388345.489388142712414 ], [ 424816.354229784454219, 4388346.489388142712414 ], [ 424817.354229784454219, 4388346.489388142712414 ], [ 424817.354229784454219, 4388347.489388142712414 ], [ 424818.354229784454219, 4388347.489388142712414 ], [ 424818.354229784454219, 4388348.489388142712414 ], [ 424820.354229784454219, 4388348.489388142712414 ], [ 424820.354229784454219, 4388349.489388142712414 ], [ 424824.354229784454219, 4388349.489388142712414 ], [ 424824.354229784454219, 4388350.489388142712414 ], [ 424827.354229784454219, 4388350.489388142712414 ], [ 424827.354229784454219, 4388351.489388142712414 ], [ 424828.354229784454219, 4388351.489388142712414 ], [ 424828.354229784454219, 4388350.489388142712414 ], [ 424829.354229784454219, 4388350.489388142712414 ], [ 424829.354229784454219, 4388352.489388142712414 ], [ 424830.354229784454219, 4388352.489388142712414 ], [ 424830.354229784454219, 4388353.489388142712414 ], [ 424831.354229784454219, 4388353.489388142712414 ], [ 424831.354229784454219, 4388355.489388142712414 ], [ 424833.354229784454219, 4388355.489388142712414 ], [ 424833.354229784454219, 4388356.489388142712414 ], [ 424839.354229784454219, 4388356.489388142712414 ], [ 424839.354229784454219, 4388357.489388142712414 ], [ 424840.354229784454219, 4388357.489388142712414 ], [ 424840.354229784454219, 4388356.489388142712414 ], [ 424842.354229784454219, 4388356.489388142712414 ], [ 424842.354229784454219, 4388354.489388142712414 ], [ 424841.354229784454219, 4388354.489388142712414 ], [ 424841.354229784454219, 4388350.489388142712414 ], [ 424840.354229784454219, 4388350.489388142712414 ], [ 424840.354229784454219, 4388349.489388142712414 ], [ 424841.354229784454219, 4388349.489388142712414 ], [ 424841.354229784454219, 4388348.489388142712414 ], [ 424840.354229784454219, 4388348.489388142712414 ], [ 424840.354229784454219, 4388347.489388142712414 ], [ 424839.354229784454219, 4388347.489388142712414 ], [ 424839.354229784454219, 4388346.489388142712414 ], [ 424838.354229784454219, 4388346.489388142712414 ], [ 424838.354229784454219, 4388343.489388142712414 ], [ 424839.354229784454219, 4388343.489388142712414 ], [ 424839.354229784454219, 4388341.489388142712414 ], [ 424840.354229784454219, 4388341.489388142712414 ], [ 424840.354229784454219, 4388340.489388142712414 ], [ 424841.354229784454219, 4388340.489388142712414 ], [ 424841.354229784454219, 4388339.489388142712414 ], [ 424846.354229784454219, 4388339.489388142712414 ], [ 424846.354229784454219, 4388340.489388142712414 ], [ 424848.354229784454219, 4388340.489388142712414 ], [ 424848.354229784454219, 4388341.489388142712414 ], [ 424849.354229784454219, 4388341.489388142712414 ], [ 424849.354229784454219, 4388340.489388142712414 ], [ 424850.354229784454219, 4388340.489388142712414 ], [ 424850.354229784454219, 4388338.489388142712414 ], [ 424853.354229784454219, 4388338.489388142712414 ], [ 424853.354229784454219, 4388339.489388142712414 ], [ 424854.354229784454219, 4388339.489388142712414 ], [ 424854.354229784454219, 4388341.489388142712414 ], [ 424855.354229784454219, 4388341.489388142712414 ], [ 424855.354229784454219, 4388342.489388142712414 ], [ 424856.354229784454219, 4388342.489388142712414 ], [ 424856.354229784454219, 4388344.489388142712414 ], [ 424857.354229784454219, 4388344.489388142712414 ], [ 424857.354229784454219, 4388345.489388142712414 ], [ 424858.354229784454219, 4388345.489388142712414 ], [ 424858.354229784454219, 4388351.489388142712414 ], [ 424859.354229784454219, 4388351.489388142712414 ], [ 424859.354229784454219, 4388353.489388142712414 ], [ 424860.354229784454219, 4388353.489388142712414 ], [ 424860.354229784454219, 4388354.489388142712414 ], [ 424862.354229784454219, 4388354.489388142712414 ], [ 424862.354229784454219, 4388355.489388142712414 ], [ 424863.354229784454219, 4388355.489388142712414 ], [ 424863.354229784454219, 4388356.489388142712414 ], [ 424865.354229784454219, 4388356.489388142712414 ], [ 424865.354229784454219, 4388358.489388142712414 ], [ 424866.354229784454219, 4388358.489388142712414 ], [ 424866.354229784454219, 4388368.489388142712414 ], [ 424867.354229784454219, 4388368.489388142712414 ], [ 424867.354229784454219, 4388370.489388142712414 ], [ 424868.354229784454219, 4388370.489388142712414 ], [ 424868.354229784454219, 4388372.489388142712414 ], [ 424869.354229784454219, 4388372.489388142712414 ], [ 424869.354229784454219, 4388374.489388142712414 ], [ 424870.354229784454219, 4388374.489388142712414 ], [ 424870.354229784454219, 4388376.489388142712414 ], [ 424871.354229784454219, 4388376.489388142712414 ], [ 424871.354229784454219, 4388377.489388142712414 ], [ 424872.354229784454219, 4388377.489388142712414 ], [ 424872.354229784454219, 4388378.489388142712414 ], [ 424873.354229784454219, 4388378.489388142712414 ], [ 424873.354229784454219, 4388379.489388142712414 ], [ 424874.354229784454219, 4388379.489388142712414 ], [ 424874.354229784454219, 4388380.489388142712414 ], [ 424876.354229784454219, 4388380.489388142712414 ], [ 424876.354229784454219, 4388381.489388142712414 ], [ 424878.354229784454219, 4388381.489388142712414 ], [ 424878.354229784454219, 4388382.489388142712414 ], [ 424879.354229784454219, 4388382.489388142712414 ], [ 424879.354229784454219, 4388383.489388142712414 ], [ 424880.354229784454219, 4388383.489388142712414 ], [ 424880.354229784454219, 4388384.489388142712414 ], [ 424882.354229784454219, 4388384.489388142712414 ], [ 424882.354229784454219, 4388385.489388142712414 ], [ 424883.354229784454219, 4388385.489388142712414 ], [ 424883.354229784454219, 4388386.489388142712414 ], [ 424884.354229784454219, 4388386.489388142712414 ], [ 424884.354229784454219, 4388387.489388142712414 ], [ 424885.354229784454219, 4388387.489388142712414 ], [ 424885.354229784454219, 4388388.489388142712414 ], [ 424886.354229784454219, 4388388.489388142712414 ], [ 424886.354229784454219, 4388389.489388142712414 ], [ 424888.354229784454219, 4388389.489388142712414 ], [ 424888.354229784454219, 4388391.489388142712414 ], [ 424889.354229784454219, 4388391.489388142712414 ], [ 424889.354229784454219, 4388392.489388142712414 ], [ 424890.354229784454219, 4388392.489388142712414 ], [ 424890.354229784454219, 4388393.489388142712414 ], [ 424891.354229784454219, 4388393.489388142712414 ], [ 424891.354229784454219, 4388394.489388142712414 ], [ 424892.354229784454219, 4388394.489388142712414 ], [ 424892.354229784454219, 4388395.489388142712414 ], [ 424893.354229784454219, 4388395.489388142712414 ], [ 424893.354229784454219, 4388396.489388142712414 ], [ 424895.354229784454219, 4388396.489388142712414 ], [ 424895.354229784454219, 4388397.489388142712414 ], [ 424904.354229784454219, 4388397.489388142712414 ], [ 424904.354229784454219, 4388398.489388142712414 ], [ 424907.354229784454219, 4388398.489388142712414 ], [ 424907.354229784454219, 4388399.489388142712414 ], [ 424911.354229784454219, 4388399.489388142712414 ], [ 424911.354229784454219, 4388400.489388142712414 ], [ 424914.354229784454219, 4388400.489388142712414 ], [ 424914.354229784454219, 4388401.489388142712414 ], [ 424917.354229784454219, 4388401.489388142712414 ], [ 424917.354229784454219, 4388402.489388142712414 ], [ 424918.354229784454219, 4388402.489388142712414 ], [ 424918.354229784454219, 4388414.489388142712414 ], [ 424921.354229784454219, 4388414.489388142712414 ], [ 424921.354229784454219, 4388415.489388142712414 ], [ 424923.354229784454219, 4388415.489388142712414 ], [ 424923.354229784454219, 4388416.489388142712414 ], [ 424926.354229784454219, 4388416.489388142712414 ], [ 424926.354229784454219, 4388408.489388142712414 ], [ 424925.354229784454219, 4388408.489388142712414 ], [ 424925.354229784454219, 4388405.489388142712414 ], [ 424927.354229784454219, 4388405.489388142712414 ], [ 424927.354229784454219, 4388404.489388142712414 ], [ 424931.354229784454219, 4388404.489388142712414 ], [ 424931.354229784454219, 4388405.489388142712414 ], [ 424943.354229784454219, 4388405.489388142712414 ], [ 424943.354229784454219, 4388406.489388142712414 ], [ 424944.354229784454219, 4388406.489388142712414 ], [ 424944.354229784454219, 4388405.489388142712414 ], [ 424945.354229784454219, 4388405.489388142712414 ], [ 424945.354229784454219, 4388406.489388142712414 ], [ 424953.354229784454219, 4388406.489388142712414 ], [ 424953.354229784454219, 4388407.489388142712414 ], [ 424959.354229784454219, 4388407.489388142712414 ], [ 424959.354229784454219, 4388408.489388142712414 ], [ 424963.354229784454219, 4388408.489388142712414 ], [ 424963.354229784454219, 4388409.489388142712414 ], [ 424965.354229784454219, 4388409.489388142712414 ], [ 424965.354229784454219, 4388410.489388142712414 ], [ 424967.354229784454219, 4388410.489388142712414 ], [ 424967.354229784454219, 4388411.489388142712414 ], [ 424974.354229784454219, 4388411.489388142712414 ], [ 424974.354229784454219, 4388412.489388142712414 ], [ 424976.354229784454219, 4388412.489388142712414 ], [ 424976.354229784454219, 4388413.489388142712414 ], [ 424978.354229784454219, 4388413.489388142712414 ], [ 424978.354229784454219, 4388414.489388142712414 ], [ 424979.354229784454219, 4388414.489388142712414 ], [ 424979.354229784454219, 4388415.489388142712414 ], [ 424980.354229784454219, 4388415.489388142712414 ], [ 424980.354229784454219, 4388416.489388142712414 ], [ 424981.354229784454219, 4388416.489388142712414 ], [ 424981.354229784454219, 4388417.489388142712414 ], [ 424982.354229784454219, 4388417.489388142712414 ], [ 424982.354229784454219, 4388418.489388142712414 ], [ 424984.354229784454219, 4388418.489388142712414 ], [ 424984.354229784454219, 4388420.489388142712414 ], [ 424985.354229784454219, 4388420.489388142712414 ], [ 424985.354229784454219, 4388422.489388142712414 ], [ 424986.354229784454219, 4388422.489388142712414 ], [ 424986.354229784454219, 4388423.489388142712414 ], [ 424988.354229784454219, 4388423.489388142712414 ], [ 424988.354229784454219, 4388424.489388142712414 ], [ 424994.354229784454219, 4388424.489388142712414 ], [ 424994.354229784454219, 4388425.489388142712414 ], [ 424996.354229784454219, 4388425.489388142712414 ], [ 424996.354229784454219, 4388426.489388142712414 ], [ 425001.354229784454219, 4388426.489388142712414 ], [ 425001.354229784454219, 4388427.489388142712414 ], [ 425003.354229784454219, 4388427.489388142712414 ], [ 425003.354229784454219, 4388428.489388142712414 ], [ 425004.354229784454219, 4388428.489388142712414 ], [ 425004.354229784454219, 4388429.489388142712414 ], [ 425005.354229784454219, 4388429.489388142712414 ], [ 425005.354229784454219, 4388430.489388142712414 ], [ 425006.354229784454219, 4388430.489388142712414 ], [ 425006.354229784454219, 4388431.489388142712414 ], [ 425007.354229784454219, 4388431.489388142712414 ], [ 425007.354229784454219, 4388432.489388142712414 ], [ 425008.354229784454219, 4388432.489388142712414 ], [ 425008.354229784454219, 4388434.489388142712414 ], [ 425009.354229784454219, 4388434.489388142712414 ], [ 425009.354229784454219, 4388438.489388142712414 ], [ 425010.354229784454219, 4388438.489388142712414 ], [ 425010.354229784454219, 4388440.489388142712414 ], [ 425011.354229784454219, 4388440.489388142712414 ], [ 425011.354229784454219, 4388441.489388142712414 ], [ 425014.354229784454219, 4388441.489388142712414 ], [ 425014.354229784454219, 4388442.489388142712414 ], [ 425015.354229784454219, 4388442.489388142712414 ], [ 425015.354229784454219, 4388443.489388142712414 ], [ 425016.354229784454219, 4388443.489388142712414 ], [ 425016.354229784454219, 4388444.489388142712414 ], [ 425017.354229784454219, 4388444.489388142712414 ], [ 425017.354229784454219, 4388445.489388142712414 ], [ 425018.354229784454219, 4388445.489388142712414 ], [ 425018.354229784454219, 4388447.489388142712414 ], [ 425019.354229784454219, 4388447.489388142712414 ], [ 425019.354229784454219, 4388449.489388142712414 ], [ 425021.354229784454219, 4388449.489388142712414 ], [ 425021.354229784454219, 4388450.489388142712414 ], [ 425022.354229784454219, 4388450.489388142712414 ], [ 425022.354229784454219, 4388451.489388142712414 ], [ 425024.354229784454219, 4388451.489388142712414 ], [ 425024.354229784454219, 4388452.489388142712414 ], [ 425025.354229784454219, 4388452.489388142712414 ], [ 425025.354229784454219, 4388461.489388142712414 ], [ 425024.354229784454219, 4388461.489388142712414 ], [ 425024.354229784454219, 4388468.489388142712414 ], [ 425023.354229784454219, 4388468.489388142712414 ], [ 425023.354229784454219, 4388473.489388142712414 ], [ 425022.354229784454219, 4388473.489388142712414 ], [ 425022.354229784454219, 4388477.489388142712414 ], [ 425021.354229784454219, 4388477.489388142712414 ], [ 425021.354229784454219, 4388480.489388142712414 ], [ 425020.354229784454219, 4388480.489388142712414 ], [ 425020.354229784454219, 4388482.489388142712414 ], [ 425019.354229784454219, 4388482.489388142712414 ], [ 425019.354229784454219, 4388485.489388142712414 ], [ 425018.354229784454219, 4388485.489388142712414 ], [ 425018.354229784454219, 4388487.489388142712414 ], [ 425017.354229784454219, 4388487.489388142712414 ], [ 425017.354229784454219, 4388490.489388142712414 ], [ 425016.354229784454219, 4388490.489388142712414 ], [ 425016.354229784454219, 4388493.489388142712414 ], [ 425015.354229784454219, 4388493.489388142712414 ], [ 425015.354229784454219, 4388495.489388142712414 ], [ 425014.354229784454219, 4388495.489388142712414 ], [ 425014.354229784454219, 4388499.489388142712414 ], [ 425013.354229784454219, 4388499.489388142712414 ], [ 425013.354229784454219, 4388502.489388142712414 ], [ 425012.354229784454219, 4388502.489388142712414 ], [ 425012.354229784454219, 4388505.489388142712414 ], [ 425011.354229784454219, 4388505.489388142712414 ], [ 425011.354229784454219, 4388509.489388142712414 ], [ 425010.354229784454219, 4388509.489388142712414 ], [ 425010.354229784454219, 4388510.489388142712414 ], [ 425008.354229784454219, 4388510.489388142712414 ], [ 425008.354229784454219, 4388511.489388142712414 ], [ 425009.354229784454219, 4388511.489388142712414 ], [ 425009.354229784454219, 4388513.489388142712414 ], [ 425008.354229784454219, 4388513.489388142712414 ], [ 425008.354229784454219, 4388515.489388142712414 ], [ 425007.354229784454219, 4388515.489388142712414 ], [ 425007.354229784454219, 4388517.489388142712414 ], [ 425005.354229784454219, 4388517.489388142712414 ], [ 425005.354229784454219, 4388518.489388142712414 ], [ 425006.354229784454219, 4388518.489388142712414 ], [ 425006.354229784454219, 4388520.489388142712414 ], [ 425004.354229784454219, 4388520.489388142712414 ], [ 425004.354229784454219, 4388521.489388142712414 ], [ 425005.354229784454219, 4388521.489388142712414 ], [ 425005.354229784454219, 4388525.489388142712414 ], [ 425004.354229784454219, 4388525.489388142712414 ], [ 425004.354229784454219, 4388533.489388142712414 ], [ 425003.354229784454219, 4388533.489388142712414 ], [ 425003.354229784454219, 4388573.489388142712414 ], [ 425002.354229784454219, 4388573.489388142712414 ], [ 425002.354229784454219, 4388578.489388142712414 ], [ 425001.354229784454219, 4388578.489388142712414 ], [ 425001.354229784454219, 4388581.489388142712414 ], [ 425000.354229784454219, 4388581.489388142712414 ], [ 425000.354229784454219, 4388585.489388142712414 ], [ 424999.354229784454219, 4388585.489388142712414 ], [ 424999.354229784454219, 4388588.489388142712414 ], [ 424998.354229784454219, 4388588.489388142712414 ], [ 424998.354229784454219, 4388593.489388142712414 ], [ 424997.354229784454219, 4388593.489388142712414 ], [ 424997.354229784454219, 4388596.489388142712414 ], [ 424996.354229784454219, 4388596.489388142712414 ], [ 424996.354229784454219, 4388600.489388142712414 ], [ 424995.354229784454219, 4388600.489388142712414 ], [ 424995.354229784454219, 4388603.489388142712414 ], [ 424994.354229784454219, 4388603.489388142712414 ], [ 424994.354229784454219, 4388606.489388142712414 ], [ 424993.354229784454219, 4388606.489388142712414 ], [ 424993.354229784454219, 4388608.489388142712414 ], [ 424992.354229784454219, 4388608.489388142712414 ], [ 424992.354229784454219, 4388611.489388142712414 ], [ 424991.354229784454219, 4388611.489388142712414 ], [ 424991.354229784454219, 4388614.489388142712414 ], [ 424990.354229784454219, 4388614.489388142712414 ], [ 424990.354229784454219, 4388617.489388142712414 ], [ 424989.354229784454219, 4388617.489388142712414 ], [ 424989.354229784454219, 4388619.489388142712414 ], [ 424988.354229784454219, 4388619.489388142712414 ], [ 424988.354229784454219, 4388622.489388142712414 ], [ 424987.354229784454219, 4388622.489388142712414 ], [ 424987.354229784454219, 4388625.489388142712414 ], [ 424986.354229784454219, 4388625.489388142712414 ], [ 424986.354229784454219, 4388628.489388142712414 ], [ 424985.354229784454219, 4388628.489388142712414 ], [ 424985.354229784454219, 4388630.489388142712414 ], [ 424984.354229784454219, 4388630.489388142712414 ], [ 424984.354229784454219, 4388632.489388142712414 ], [ 424983.354229784454219, 4388632.489388142712414 ], [ 424983.354229784454219, 4388634.489388142712414 ], [ 424982.354229784454219, 4388634.489388142712414 ], [ 424982.354229784454219, 4388638.489388142712414 ], [ 424981.354229784454219, 4388638.489388142712414 ], [ 424981.354229784454219, 4388645.489388142712414 ], [ 424980.354229784454219, 4388645.489388142712414 ], [ 424980.354229784454219, 4388647.489388142712414 ], [ 424979.354229784454219, 4388647.489388142712414 ], [ 424979.354229784454219, 4388649.489388142712414 ], [ 424978.354229784454219, 4388649.489388142712414 ], [ 424978.354229784454219, 4388650.489388142712414 ], [ 424977.354229784454219, 4388650.489388142712414 ], [ 424977.354229784454219, 4388651.489388142712414 ], [ 424976.354229784454219, 4388651.489388142712414 ], [ 424976.354229784454219, 4388653.489388142712414 ], [ 424974.354229784454219, 4388653.489388142712414 ], [ 424974.354229784454219, 4388655.489388142712414 ], [ 424972.354229784454219, 4388655.489388142712414 ], [ 424972.354229784454219, 4388656.489388142712414 ], [ 424970.354229784454219, 4388656.489388142712414 ], [ 424970.354229784454219, 4388657.489388142712414 ], [ 424969.354229784454219, 4388657.489388142712414 ], [ 424969.354229784454219, 4388658.489388142712414 ], [ 424968.354229784454219, 4388658.489388142712414 ], [ 424968.354229784454219, 4388659.489388142712414 ], [ 424967.354229784454219, 4388659.489388142712414 ], [ 424967.354229784454219, 4388660.489388142712414 ], [ 424966.354229784454219, 4388660.489388142712414 ], [ 424966.354229784454219, 4388661.489388142712414 ], [ 424965.354229784454219, 4388661.489388142712414 ], [ 424965.354229784454219, 4388662.489388142712414 ], [ 424963.354229784454219, 4388662.489388142712414 ], [ 424963.354229784454219, 4388663.489388142712414 ], [ 424962.354229784454219, 4388663.489388142712414 ], [ 424962.354229784454219, 4388665.489388142712414 ], [ 424961.354229784454219, 4388665.489388142712414 ], [ 424961.354229784454219, 4388666.489388142712414 ], [ 424960.354229784454219, 4388666.489388142712414 ], [ 424960.354229784454219, 4388668.489388142712414 ], [ 424959.354229784454219, 4388668.489388142712414 ], [ 424959.354229784454219, 4388669.489388142712414 ], [ 424958.354229784454219, 4388669.489388142712414 ], [ 424958.354229784454219, 4388671.489388142712414 ], [ 424957.354229784454219, 4388671.489388142712414 ], [ 424957.354229784454219, 4388673.489388142712414 ], [ 424956.354229784454219, 4388673.489388142712414 ], [ 424956.354229784454219, 4388675.489388142712414 ], [ 424955.354229784454219, 4388675.489388142712414 ], [ 424955.354229784454219, 4388678.489388142712414 ], [ 424954.354229784454219, 4388678.489388142712414 ], [ 424954.354229784454219, 4388681.489388142712414 ], [ 424953.354229784454219, 4388681.489388142712414 ], [ 424953.354229784454219, 4388684.489388142712414 ], [ 424952.354229784454219, 4388684.489388142712414 ], [ 424952.354229784454219, 4388687.489388142712414 ], [ 424951.354229784454219, 4388687.489388142712414 ], [ 424951.354229784454219, 4388690.489388142712414 ], [ 424950.354229784454219, 4388690.489388142712414 ], [ 424950.354229784454219, 4388693.489388142712414 ], [ 424949.354229784454219, 4388693.489388142712414 ], [ 424949.354229784454219, 4388696.489388142712414 ], [ 424948.354229784454219, 4388696.489388142712414 ], [ 424948.354229784454219, 4388699.489388142712414 ], [ 424947.354229784454219, 4388699.489388142712414 ], [ 424947.354229784454219, 4388701.489388142712414 ], [ 424946.354229784454219, 4388701.489388142712414 ], [ 424946.354229784454219, 4388703.489388142712414 ], [ 424945.354229784454219, 4388703.489388142712414 ], [ 424945.354229784454219, 4388705.489388142712414 ], [ 424944.354229784454219, 4388705.489388142712414 ], [ 424944.354229784454219, 4388707.489388142712414 ], [ 424943.354229784454219, 4388707.489388142712414 ], [ 424943.354229784454219, 4388709.489388142712414 ], [ 424942.354229784454219, 4388709.489388142712414 ], [ 424942.354229784454219, 4388711.489388142712414 ], [ 424941.354229784454219, 4388711.489388142712414 ], [ 424941.354229784454219, 4388714.489388142712414 ], [ 424940.354229784454219, 4388714.489388142712414 ], [ 424940.354229784454219, 4388716.489388142712414 ], [ 424939.354229784454219, 4388716.489388142712414 ], [ 424939.354229784454219, 4388718.489388142712414 ], [ 424938.354229784454219, 4388718.489388142712414 ], [ 424938.354229784454219, 4388719.489388142712414 ], [ 424937.354229784454219, 4388719.489388142712414 ], [ 424937.354229784454219, 4388721.489388142712414 ], [ 424936.354229784454219, 4388721.489388142712414 ], [ 424936.354229784454219, 4388722.489388142712414 ], [ 424935.354229784454219, 4388722.489388142712414 ], [ 424935.354229784454219, 4388724.489388142712414 ], [ 424934.354229784454219, 4388724.489388142712414 ], [ 424934.354229784454219, 4388725.489388142712414 ], [ 424933.354229784454219, 4388725.489388142712414 ], [ 424933.354229784454219, 4388726.489388142712414 ], [ 424932.354229784454219, 4388726.489388142712414 ], [ 424932.354229784454219, 4388728.489388142712414 ], [ 424931.354229784454219, 4388728.489388142712414 ], [ 424931.354229784454219, 4388729.489388142712414 ], [ 424930.354229784454219, 4388729.489388142712414 ], [ 424930.354229784454219, 4388730.489388142712414 ], [ 424929.354229784454219, 4388730.489388142712414 ], [ 424929.354229784454219, 4388732.489388142712414 ], [ 424928.354229784454219, 4388732.489388142712414 ], [ 424928.354229784454219, 4388733.489388142712414 ], [ 424927.354229784454219, 4388733.489388142712414 ], [ 424927.354229784454219, 4388734.489388142712414 ], [ 424926.354229784454219, 4388734.489388142712414 ], [ 424926.354229784454219, 4388735.489388142712414 ], [ 424925.354229784454219, 4388735.489388142712414 ], [ 424925.354229784454219, 4388736.489388142712414 ], [ 424923.354229784454219, 4388736.489388142712414 ], [ 424923.354229784454219, 4388737.489388142712414 ], [ 424922.354229784454219, 4388737.489388142712414 ], [ 424922.354229784454219, 4388738.489388142712414 ], [ 424921.354229784454219, 4388738.489388142712414 ], [ 424921.354229784454219, 4388739.489388142712414 ], [ 424920.354229784454219, 4388739.489388142712414 ], [ 424920.354229784454219, 4388740.489388142712414 ], [ 424919.354229784454219, 4388740.489388142712414 ], [ 424919.354229784454219, 4388741.489388142712414 ], [ 424918.354229784454219, 4388741.489388142712414 ], [ 424918.354229784454219, 4388742.489388142712414 ], [ 424917.354229784454219, 4388742.489388142712414 ], [ 424917.354229784454219, 4388743.489388142712414 ], [ 424916.354229784454219, 4388743.489388142712414 ], [ 424916.354229784454219, 4388744.489388142712414 ], [ 424915.354229784454219, 4388744.489388142712414 ], [ 424915.354229784454219, 4388745.489388142712414 ], [ 424914.354229784454219, 4388745.489388142712414 ], [ 424914.354229784454219, 4388746.489388142712414 ], [ 424913.354229784454219, 4388746.489388142712414 ], [ 424913.354229784454219, 4388747.489388142712414 ], [ 424912.354229784454219, 4388747.489388142712414 ], [ 424912.354229784454219, 4388748.489388142712414 ], [ 424911.354229784454219, 4388748.489388142712414 ], [ 424911.354229784454219, 4388749.489388142712414 ], [ 424910.354229784454219, 4388749.489388142712414 ], [ 424910.354229784454219, 4388750.489388142712414 ], [ 424909.354229784454219, 4388750.489388142712414 ], [ 424909.354229784454219, 4388752.489388142712414 ], [ 424908.354229784454219, 4388752.489388142712414 ], [ 424908.354229784454219, 4388754.489388142712414 ], [ 424907.354229784454219, 4388754.489388142712414 ], [ 424907.354229784454219, 4388755.489388142712414 ], [ 424906.354229784454219, 4388755.489388142712414 ], [ 424906.354229784454219, 4388758.489388142712414 ], [ 424905.354229784454219, 4388758.489388142712414 ], [ 424905.354229784454219, 4388760.489388142712414 ], [ 424904.354229784454219, 4388760.489388142712414 ], [ 424904.354229784454219, 4388762.489388142712414 ], [ 424903.354229784454219, 4388762.489388142712414 ], [ 424903.354229784454219, 4388764.489388142712414 ], [ 424902.354229784454219, 4388764.489388142712414 ], [ 424902.354229784454219, 4388766.489388142712414 ], [ 424901.354229784454219, 4388766.489388142712414 ], [ 424901.354229784454219, 4388768.489388142712414 ], [ 424900.354229784454219, 4388768.489388142712414 ], [ 424900.354229784454219, 4388770.489388142712414 ], [ 424899.354229784454219, 4388770.489388142712414 ], [ 424899.354229784454219, 4388772.489388142712414 ], [ 424898.354229784454219, 4388772.489388142712414 ], [ 424898.354229784454219, 4388773.489388142712414 ], [ 424897.354229784454219, 4388773.489388142712414 ], [ 424897.354229784454219, 4388775.489388142712414 ], [ 424896.354229784454219, 4388775.489388142712414 ], [ 424896.354229784454219, 4388777.489388142712414 ], [ 424895.354229784454219, 4388777.489388142712414 ], [ 424895.354229784454219, 4388779.489388142712414 ], [ 424894.354229784454219, 4388779.489388142712414 ], [ 424894.354229784454219, 4388780.489388142712414 ], [ 424893.354229784454219, 4388780.489388142712414 ], [ 424893.354229784454219, 4388782.489388142712414 ], [ 424892.354229784454219, 4388782.489388142712414 ], [ 424892.354229784454219, 4388784.489388142712414 ], [ 424891.354229784454219, 4388784.489388142712414 ], [ 424891.354229784454219, 4388787.489388142712414 ], [ 424890.354229784454219, 4388787.489388142712414 ], [ 424890.354229784454219, 4388789.489388142712414 ], [ 424889.354229784454219, 4388789.489388142712414 ], [ 424889.354229784454219, 4388792.489388142712414 ], [ 424888.354229784454219, 4388792.489388142712414 ], [ 424888.354229784454219, 4388794.489388142712414 ], [ 424887.354229784454219, 4388794.489388142712414 ], [ 424887.354229784454219, 4388796.489388142712414 ], [ 424886.354229784454219, 4388796.489388142712414 ], [ 424886.354229784454219, 4388799.489388142712414 ], [ 424885.354229784454219, 4388799.489388142712414 ], [ 424885.354229784454219, 4388802.489388142712414 ], [ 424884.354229784454219, 4388802.489388142712414 ], [ 424884.354229784454219, 4388804.489388142712414 ], [ 424883.354229784454219, 4388804.489388142712414 ], [ 424883.354229784454219, 4388807.489388142712414 ], [ 424882.354229784454219, 4388807.489388142712414 ], [ 424882.354229784454219, 4388809.489388142712414 ], [ 424881.354229784454219, 4388809.489388142712414 ], [ 424881.354229784454219, 4388811.489388142712414 ], [ 424880.354229784454219, 4388811.489388142712414 ], [ 424880.354229784454219, 4388814.489388142712414 ], [ 424879.354229784454219, 4388814.489388142712414 ], [ 424879.354229784454219, 4388816.489388142712414 ], [ 424878.354229784454219, 4388816.489388142712414 ], [ 424878.354229784454219, 4388818.489388142712414 ], [ 424877.354229784454219, 4388818.489388142712414 ], [ 424877.354229784454219, 4388820.489388142712414 ], [ 424876.354229784454219, 4388820.489388142712414 ], [ 424876.354229784454219, 4388822.489388142712414 ], [ 424875.354229784454219, 4388822.489388142712414 ], [ 424875.354229784454219, 4388824.489388142712414 ], [ 424874.354229784454219, 4388824.489388142712414 ], [ 424874.354229784454219, 4388827.489388142712414 ], [ 424873.354229784454219, 4388827.489388142712414 ], [ 424873.354229784454219, 4388829.489388142712414 ], [ 424872.354229784454219, 4388829.489388142712414 ], [ 424872.354229784454219, 4388831.489388142712414 ], [ 424871.354229784454219, 4388831.489388142712414 ], [ 424871.354229784454219, 4388833.489388142712414 ], [ 424870.354229784454219, 4388833.489388142712414 ], [ 424870.354229784454219, 4388834.489388142712414 ], [ 424871.354229784454219, 4388834.489388142712414 ], [ 424871.354229784454219, 4388835.489388142712414 ], [ 424870.354229784454219, 4388835.489388142712414 ], [ 424870.354229784454219, 4388839.489388142712414 ], [ 424869.354229784454219, 4388839.489388142712414 ], [ 424869.354229784454219, 4388845.489388142712414 ], [ 424870.354229784454219, 4388845.489388142712414 ], [ 424870.354229784454219, 4388851.489388142712414 ], [ 424871.354229784454219, 4388851.489388142712414 ], [ 424871.354229784454219, 4388856.489388142712414 ], [ 424872.354229784454219, 4388856.489388142712414 ], [ 424872.354229784454219, 4388862.489388142712414 ], [ 424873.354229784454219, 4388862.489388142712414 ], [ 424873.354229784454219, 4388867.489388142712414 ], [ 424874.354229784454219, 4388867.489388142712414 ], [ 424874.354229784454219, 4388872.489388142712414 ], [ 424875.354229784454219, 4388872.489388142712414 ], [ 424875.354229784454219, 4388877.489388142712414 ], [ 424876.354229784454219, 4388877.489388142712414 ], [ 424876.354229784454219, 4388881.489388142712414 ], [ 424877.354229784454219, 4388881.489388142712414 ], [ 424877.354229784454219, 4388887.489388142712414 ], [ 424878.354229784454219, 4388887.489388142712414 ], [ 424878.354229784454219, 4388893.489388142712414 ], [ 424879.354229784454219, 4388893.489388142712414 ], [ 424879.354229784454219, 4388899.489388142712414 ], [ 424880.354229784454219, 4388899.489388142712414 ], [ 424880.354229784454219, 4388904.489388142712414 ], [ 424881.354229784454219, 4388904.489388142712414 ], [ 424881.354229784454219, 4388909.489388142712414 ], [ 424882.354229784454219, 4388909.489388142712414 ], [ 424882.354229784454219, 4388914.489388142712414 ], [ 424883.354229784454219, 4388914.489388142712414 ], [ 424883.354229784454219, 4388919.489388142712414 ], [ 424884.354229784454219, 4388919.489388142712414 ], [ 424884.354229784454219, 4388922.489388142712414 ], [ 424885.354229784454219, 4388922.489388142712414 ], [ 424885.354229784454219, 4388926.489388142712414 ], [ 424886.354229784454219, 4388926.489388142712414 ], [ 424886.354229784454219, 4388930.489388142712414 ], [ 424887.354229784454219, 4388930.489388142712414 ], [ 424887.354229784454219, 4388937.489388142712414 ], [ 424888.354229784454219, 4388937.489388142712414 ], [ 424888.354229784454219, 4388952.489388142712414 ], [ 424887.354229784454219, 4388952.489388142712414 ], [ 424887.354229784454219, 4388956.489388142712414 ], [ 424886.354229784454219, 4388956.489388142712414 ], [ 424886.354229784454219, 4388958.489388142712414 ], [ 424885.354229784454219, 4388958.489388142712414 ], [ 424885.354229784454219, 4388961.489388142712414 ], [ 424884.354229784454219, 4388961.489388142712414 ], [ 424884.354229784454219, 4388962.489388142712414 ], [ 424883.354229784454219, 4388962.489388142712414 ], [ 424883.354229784454219, 4388964.489388142712414 ], [ 424882.354229784454219, 4388964.489388142712414 ], [ 424882.354229784454219, 4388965.489388142712414 ], [ 424881.354229784454219, 4388965.489388142712414 ], [ 424881.354229784454219, 4388967.489388142712414 ], [ 424880.354229784454219, 4388967.489388142712414 ], [ 424880.354229784454219, 4388968.489388142712414 ], [ 424879.354229784454219, 4388968.489388142712414 ], [ 424879.354229784454219, 4388970.489388142712414 ], [ 424878.354229784454219, 4388970.489388142712414 ], [ 424878.354229784454219, 4388971.489388142712414 ], [ 424877.354229784454219, 4388971.489388142712414 ], [ 424877.354229784454219, 4388973.489388142712414 ], [ 424876.354229784454219, 4388973.489388142712414 ], [ 424876.354229784454219, 4388975.489388142712414 ], [ 424875.354229784454219, 4388975.489388142712414 ], [ 424875.354229784454219, 4388976.489388142712414 ], [ 424874.354229784454219, 4388976.489388142712414 ], [ 424874.354229784454219, 4388978.489388142712414 ], [ 424873.354229784454219, 4388978.489388142712414 ], [ 424873.354229784454219, 4388979.489388142712414 ], [ 424872.354229784454219, 4388979.489388142712414 ], [ 424872.354229784454219, 4388981.489388142712414 ], [ 424871.354229784454219, 4388981.489388142712414 ], [ 424871.354229784454219, 4388982.489388142712414 ], [ 424870.354229784454219, 4388982.489388142712414 ], [ 424870.354229784454219, 4388983.489388142712414 ], [ 424869.354229784454219, 4388983.489388142712414 ], [ 424869.354229784454219, 4388985.489388142712414 ], [ 424868.354229784454219, 4388985.489388142712414 ], [ 424868.354229784454219, 4388986.489388142712414 ], [ 424867.354229784454219, 4388986.489388142712414 ], [ 424867.354229784454219, 4388987.489388142712414 ], [ 424866.354229784454219, 4388987.489388142712414 ], [ 424866.354229784454219, 4388989.489388142712414 ], [ 424865.354229784454219, 4388989.489388142712414 ], [ 424865.354229784454219, 4388991.489388142712414 ], [ 424864.354229784454219, 4388991.489388142712414 ], [ 424864.354229784454219, 4388993.489388142712414 ], [ 424863.354229784454219, 4388993.489388142712414 ], [ 424863.354229784454219, 4388995.489388142712414 ], [ 424862.354229784454219, 4388995.489388142712414 ], [ 424862.354229784454219, 4388997.489388142712414 ], [ 424861.354229784454219, 4388997.489388142712414 ], [ 424861.354229784454219, 4388999.489388142712414 ], [ 424860.354229784454219, 4388999.489388142712414 ], [ 424860.354229784454219, 4389001.489388142712414 ], [ 424859.354229784454219, 4389001.489388142712414 ], [ 424859.354229784454219, 4389004.489388142712414 ], [ 424858.354229784454219, 4389004.489388142712414 ], [ 424858.354229784454219, 4389007.489388142712414 ], [ 424857.354229784454219, 4389007.489388142712414 ], [ 424857.354229784454219, 4389013.489388142712414 ], [ 424856.354229784454219, 4389013.489388142712414 ], [ 424856.354229784454219, 4389019.489388142712414 ], [ 424855.354229784454219, 4389019.489388142712414 ], [ 424855.354229784454219, 4389023.489388142712414 ], [ 424854.354229784454219, 4389023.489388142712414 ], [ 424854.354229784454219, 4389028.489388142712414 ], [ 424853.354229784454219, 4389028.489388142712414 ], [ 424853.354229784454219, 4389032.489388142712414 ], [ 424852.354229784454219, 4389032.489388142712414 ], [ 424852.354229784454219, 4389037.489388142712414 ], [ 424851.354229784454219, 4389037.489388142712414 ], [ 424851.354229784454219, 4389042.489388142712414 ], [ 424850.354229784454219, 4389042.489388142712414 ], [ 424850.354229784454219, 4389044.489388142712414 ], [ 424849.354229784454219, 4389044.489388142712414 ], [ 424849.354229784454219, 4389047.489388142712414 ], [ 424848.354229784454219, 4389047.489388142712414 ], [ 424848.354229784454219, 4389049.489388142712414 ], [ 424847.354229784454219, 4389049.489388142712414 ], [ 424847.354229784454219, 4389051.489388142712414 ], [ 424846.354229784454219, 4389051.489388142712414 ], [ 424846.354229784454219, 4389053.489388142712414 ], [ 424845.354229784454219, 4389053.489388142712414 ], [ 424845.354229784454219, 4389055.489388142712414 ], [ 424844.354229784454219, 4389055.489388142712414 ], [ 424844.354229784454219, 4389056.489388142712414 ], [ 424843.354229784454219, 4389056.489388142712414 ], [ 424843.354229784454219, 4389058.489388142712414 ], [ 424842.354229784454219, 4389058.489388142712414 ], [ 424842.354229784454219, 4389059.489388142712414 ], [ 424843.354229784454219, 4389059.489388142712414 ], [ 424843.354229784454219, 4389061.489388142712414 ], [ 424842.354229784454219, 4389061.489388142712414 ], [ 424842.354229784454219, 4389062.489388142712414 ], [ 424841.354229784454219, 4389062.489388142712414 ], [ 424841.354229784454219, 4389060.489388142712414 ], [ 424840.354229784454219, 4389060.489388142712414 ], [ 424840.354229784454219, 4389061.489388142712414 ], [ 424839.354229784454219, 4389061.489388142712414 ], [ 424839.354229784454219, 4389062.489388142712414 ], [ 424838.354229784454219, 4389062.489388142712414 ], [ 424838.354229784454219, 4389064.489388142712414 ], [ 424837.354229784454219, 4389064.489388142712414 ], [ 424837.354229784454219, 4389065.489388142712414 ], [ 424836.354229784454219, 4389065.489388142712414 ], [ 424836.354229784454219, 4389066.489388142712414 ], [ 424835.354229784454219, 4389066.489388142712414 ], [ 424835.354229784454219, 4389067.489388142712414 ], [ 424834.354229784454219, 4389067.489388142712414 ], [ 424834.354229784454219, 4389068.489388142712414 ], [ 424833.354229784454219, 4389068.489388142712414 ], [ 424833.354229784454219, 4389070.489388142712414 ], [ 424831.354229784454219, 4389070.489388142712414 ], [ 424831.354229784454219, 4389071.489388142712414 ], [ 424830.354229784454219, 4389071.489388142712414 ], [ 424830.354229784454219, 4389072.489388142712414 ], [ 424829.354229784454219, 4389072.489388142712414 ], [ 424829.354229784454219, 4389073.489388142712414 ], [ 424828.354229784454219, 4389073.489388142712414 ], [ 424828.354229784454219, 4389074.489388142712414 ], [ 424827.354229784454219, 4389074.489388142712414 ], [ 424827.354229784454219, 4389075.489388142712414 ], [ 424826.354229784454219, 4389075.489388142712414 ], [ 424826.354229784454219, 4389076.489388142712414 ], [ 424825.354229784454219, 4389076.489388142712414 ], [ 424825.354229784454219, 4389077.489388142712414 ], [ 424823.354229784454219, 4389077.489388142712414 ], [ 424823.354229784454219, 4389078.489388142712414 ], [ 424822.354229784454219, 4389078.489388142712414 ], [ 424822.354229784454219, 4389079.489388142712414 ], [ 424820.354229784454219, 4389079.489388142712414 ], [ 424820.354229784454219, 4389080.489388142712414 ], [ 424819.354229784454219, 4389080.489388142712414 ], [ 424819.354229784454219, 4389081.489388142712414 ], [ 424817.354229784454219, 4389081.489388142712414 ], [ 424817.354229784454219, 4389082.489388142712414 ], [ 424816.354229784454219, 4389082.489388142712414 ], [ 424816.354229784454219, 4389083.489388142712414 ], [ 424814.354229784454219, 4389083.489388142712414 ], [ 424814.354229784454219, 4389084.489388142712414 ], [ 424812.354229784454219, 4389084.489388142712414 ], [ 424812.354229784454219, 4389085.489388142712414 ], [ 424810.354229784454219, 4389085.489388142712414 ], [ 424810.354229784454219, 4389086.489388142712414 ], [ 424808.354229784454219, 4389086.489388142712414 ], [ 424808.354229784454219, 4389087.489388142712414 ], [ 424807.354229784454219, 4389087.489388142712414 ], [ 424807.354229784454219, 4389088.489388142712414 ], [ 424806.354229784454219, 4389088.489388142712414 ], [ 424806.354229784454219, 4389090.489388142712414 ], [ 424805.354229784454219, 4389090.489388142712414 ], [ 424805.354229784454219, 4389092.489388142712414 ], [ 424804.354229784454219, 4389092.489388142712414 ], [ 424804.354229784454219, 4389095.489388142712414 ], [ 424803.354229784454219, 4389095.489388142712414 ], [ 424803.354229784454219, 4389099.489388142712414 ], [ 424802.354229784454219, 4389099.489388142712414 ], [ 424802.354229784454219, 4389102.489388142712414 ], [ 424801.354229784454219, 4389102.489388142712414 ], [ 424801.354229784454219, 4389106.489388142712414 ], [ 424800.354229784454219, 4389106.489388142712414 ], [ 424800.354229784454219, 4389110.489388142712414 ], [ 424799.354229784454219, 4389110.489388142712414 ], [ 424799.354229784454219, 4389113.489388142712414 ], [ 424798.354229784454219, 4389113.489388142712414 ], [ 424798.354229784454219, 4389116.489388142712414 ], [ 424797.354229784454219, 4389116.489388142712414 ], [ 424797.354229784454219, 4389118.489388142712414 ], [ 424796.354229784454219, 4389118.489388142712414 ], [ 424796.354229784454219, 4389116.489388142712414 ], [ 424795.354229784454219, 4389116.489388142712414 ], [ 424795.354229784454219, 4389118.489388142712414 ], [ 424794.354229784454219, 4389118.489388142712414 ], [ 424794.354229784454219, 4389120.489388142712414 ], [ 424793.354229784454219, 4389120.489388142712414 ], [ 424793.354229784454219, 4389122.489388142712414 ], [ 424792.354229784454219, 4389122.489388142712414 ], [ 424792.354229784454219, 4389123.489388142712414 ], [ 424791.354229784454219, 4389123.489388142712414 ], [ 424791.354229784454219, 4389125.489388142712414 ], [ 424790.354229784454219, 4389125.489388142712414 ], [ 424790.354229784454219, 4389126.489388142712414 ], [ 424789.354229784454219, 4389126.489388142712414 ], [ 424789.354229784454219, 4389127.489388142712414 ], [ 424788.354229784454219, 4389127.489388142712414 ], [ 424788.354229784454219, 4389128.489388142712414 ], [ 424787.354229784454219, 4389128.489388142712414 ], [ 424787.354229784454219, 4389129.489388142712414 ], [ 424785.354229784454219, 4389129.489388142712414 ], [ 424785.354229784454219, 4389130.489388142712414 ], [ 424784.354229784454219, 4389130.489388142712414 ], [ 424784.354229784454219, 4389131.489388142712414 ], [ 424782.354229784454219, 4389131.489388142712414 ], [ 424782.354229784454219, 4389132.489388142712414 ], [ 424781.354229784454219, 4389132.489388142712414 ], [ 424781.354229784454219, 4389133.489388142712414 ], [ 424779.354229784454219, 4389133.489388142712414 ], [ 424779.354229784454219, 4389134.489388142712414 ], [ 424778.354229784454219, 4389134.489388142712414 ], [ 424778.354229784454219, 4389135.489388142712414 ], [ 424777.354229784454219, 4389135.489388142712414 ], [ 424777.354229784454219, 4389137.489388142712414 ], [ 424776.354229784454219, 4389137.489388142712414 ], [ 424776.354229784454219, 4389136.489388142712414 ], [ 424775.354229784454219, 4389136.489388142712414 ], [ 424775.354229784454219, 4389137.489388142712414 ], [ 424774.354229784454219, 4389137.489388142712414 ], [ 424774.354229784454219, 4389138.489388142712414 ], [ 424773.354229784454219, 4389138.489388142712414 ], [ 424773.354229784454219, 4389140.489388142712414 ], [ 424772.354229784454219, 4389140.489388142712414 ], [ 424772.354229784454219, 4389141.489388142712414 ], [ 424771.354229784454219, 4389141.489388142712414 ], [ 424771.354229784454219, 4389142.489388142712414 ], [ 424770.354229784454219, 4389142.489388142712414 ], [ 424770.354229784454219, 4389141.489388142712414 ], [ 424769.354229784454219, 4389141.489388142712414 ], [ 424769.354229784454219, 4389142.489388142712414 ], [ 424768.354229784454219, 4389142.489388142712414 ], [ 424768.354229784454219, 4389143.489388142712414 ], [ 424767.354229784454219, 4389143.489388142712414 ], [ 424767.354229784454219, 4389144.489388142712414 ], [ 424768.354229784454219, 4389144.489388142712414 ], [ 424768.354229784454219, 4389145.489388142712414 ], [ 424767.354229784454219, 4389145.489388142712414 ], [ 424767.354229784454219, 4389146.489388142712414 ], [ 424766.354229784454219, 4389146.489388142712414 ], [ 424766.354229784454219, 4389147.489388142712414 ], [ 424765.354229784454219, 4389147.489388142712414 ], [ 424765.354229784454219, 4389148.489388142712414 ], [ 424764.354229784454219, 4389148.489388142712414 ], [ 424764.354229784454219, 4389149.489388142712414 ], [ 424763.354229784454219, 4389149.489388142712414 ], [ 424763.354229784454219, 4389150.489388142712414 ], [ 424762.354229784454219, 4389150.489388142712414 ], [ 424762.354229784454219, 4389152.489388142712414 ], [ 424761.354229784454219, 4389152.489388142712414 ], [ 424761.354229784454219, 4389153.489388142712414 ], [ 424760.354229784454219, 4389153.489388142712414 ], [ 424760.354229784454219, 4389154.489388142712414 ], [ 424758.354229784454219, 4389154.489388142712414 ], [ 424758.354229784454219, 4389155.489388142712414 ], [ 424757.354229784454219, 4389155.489388142712414 ], [ 424757.354229784454219, 4389156.489388142712414 ], [ 424756.354229784454219, 4389156.489388142712414 ], [ 424756.354229784454219, 4389157.489388142712414 ], [ 424754.354229784454219, 4389157.489388142712414 ], [ 424754.354229784454219, 4389158.489388142712414 ], [ 424752.354229784454219, 4389158.489388142712414 ], [ 424752.354229784454219, 4389160.489388142712414 ], [ 424753.354229784454219, 4389160.489388142712414 ], [ 424753.354229784454219, 4389161.489388142712414 ], [ 424754.354229784454219, 4389161.489388142712414 ], [ 424754.354229784454219, 4389162.489388142712414 ], [ 424755.354229784454219, 4389162.489388142712414 ], [ 424755.354229784454219, 4389164.489388142712414 ], [ 424754.354229784454219, 4389164.489388142712414 ], [ 424754.354229784454219, 4389166.489388142712414 ], [ 424753.354229784454219, 4389166.489388142712414 ], [ 424753.354229784454219, 4389165.489388142712414 ], [ 424735.354229784454219, 4389165.489388142712414 ], [ 424735.354229784454219, 4389166.489388142712414 ], [ 424715.354229784454219, 4389166.489388142712414 ], [ 424715.354229784454219, 4389165.489388142712414 ], [ 424703.354229784454219, 4389165.489388142712414 ], [ 424703.354229784454219, 4389166.489388142712414 ], [ 424712.354229784454219, 4389166.489388142712414 ], [ 424712.354229784454219, 4389167.489388142712414 ], [ 424725.354229784454219, 4389167.489388142712414 ], [ 424725.354229784454219, 4389168.489388142712414 ], [ 424754.354229784454219, 4389168.489388142712414 ], [ 424754.354229784454219, 4389169.489388142712414 ], [ 424755.354229784454219, 4389169.489388142712414 ], [ 424755.354229784454219, 4389170.489388142712414 ], [ 424754.354229784454219, 4389170.489388142712414 ], [ 424754.354229784454219, 4389171.489388142712414 ], [ 424749.354229784454219, 4389171.489388142712414 ], [ 424749.354229784454219, 4389170.489388142712414 ], [ 424741.354229784454219, 4389170.489388142712414 ], [ 424741.354229784454219, 4389171.489388142712414 ], [ 424745.354229784454219, 4389171.489388142712414 ], [ 424745.354229784454219, 4389172.489388142712414 ], [ 424747.354229784454219, 4389172.489388142712414 ], [ 424747.354229784454219, 4389173.489388142712414 ], [ 424750.354229784454219, 4389173.489388142712414 ], [ 424750.354229784454219, 4389174.489388142712414 ], [ 424752.354229784454219, 4389174.489388142712414 ], [ 424752.354229784454219, 4389175.489388142712414 ], [ 424753.354229784454219, 4389175.489388142712414 ], [ 424753.354229784454219, 4389176.489388142712414 ], [ 424754.354229784454219, 4389176.489388142712414 ], [ 424754.354229784454219, 4389177.489388142712414 ], [ 424755.354229784454219, 4389177.489388142712414 ], [ 424755.354229784454219, 4389188.489388142712414 ], [ 424754.354229784454219, 4389188.489388142712414 ], [ 424754.354229784454219, 4389206.489388142712414 ], [ 424755.354229784454219, 4389206.489388142712414 ], [ 424755.354229784454219, 4389209.489388142712414 ], [ 424756.354229784454219, 4389209.489388142712414 ], [ 424756.354229784454219, 4389211.489388142712414 ], [ 424757.354229784454219, 4389211.489388142712414 ], [ 424757.354229784454219, 4389213.489388142712414 ], [ 424756.354229784454219, 4389213.489388142712414 ] ], [ [ 424753.354229784454219, 4389187.489388142712414 ], [ 424754.354229784454219, 4389187.489388142712414 ], [ 424754.354229784454219, 4389178.489388142712414 ], [ 424753.354229784454219, 4389178.489388142712414 ], [ 424753.354229784454219, 4389177.489388142712414 ], [ 424752.354229784454219, 4389177.489388142712414 ], [ 424752.354229784454219, 4389176.489388142712414 ], [ 424751.354229784454219, 4389176.489388142712414 ], [ 424751.354229784454219, 4389175.489388142712414 ], [ 424749.354229784454219, 4389175.489388142712414 ], [ 424749.354229784454219, 4389174.489388142712414 ], [ 424747.354229784454219, 4389174.489388142712414 ], [ 424747.354229784454219, 4389175.489388142712414 ], [ 424748.354229784454219, 4389175.489388142712414 ], [ 424748.354229784454219, 4389176.489388142712414 ], [ 424750.354229784454219, 4389176.489388142712414 ], [ 424750.354229784454219, 4389177.489388142712414 ], [ 424751.354229784454219, 4389177.489388142712414 ], [ 424751.354229784454219, 4389179.489388142712414 ], [ 424752.354229784454219, 4389179.489388142712414 ], [ 424752.354229784454219, 4389180.489388142712414 ], [ 424753.354229784454219, 4389180.489388142712414 ], [ 424753.354229784454219, 4389187.489388142712414 ] ], [ [ 424745.354229784454219, 4389174.489388142712414 ], [ 424747.354229784454219, 4389174.489388142712414 ], [ 424747.354229784454219, 4389173.489388142712414 ], [ 424745.354229784454219, 4389173.489388142712414 ], [ 424745.354229784454219, 4389174.489388142712414 ] ], [ [ 424743.354229784454219, 4389173.489388142712414 ], [ 424744.354229784454219, 4389173.489388142712414 ], [ 424744.354229784454219, 4389172.489388142712414 ], [ 424743.354229784454219, 4389172.489388142712414 ], [ 424743.354229784454219, 4389173.489388142712414 ] ], [ [ 424739.354229784454219, 4389172.489388142712414 ], [ 424741.354229784454219, 4389172.489388142712414 ], [ 424741.354229784454219, 4389171.489388142712414 ], [ 424739.354229784454219, 4389171.489388142712414 ], [ 424739.354229784454219, 4389172.489388142712414 ] ], [ [ 424731.354229784454219, 4389171.489388142712414 ], [ 424733.354229784454219, 4389171.489388142712414 ], [ 424733.354229784454219, 4389170.489388142712414 ], [ 424731.354229784454219, 4389170.489388142712414 ], [ 424731.354229784454219, 4389171.489388142712414 ] ], [ [ 424734.354229784454219, 4389171.489388142712414 ], [ 424735.354229784454219, 4389171.489388142712414 ], [ 424735.354229784454219, 4389170.489388142712414 ], [ 424737.354229784454219, 4389170.489388142712414 ], [ 424737.354229784454219, 4389169.489388142712414 ], [ 424734.354229784454219, 4389169.489388142712414 ], [ 424734.354229784454219, 4389171.489388142712414 ] ], [ [ 424692.354229784454219, 4389165.489388142712414 ], [ 424703.354229784454219, 4389165.489388142712414 ], [ 424703.354229784454219, 4389164.489388142712414 ], [ 424692.354229784454219, 4389164.489388142712414 ], [ 424692.354229784454219, 4389165.489388142712414 ] ], [ [ 424752.354229784454219, 4389153.489388142712414 ], [ 424753.354229784454219, 4389153.489388142712414 ], [ 424753.354229784454219, 4389152.489388142712414 ], [ 424752.354229784454219, 4389152.489388142712414 ], [ 424752.354229784454219, 4389153.489388142712414 ] ], [ [ 424751.354229784454219, 4389151.489388142712414 ], [ 424752.354229784454219, 4389151.489388142712414 ], [ 424752.354229784454219, 4389150.489388142712414 ], [ 424751.354229784454219, 4389150.489388142712414 ], [ 424751.354229784454219, 4389151.489388142712414 ] ], [ [ 424753.354229784454219, 4389151.489388142712414 ], [ 424754.354229784454219, 4389151.489388142712414 ], [ 424754.354229784454219, 4389150.489388142712414 ], [ 424753.354229784454219, 4389150.489388142712414 ], [ 424753.354229784454219, 4389151.489388142712414 ] ], [ [ 424754.354229784454219, 4389150.489388142712414 ], [ 424755.354229784454219, 4389150.489388142712414 ], [ 424755.354229784454219, 4389149.489388142712414 ], [ 424754.354229784454219, 4389149.489388142712414 ], [ 424754.354229784454219, 4389150.489388142712414 ] ], [ [ 424752.354229784454219, 4389146.489388142712414 ], [ 424753.354229784454219, 4389146.489388142712414 ], [ 424753.354229784454219, 4389145.489388142712414 ], [ 424752.354229784454219, 4389145.489388142712414 ], [ 424752.354229784454219, 4389146.489388142712414 ] ], [ [ 424753.354229784454219, 4389144.489388142712414 ], [ 424755.354229784454219, 4389144.489388142712414 ], [ 424755.354229784454219, 4389143.489388142712414 ], [ 424756.354229784454219, 4389143.489388142712414 ], [ 424756.354229784454219, 4389142.489388142712414 ], [ 424758.354229784454219, 4389142.489388142712414 ], [ 424758.354229784454219, 4389141.489388142712414 ], [ 424759.354229784454219, 4389141.489388142712414 ], [ 424759.354229784454219, 4389140.489388142712414 ], [ 424760.354229784454219, 4389140.489388142712414 ], [ 424760.354229784454219, 4389139.489388142712414 ], [ 424761.354229784454219, 4389139.489388142712414 ], [ 424761.354229784454219, 4389138.489388142712414 ], [ 424762.354229784454219, 4389138.489388142712414 ], [ 424762.354229784454219, 4389137.489388142712414 ], [ 424763.354229784454219, 4389137.489388142712414 ], [ 424763.354229784454219, 4389136.489388142712414 ], [ 424764.354229784454219, 4389136.489388142712414 ], [ 424764.354229784454219, 4389135.489388142712414 ], [ 424767.354229784454219, 4389135.489388142712414 ], [ 424767.354229784454219, 4389134.489388142712414 ], [ 424768.354229784454219, 4389134.489388142712414 ], [ 424768.354229784454219, 4389133.489388142712414 ], [ 424769.354229784454219, 4389133.489388142712414 ], [ 424769.354229784454219, 4389132.489388142712414 ], [ 424771.354229784454219, 4389132.489388142712414 ], [ 424771.354229784454219, 4389131.489388142712414 ], [ 424772.354229784454219, 4389131.489388142712414 ], [ 424772.354229784454219, 4389130.489388142712414 ], [ 424774.354229784454219, 4389130.489388142712414 ], [ 424774.354229784454219, 4389129.489388142712414 ], [ 424775.354229784454219, 4389129.489388142712414 ], [ 424775.354229784454219, 4389128.489388142712414 ], [ 424777.354229784454219, 4389128.489388142712414 ], [ 424777.354229784454219, 4389127.489388142712414 ], [ 424778.354229784454219, 4389127.489388142712414 ], [ 424778.354229784454219, 4389126.489388142712414 ], [ 424780.354229784454219, 4389126.489388142712414 ], [ 424780.354229784454219, 4389125.489388142712414 ], [ 424781.354229784454219, 4389125.489388142712414 ], [ 424781.354229784454219, 4389124.489388142712414 ], [ 424783.354229784454219, 4389124.489388142712414 ], [ 424783.354229784454219, 4389122.489388142712414 ], [ 424784.354229784454219, 4389122.489388142712414 ], [ 424784.354229784454219, 4389121.489388142712414 ], [ 424786.354229784454219, 4389121.489388142712414 ], [ 424786.354229784454219, 4389119.489388142712414 ], [ 424785.354229784454219, 4389119.489388142712414 ], [ 424785.354229784454219, 4389120.489388142712414 ], [ 424783.354229784454219, 4389120.489388142712414 ], [ 424783.354229784454219, 4389121.489388142712414 ], [ 424782.354229784454219, 4389121.489388142712414 ], [ 424782.354229784454219, 4389122.489388142712414 ], [ 424780.354229784454219, 4389122.489388142712414 ], [ 424780.354229784454219, 4389123.489388142712414 ], [ 424778.354229784454219, 4389123.489388142712414 ], [ 424778.354229784454219, 4389124.489388142712414 ], [ 424777.354229784454219, 4389124.489388142712414 ], [ 424777.354229784454219, 4389125.489388142712414 ], [ 424775.354229784454219, 4389125.489388142712414 ], [ 424775.354229784454219, 4389126.489388142712414 ], [ 424773.354229784454219, 4389126.489388142712414 ], [ 424773.354229784454219, 4389127.489388142712414 ], [ 424770.354229784454219, 4389127.489388142712414 ], [ 424770.354229784454219, 4389128.489388142712414 ], [ 424769.354229784454219, 4389128.489388142712414 ], [ 424769.354229784454219, 4389129.489388142712414 ], [ 424767.354229784454219, 4389129.489388142712414 ], [ 424767.354229784454219, 4389130.489388142712414 ], [ 424766.354229784454219, 4389130.489388142712414 ], [ 424766.354229784454219, 4389131.489388142712414 ], [ 424764.354229784454219, 4389131.489388142712414 ], [ 424764.354229784454219, 4389132.489388142712414 ], [ 424763.354229784454219, 4389132.489388142712414 ], [ 424763.354229784454219, 4389134.489388142712414 ], [ 424762.354229784454219, 4389134.489388142712414 ], [ 424762.354229784454219, 4389135.489388142712414 ], [ 424761.354229784454219, 4389135.489388142712414 ], [ 424761.354229784454219, 4389136.489388142712414 ], [ 424760.354229784454219, 4389136.489388142712414 ], [ 424760.354229784454219, 4389137.489388142712414 ], [ 424759.354229784454219, 4389137.489388142712414 ], [ 424759.354229784454219, 4389138.489388142712414 ], [ 424758.354229784454219, 4389138.489388142712414 ], [ 424758.354229784454219, 4389139.489388142712414 ], [ 424757.354229784454219, 4389139.489388142712414 ], [ 424757.354229784454219, 4389140.489388142712414 ], [ 424756.354229784454219, 4389140.489388142712414 ], [ 424756.354229784454219, 4389141.489388142712414 ], [ 424755.354229784454219, 4389141.489388142712414 ], [ 424755.354229784454219, 4389142.489388142712414 ], [ 424754.354229784454219, 4389142.489388142712414 ], [ 424754.354229784454219, 4389143.489388142712414 ], [ 424753.354229784454219, 4389143.489388142712414 ], [ 424753.354229784454219, 4389144.489388142712414 ] ], [ [ 424767.354229784454219, 4389136.489388142712414 ], [ 424768.354229784454219, 4389136.489388142712414 ], [ 424768.354229784454219, 4389135.489388142712414 ], [ 424767.354229784454219, 4389135.489388142712414 ], [ 424767.354229784454219, 4389136.489388142712414 ] ], [ [ 424770.354229784454219, 4389134.489388142712414 ], [ 424771.354229784454219, 4389134.489388142712414 ], [ 424771.354229784454219, 4389133.489388142712414 ], [ 424770.354229784454219, 4389133.489388142712414 ], [ 424770.354229784454219, 4389134.489388142712414 ] ], [ [ 424772.354229784454219, 4389133.489388142712414 ], [ 424773.354229784454219, 4389133.489388142712414 ], [ 424773.354229784454219, 4389132.489388142712414 ], [ 424772.354229784454219, 4389132.489388142712414 ], [ 424772.354229784454219, 4389133.489388142712414 ] ], [ [ 424773.354229784454219, 4389132.489388142712414 ], [ 424774.354229784454219, 4389132.489388142712414 ], [ 424774.354229784454219, 4389131.489388142712414 ], [ 424773.354229784454219, 4389131.489388142712414 ], [ 424773.354229784454219, 4389132.489388142712414 ] ], [ [ 424775.354229784454219, 4389131.489388142712414 ], [ 424776.354229784454219, 4389131.489388142712414 ], [ 424776.354229784454219, 4389130.489388142712414 ], [ 424775.354229784454219, 4389130.489388142712414 ], [ 424775.354229784454219, 4389131.489388142712414 ] ], [ [ 424776.354229784454219, 4389130.489388142712414 ], [ 424777.354229784454219, 4389130.489388142712414 ], [ 424777.354229784454219, 4389129.489388142712414 ], [ 424776.354229784454219, 4389129.489388142712414 ], [ 424776.354229784454219, 4389130.489388142712414 ] ], [ [ 424778.354229784454219, 4389129.489388142712414 ], [ 424779.354229784454219, 4389129.489388142712414 ], [ 424779.354229784454219, 4389128.489388142712414 ], [ 424778.354229784454219, 4389128.489388142712414 ], [ 424778.354229784454219, 4389129.489388142712414 ] ], [ [ 424779.354229784454219, 4389128.489388142712414 ], [ 424780.354229784454219, 4389128.489388142712414 ], [ 424780.354229784454219, 4389127.489388142712414 ], [ 424779.354229784454219, 4389127.489388142712414 ], [ 424779.354229784454219, 4389128.489388142712414 ] ], [ [ 424781.354229784454219, 4389127.489388142712414 ], [ 424782.354229784454219, 4389127.489388142712414 ], [ 424782.354229784454219, 4389126.489388142712414 ], [ 424781.354229784454219, 4389126.489388142712414 ], [ 424781.354229784454219, 4389127.489388142712414 ] ], [ [ 424782.354229784454219, 4389126.489388142712414 ], [ 424783.354229784454219, 4389126.489388142712414 ], [ 424783.354229784454219, 4389125.489388142712414 ], [ 424782.354229784454219, 4389125.489388142712414 ], [ 424782.354229784454219, 4389126.489388142712414 ] ], [ [ 424788.354229784454219, 4389120.489388142712414 ], [ 424789.354229784454219, 4389120.489388142712414 ], [ 424789.354229784454219, 4389119.489388142712414 ], [ 424788.354229784454219, 4389119.489388142712414 ], [ 424788.354229784454219, 4389120.489388142712414 ] ], [ [ 424786.354229784454219, 4389119.489388142712414 ], [ 424787.354229784454219, 4389119.489388142712414 ], [ 424787.354229784454219, 4389118.489388142712414 ], [ 424786.354229784454219, 4389118.489388142712414 ], [ 424786.354229784454219, 4389119.489388142712414 ] ], [ [ 424789.354229784454219, 4389119.489388142712414 ], [ 424790.354229784454219, 4389119.489388142712414 ], [ 424790.354229784454219, 4389118.489388142712414 ], [ 424789.354229784454219, 4389118.489388142712414 ], [ 424789.354229784454219, 4389119.489388142712414 ] ], [ [ 424787.354229784454219, 4389118.489388142712414 ], [ 424788.354229784454219, 4389118.489388142712414 ], [ 424788.354229784454219, 4389117.489388142712414 ], [ 424787.354229784454219, 4389117.489388142712414 ], [ 424787.354229784454219, 4389118.489388142712414 ] ], [ [ 424790.354229784454219, 4389117.489388142712414 ], [ 424791.354229784454219, 4389117.489388142712414 ], [ 424791.354229784454219, 4389116.489388142712414 ], [ 424790.354229784454219, 4389116.489388142712414 ], [ 424790.354229784454219, 4389117.489388142712414 ] ], [ [ 424796.354229784454219, 4389115.489388142712414 ], [ 424797.354229784454219, 4389115.489388142712414 ], [ 424797.354229784454219, 4389113.489388142712414 ], [ 424796.354229784454219, 4389113.489388142712414 ], [ 424796.354229784454219, 4389115.489388142712414 ] ], [ [ 424776.354229784454219, 4389114.489388142712414 ], [ 424777.354229784454219, 4389114.489388142712414 ], [ 424777.354229784454219, 4389113.489388142712414 ], [ 424776.354229784454219, 4389113.489388142712414 ], [ 424776.354229784454219, 4389114.489388142712414 ] ], [ [ 424779.354229784454219, 4389112.489388142712414 ], [ 424780.354229784454219, 4389112.489388142712414 ], [ 424780.354229784454219, 4389111.489388142712414 ], [ 424779.354229784454219, 4389111.489388142712414 ], [ 424779.354229784454219, 4389112.489388142712414 ] ], [ [ 424797.354229784454219, 4389112.489388142712414 ], [ 424798.354229784454219, 4389112.489388142712414 ], [ 424798.354229784454219, 4389110.489388142712414 ], [ 424797.354229784454219, 4389110.489388142712414 ], [ 424797.354229784454219, 4389112.489388142712414 ] ], [ [ 424782.354229784454219, 4389110.489388142712414 ], [ 424783.354229784454219, 4389110.489388142712414 ], [ 424783.354229784454219, 4389109.489388142712414 ], [ 424782.354229784454219, 4389109.489388142712414 ], [ 424782.354229784454219, 4389110.489388142712414 ] ], [ [ 424785.354229784454219, 4389110.489388142712414 ], [ 424786.354229784454219, 4389110.489388142712414 ], [ 424786.354229784454219, 4389109.489388142712414 ], [ 424785.354229784454219, 4389109.489388142712414 ], [ 424785.354229784454219, 4389110.489388142712414 ] ], [ [ 424798.354229784454219, 4389109.489388142712414 ], [ 424799.354229784454219, 4389109.489388142712414 ], [ 424799.354229784454219, 4389107.489388142712414 ], [ 424798.354229784454219, 4389107.489388142712414 ], [ 424798.354229784454219, 4389109.489388142712414 ] ], [ [ 424774.354229784454219, 4389108.489388142712414 ], [ 424775.354229784454219, 4389108.489388142712414 ], [ 424775.354229784454219, 4389107.489388142712414 ], [ 424774.354229784454219, 4389107.489388142712414 ], [ 424774.354229784454219, 4389108.489388142712414 ] ], [ [ 424775.354229784454219, 4389107.489388142712414 ], [ 424776.354229784454219, 4389107.489388142712414 ], [ 424776.354229784454219, 4389106.489388142712414 ], [ 424775.354229784454219, 4389106.489388142712414 ], [ 424775.354229784454219, 4389107.489388142712414 ] ], [ [ 424776.354229784454219, 4389106.489388142712414 ], [ 424777.354229784454219, 4389106.489388142712414 ], [ 424777.354229784454219, 4389105.489388142712414 ], [ 424776.354229784454219, 4389105.489388142712414 ], [ 424776.354229784454219, 4389106.489388142712414 ] ], [ [ 424779.354229784454219, 4389106.489388142712414 ], [ 424780.354229784454219, 4389106.489388142712414 ], [ 424780.354229784454219, 4389104.489388142712414 ], [ 424781.354229784454219, 4389104.489388142712414 ], [ 424781.354229784454219, 4389103.489388142712414 ], [ 424780.354229784454219, 4389103.489388142712414 ], [ 424780.354229784454219, 4389102.489388142712414 ], [ 424779.354229784454219, 4389102.489388142712414 ], [ 424779.354229784454219, 4389103.489388142712414 ], [ 424778.354229784454219, 4389103.489388142712414 ], [ 424778.354229784454219, 4389104.489388142712414 ], [ 424779.354229784454219, 4389104.489388142712414 ], [ 424779.354229784454219, 4389106.489388142712414 ] ], [ [ 424787.354229784454219, 4389106.489388142712414 ], [ 424788.354229784454219, 4389106.489388142712414 ], [ 424788.354229784454219, 4389105.489388142712414 ], [ 424787.354229784454219, 4389105.489388142712414 ], [ 424787.354229784454219, 4389106.489388142712414 ] ], [ [ 424799.354229784454219, 4389106.489388142712414 ], [ 424800.354229784454219, 4389106.489388142712414 ], [ 424800.354229784454219, 4389104.489388142712414 ], [ 424799.354229784454219, 4389104.489388142712414 ], [ 424799.354229784454219, 4389106.489388142712414 ] ], [ [ 424777.354229784454219, 4389105.489388142712414 ], [ 424778.354229784454219, 4389105.489388142712414 ], [ 424778.354229784454219, 4389104.489388142712414 ], [ 424777.354229784454219, 4389104.489388142712414 ], [ 424777.354229784454219, 4389105.489388142712414 ] ], [ [ 424780.354229784454219, 4389102.489388142712414 ], [ 424781.354229784454219, 4389102.489388142712414 ], [ 424781.354229784454219, 4389101.489388142712414 ], [ 424780.354229784454219, 4389101.489388142712414 ], [ 424780.354229784454219, 4389102.489388142712414 ] ], [ [ 424784.354229784454219, 4389102.489388142712414 ], [ 424785.354229784454219, 4389102.489388142712414 ], [ 424785.354229784454219, 4389100.489388142712414 ], [ 424784.354229784454219, 4389100.489388142712414 ], [ 424784.354229784454219, 4389102.489388142712414 ] ], [ [ 424800.354229784454219, 4389102.489388142712414 ], [ 424801.354229784454219, 4389102.489388142712414 ], [ 424801.354229784454219, 4389101.489388142712414 ], [ 424800.354229784454219, 4389101.489388142712414 ], [ 424800.354229784454219, 4389102.489388142712414 ] ], [ [ 424781.354229784454219, 4389101.489388142712414 ], [ 424782.354229784454219, 4389101.489388142712414 ], [ 424782.354229784454219, 4389100.489388142712414 ], [ 424781.354229784454219, 4389100.489388142712414 ], [ 424781.354229784454219, 4389101.489388142712414 ] ], [ [ 424783.354229784454219, 4389100.489388142712414 ], [ 424784.354229784454219, 4389100.489388142712414 ], [ 424784.354229784454219, 4389099.489388142712414 ], [ 424783.354229784454219, 4389099.489388142712414 ], [ 424783.354229784454219, 4389100.489388142712414 ] ], [ [ 424784.354229784454219, 4389099.489388142712414 ], [ 424785.354229784454219, 4389099.489388142712414 ], [ 424785.354229784454219, 4389098.489388142712414 ], [ 424784.354229784454219, 4389098.489388142712414 ], [ 424784.354229784454219, 4389099.489388142712414 ] ], [ [ 424785.354229784454219, 4389098.489388142712414 ], [ 424786.354229784454219, 4389098.489388142712414 ], [ 424786.354229784454219, 4389097.489388142712414 ], [ 424785.354229784454219, 4389097.489388142712414 ], [ 424785.354229784454219, 4389098.489388142712414 ] ], [ [ 424788.354229784454219, 4389098.489388142712414 ], [ 424789.354229784454219, 4389098.489388142712414 ], [ 424789.354229784454219, 4389097.489388142712414 ], [ 424788.354229784454219, 4389097.489388142712414 ], [ 424788.354229784454219, 4389098.489388142712414 ] ], [ [ 424787.354229784454219, 4389097.489388142712414 ], [ 424788.354229784454219, 4389097.489388142712414 ], [ 424788.354229784454219, 4389096.489388142712414 ], [ 424787.354229784454219, 4389096.489388142712414 ], [ 424787.354229784454219, 4389097.489388142712414 ] ], [ [ 424788.354229784454219, 4389096.489388142712414 ], [ 424789.354229784454219, 4389096.489388142712414 ], [ 424789.354229784454219, 4389095.489388142712414 ], [ 424788.354229784454219, 4389095.489388142712414 ], [ 424788.354229784454219, 4389096.489388142712414 ] ], [ [ 424790.354229784454219, 4389095.489388142712414 ], [ 424791.354229784454219, 4389095.489388142712414 ], [ 424791.354229784454219, 4389094.489388142712414 ], [ 424790.354229784454219, 4389094.489388142712414 ], [ 424790.354229784454219, 4389095.489388142712414 ] ], [ [ 424836.354229784454219, 4388985.489388142712414 ], [ 424840.354229784454219, 4388985.489388142712414 ], [ 424840.354229784454219, 4388984.489388142712414 ], [ 424844.354229784454219, 4388984.489388142712414 ], [ 424844.354229784454219, 4388983.489388142712414 ], [ 424845.354229784454219, 4388983.489388142712414 ], [ 424845.354229784454219, 4388981.489388142712414 ], [ 424846.354229784454219, 4388981.489388142712414 ], [ 424846.354229784454219, 4388978.489388142712414 ], [ 424847.354229784454219, 4388978.489388142712414 ], [ 424847.354229784454219, 4388976.489388142712414 ], [ 424848.354229784454219, 4388976.489388142712414 ], [ 424848.354229784454219, 4388973.489388142712414 ], [ 424849.354229784454219, 4388973.489388142712414 ], [ 424849.354229784454219, 4388971.489388142712414 ], [ 424850.354229784454219, 4388971.489388142712414 ], [ 424850.354229784454219, 4388969.489388142712414 ], [ 424851.354229784454219, 4388969.489388142712414 ], [ 424851.354229784454219, 4388967.489388142712414 ], [ 424852.354229784454219, 4388967.489388142712414 ], [ 424852.354229784454219, 4388965.489388142712414 ], [ 424853.354229784454219, 4388965.489388142712414 ], [ 424853.354229784454219, 4388963.489388142712414 ], [ 424854.354229784454219, 4388963.489388142712414 ], [ 424854.354229784454219, 4388960.489388142712414 ], [ 424855.354229784454219, 4388960.489388142712414 ], [ 424855.354229784454219, 4388958.489388142712414 ], [ 424856.354229784454219, 4388958.489388142712414 ], [ 424856.354229784454219, 4388956.489388142712414 ], [ 424857.354229784454219, 4388956.489388142712414 ], [ 424857.354229784454219, 4388953.489388142712414 ], [ 424858.354229784454219, 4388953.489388142712414 ], [ 424858.354229784454219, 4388950.489388142712414 ], [ 424859.354229784454219, 4388950.489388142712414 ], [ 424859.354229784454219, 4388946.489388142712414 ], [ 424860.354229784454219, 4388946.489388142712414 ], [ 424860.354229784454219, 4388937.489388142712414 ], [ 424861.354229784454219, 4388937.489388142712414 ], [ 424861.354229784454219, 4388933.489388142712414 ], [ 424860.354229784454219, 4388933.489388142712414 ], [ 424860.354229784454219, 4388932.489388142712414 ], [ 424861.354229784454219, 4388932.489388142712414 ], [ 424861.354229784454219, 4388931.489388142712414 ], [ 424860.354229784454219, 4388931.489388142712414 ], [ 424860.354229784454219, 4388925.489388142712414 ], [ 424859.354229784454219, 4388925.489388142712414 ], [ 424859.354229784454219, 4388921.489388142712414 ], [ 424858.354229784454219, 4388921.489388142712414 ], [ 424858.354229784454219, 4388918.489388142712414 ], [ 424857.354229784454219, 4388918.489388142712414 ], [ 424857.354229784454219, 4388915.489388142712414 ], [ 424856.354229784454219, 4388915.489388142712414 ], [ 424856.354229784454219, 4388913.489388142712414 ], [ 424855.354229784454219, 4388913.489388142712414 ], [ 424855.354229784454219, 4388911.489388142712414 ], [ 424854.354229784454219, 4388911.489388142712414 ], [ 424854.354229784454219, 4388908.489388142712414 ], [ 424853.354229784454219, 4388908.489388142712414 ], [ 424853.354229784454219, 4388906.489388142712414 ], [ 424852.354229784454219, 4388906.489388142712414 ], [ 424852.354229784454219, 4388903.489388142712414 ], [ 424851.354229784454219, 4388903.489388142712414 ], [ 424851.354229784454219, 4388901.489388142712414 ], [ 424850.354229784454219, 4388901.489388142712414 ], [ 424850.354229784454219, 4388898.489388142712414 ], [ 424849.354229784454219, 4388898.489388142712414 ], [ 424849.354229784454219, 4388894.489388142712414 ], [ 424848.354229784454219, 4388894.489388142712414 ], [ 424848.354229784454219, 4388890.489388142712414 ], [ 424847.354229784454219, 4388890.489388142712414 ], [ 424847.354229784454219, 4388882.489388142712414 ], [ 424846.354229784454219, 4388882.489388142712414 ], [ 424846.354229784454219, 4388863.489388142712414 ], [ 424845.354229784454219, 4388863.489388142712414 ], [ 424845.354229784454219, 4388865.489388142712414 ], [ 424844.354229784454219, 4388865.489388142712414 ], [ 424844.354229784454219, 4388868.489388142712414 ], [ 424843.354229784454219, 4388868.489388142712414 ], [ 424843.354229784454219, 4388870.489388142712414 ], [ 424842.354229784454219, 4388870.489388142712414 ], [ 424842.354229784454219, 4388873.489388142712414 ], [ 424841.354229784454219, 4388873.489388142712414 ], [ 424841.354229784454219, 4388875.489388142712414 ], [ 424840.354229784454219, 4388875.489388142712414 ], [ 424840.354229784454219, 4388878.489388142712414 ], [ 424839.354229784454219, 4388878.489388142712414 ], [ 424839.354229784454219, 4388880.489388142712414 ], [ 424838.354229784454219, 4388880.489388142712414 ], [ 424838.354229784454219, 4388882.489388142712414 ], [ 424837.354229784454219, 4388882.489388142712414 ], [ 424837.354229784454219, 4388884.489388142712414 ], [ 424836.354229784454219, 4388884.489388142712414 ], [ 424836.354229784454219, 4388887.489388142712414 ], [ 424835.354229784454219, 4388887.489388142712414 ], [ 424835.354229784454219, 4388889.489388142712414 ], [ 424834.354229784454219, 4388889.489388142712414 ], [ 424834.354229784454219, 4388891.489388142712414 ], [ 424833.354229784454219, 4388891.489388142712414 ], [ 424833.354229784454219, 4388893.489388142712414 ], [ 424832.354229784454219, 4388893.489388142712414 ], [ 424832.354229784454219, 4388894.489388142712414 ], [ 424831.354229784454219, 4388894.489388142712414 ], [ 424831.354229784454219, 4388897.489388142712414 ], [ 424830.354229784454219, 4388897.489388142712414 ], [ 424830.354229784454219, 4388901.489388142712414 ], [ 424829.354229784454219, 4388901.489388142712414 ], [ 424829.354229784454219, 4388905.489388142712414 ], [ 424828.354229784454219, 4388905.489388142712414 ], [ 424828.354229784454219, 4388919.489388142712414 ], [ 424829.354229784454219, 4388919.489388142712414 ], [ 424829.354229784454219, 4388945.489388142712414 ], [ 424828.354229784454219, 4388945.489388142712414 ], [ 424828.354229784454219, 4388953.489388142712414 ], [ 424827.354229784454219, 4388953.489388142712414 ], [ 424827.354229784454219, 4388971.489388142712414 ], [ 424828.354229784454219, 4388971.489388142712414 ], [ 424828.354229784454219, 4388973.489388142712414 ], [ 424829.354229784454219, 4388973.489388142712414 ], [ 424829.354229784454219, 4388974.489388142712414 ], [ 424830.354229784454219, 4388974.489388142712414 ], [ 424830.354229784454219, 4388975.489388142712414 ], [ 424831.354229784454219, 4388975.489388142712414 ], [ 424831.354229784454219, 4388976.489388142712414 ], [ 424832.354229784454219, 4388976.489388142712414 ], [ 424832.354229784454219, 4388978.489388142712414 ], [ 424833.354229784454219, 4388978.489388142712414 ], [ 424833.354229784454219, 4388979.489388142712414 ], [ 424834.354229784454219, 4388979.489388142712414 ], [ 424834.354229784454219, 4388981.489388142712414 ], [ 424835.354229784454219, 4388981.489388142712414 ], [ 424835.354229784454219, 4388983.489388142712414 ], [ 424836.354229784454219, 4388983.489388142712414 ], [ 424836.354229784454219, 4388985.489388142712414 ] ], [ [ 424949.354229784454219, 4388553.489388142712414 ], [ 424950.354229784454219, 4388553.489388142712414 ], [ 424950.354229784454219, 4388552.489388142712414 ], [ 424949.354229784454219, 4388552.489388142712414 ], [ 424949.354229784454219, 4388553.489388142712414 ] ], [ [ 424919.354229784454219, 4388550.489388142712414 ], [ 424922.354229784454219, 4388550.489388142712414 ], [ 424922.354229784454219, 4388548.489388142712414 ], [ 424921.354229784454219, 4388548.489388142712414 ], [ 424921.354229784454219, 4388549.489388142712414 ], [ 424919.354229784454219, 4388549.489388142712414 ], [ 424919.354229784454219, 4388550.489388142712414 ] ], [ [ 425006.354229784454219, 4388515.489388142712414 ], [ 425007.354229784454219, 4388515.489388142712414 ], [ 425007.354229784454219, 4388514.489388142712414 ], [ 425006.354229784454219, 4388514.489388142712414 ], [ 425006.354229784454219, 4388515.489388142712414 ] ], [ [ 425007.354229784454219, 4388513.489388142712414 ], [ 425008.354229784454219, 4388513.489388142712414 ], [ 425008.354229784454219, 4388512.489388142712414 ], [ 425007.354229784454219, 4388512.489388142712414 ], [ 425007.354229784454219, 4388513.489388142712414 ] ], [ [ 424937.354229784454219, 4388509.489388142712414 ], [ 424938.354229784454219, 4388509.489388142712414 ], [ 424938.354229784454219, 4388508.489388142712414 ], [ 424937.354229784454219, 4388508.489388142712414 ], [ 424937.354229784454219, 4388509.489388142712414 ] ], [ [ 425009.354229784454219, 4388509.489388142712414 ], [ 425010.354229784454219, 4388509.489388142712414 ], [ 425010.354229784454219, 4388508.489388142712414 ], [ 425009.354229784454219, 4388508.489388142712414 ], [ 425009.354229784454219, 4388509.489388142712414 ] ], [ [ 424916.354229784454219, 4388503.489388142712414 ], [ 424917.354229784454219, 4388503.489388142712414 ], [ 424917.354229784454219, 4388502.489388142712414 ], [ 424916.354229784454219, 4388502.489388142712414 ], [ 424916.354229784454219, 4388503.489388142712414 ] ], [ [ 424947.354229784454219, 4388496.489388142712414 ], [ 424948.354229784454219, 4388496.489388142712414 ], [ 424948.354229784454219, 4388495.489388142712414 ], [ 424947.354229784454219, 4388495.489388142712414 ], [ 424947.354229784454219, 4388496.489388142712414 ] ], [ [ 425013.354229784454219, 4388487.489388142712414 ], [ 425014.354229784454219, 4388487.489388142712414 ], [ 425014.354229784454219, 4388485.489388142712414 ], [ 425013.354229784454219, 4388485.489388142712414 ], [ 425013.354229784454219, 4388487.489388142712414 ] ], [ [ 425014.354229784454219, 4388483.489388142712414 ], [ 425015.354229784454219, 4388483.489388142712414 ], [ 425015.354229784454219, 4388480.489388142712414 ], [ 425017.354229784454219, 4388480.489388142712414 ], [ 425017.354229784454219, 4388479.489388142712414 ], [ 425016.354229784454219, 4388479.489388142712414 ], [ 425016.354229784454219, 4388475.489388142712414 ], [ 425017.354229784454219, 4388475.489388142712414 ], [ 425017.354229784454219, 4388476.489388142712414 ], [ 425019.354229784454219, 4388476.489388142712414 ], [ 425019.354229784454219, 4388474.489388142712414 ], [ 425017.354229784454219, 4388474.489388142712414 ], [ 425017.354229784454219, 4388470.489388142712414 ], [ 425018.354229784454219, 4388470.489388142712414 ], [ 425018.354229784454219, 4388462.489388142712414 ], [ 425017.354229784454219, 4388462.489388142712414 ], [ 425017.354229784454219, 4388468.489388142712414 ], [ 425016.354229784454219, 4388468.489388142712414 ], [ 425016.354229784454219, 4388474.489388142712414 ], [ 425015.354229784454219, 4388474.489388142712414 ], [ 425015.354229784454219, 4388479.489388142712414 ], [ 425014.354229784454219, 4388479.489388142712414 ], [ 425014.354229784454219, 4388483.489388142712414 ] ], [ [ 425017.354229784454219, 4388479.489388142712414 ], [ 425018.354229784454219, 4388479.489388142712414 ], [ 425018.354229784454219, 4388478.489388142712414 ], [ 425017.354229784454219, 4388478.489388142712414 ], [ 425017.354229784454219, 4388479.489388142712414 ] ], [ [ 425018.354229784454219, 4388478.489388142712414 ], [ 425019.354229784454219, 4388478.489388142712414 ], [ 425019.354229784454219, 4388477.489388142712414 ], [ 425018.354229784454219, 4388477.489388142712414 ], [ 425018.354229784454219, 4388478.489388142712414 ] ], [ [ 425011.354229784454219, 4388476.489388142712414 ], [ 425012.354229784454219, 4388476.489388142712414 ], [ 425012.354229784454219, 4388475.489388142712414 ], [ 425011.354229784454219, 4388475.489388142712414 ], [ 425011.354229784454219, 4388476.489388142712414 ] ], [ [ 425019.354229784454219, 4388474.489388142712414 ], [ 425020.354229784454219, 4388474.489388142712414 ], [ 425020.354229784454219, 4388467.489388142712414 ], [ 425021.354229784454219, 4388467.489388142712414 ], [ 425021.354229784454219, 4388464.489388142712414 ], [ 425020.354229784454219, 4388464.489388142712414 ], [ 425020.354229784454219, 4388466.489388142712414 ], [ 425019.354229784454219, 4388466.489388142712414 ], [ 425019.354229784454219, 4388474.489388142712414 ] ], [ [ 425020.354229784454219, 4388463.489388142712414 ], [ 425021.354229784454219, 4388463.489388142712414 ], [ 425021.354229784454219, 4388457.489388142712414 ], [ 425022.354229784454219, 4388457.489388142712414 ], [ 425022.354229784454219, 4388455.489388142712414 ], [ 425021.354229784454219, 4388455.489388142712414 ], [ 425021.354229784454219, 4388456.489388142712414 ], [ 425020.354229784454219, 4388456.489388142712414 ], [ 425020.354229784454219, 4388463.489388142712414 ] ], [ [ 425018.354229784454219, 4388462.489388142712414 ], [ 425019.354229784454219, 4388462.489388142712414 ], [ 425019.354229784454219, 4388455.489388142712414 ], [ 425018.354229784454219, 4388455.489388142712414 ], [ 425018.354229784454219, 4388462.489388142712414 ] ], [ [ 425019.354229784454219, 4388455.489388142712414 ], [ 425020.354229784454219, 4388455.489388142712414 ], [ 425020.354229784454219, 4388454.489388142712414 ], [ 425019.354229784454219, 4388454.489388142712414 ], [ 425019.354229784454219, 4388455.489388142712414 ] ], [ [ 424938.354229784454219, 4388428.489388142712414 ], [ 424939.354229784454219, 4388428.489388142712414 ], [ 424939.354229784454219, 4388423.489388142712414 ], [ 424938.354229784454219, 4388423.489388142712414 ], [ 424938.354229784454219, 4388421.489388142712414 ], [ 424937.354229784454219, 4388421.489388142712414 ], [ 424937.354229784454219, 4388418.489388142712414 ], [ 424936.354229784454219, 4388418.489388142712414 ], [ 424936.354229784454219, 4388414.489388142712414 ], [ 424934.354229784454219, 4388414.489388142712414 ], [ 424934.354229784454219, 4388413.489388142712414 ], [ 424931.354229784454219, 4388413.489388142712414 ], [ 424931.354229784454219, 4388419.489388142712414 ], [ 424932.354229784454219, 4388419.489388142712414 ], [ 424932.354229784454219, 4388421.489388142712414 ], [ 424933.354229784454219, 4388421.489388142712414 ], [ 424933.354229784454219, 4388424.489388142712414 ], [ 424934.354229784454219, 4388424.489388142712414 ], [ 424934.354229784454219, 4388426.489388142712414 ], [ 424935.354229784454219, 4388426.489388142712414 ], [ 424935.354229784454219, 4388427.489388142712414 ], [ 424938.354229784454219, 4388427.489388142712414 ], [ 424938.354229784454219, 4388428.489388142712414 ] ], [ [ 424923.354229784454219, 4388423.489388142712414 ], [ 424924.354229784454219, 4388423.489388142712414 ], [ 424924.354229784454219, 4388422.489388142712414 ], [ 424923.354229784454219, 4388422.489388142712414 ], [ 424923.354229784454219, 4388423.489388142712414 ] ], [ [ 424922.354229784454219, 4388421.489388142712414 ], [ 424923.354229784454219, 4388421.489388142712414 ], [ 424923.354229784454219, 4388418.489388142712414 ], [ 424922.354229784454219, 4388418.489388142712414 ], [ 424922.354229784454219, 4388416.489388142712414 ], [ 424920.354229784454219, 4388416.489388142712414 ], [ 424920.354229784454219, 4388418.489388142712414 ], [ 424921.354229784454219, 4388418.489388142712414 ], [ 424921.354229784454219, 4388419.489388142712414 ], [ 424922.354229784454219, 4388419.489388142712414 ], [ 424922.354229784454219, 4388421.489388142712414 ] ], [ [ 424924.354229784454219, 4388421.489388142712414 ], [ 424925.354229784454219, 4388421.489388142712414 ], [ 424925.354229784454219, 4388420.489388142712414 ], [ 424924.354229784454219, 4388420.489388142712414 ], [ 424924.354229784454219, 4388421.489388142712414 ] ], [ [ 424925.354229784454219, 4388420.489388142712414 ], [ 424926.354229784454219, 4388420.489388142712414 ], [ 424926.354229784454219, 4388419.489388142712414 ], [ 424925.354229784454219, 4388419.489388142712414 ], [ 424925.354229784454219, 4388420.489388142712414 ] ], [ [ 424923.354229784454219, 4388418.489388142712414 ], [ 424924.354229784454219, 4388418.489388142712414 ], [ 424924.354229784454219, 4388417.489388142712414 ], [ 424923.354229784454219, 4388417.489388142712414 ], [ 424923.354229784454219, 4388418.489388142712414 ] ], [ [ 424919.354229784454219, 4388416.489388142712414 ], [ 424920.354229784454219, 4388416.489388142712414 ], [ 424920.354229784454219, 4388415.489388142712414 ], [ 424919.354229784454219, 4388415.489388142712414 ], [ 424919.354229784454219, 4388416.489388142712414 ] ], [ [ 424853.354229784454219, 4388346.489388142712414 ], [ 424854.354229784454219, 4388346.489388142712414 ], [ 424854.354229784454219, 4388345.489388142712414 ], [ 424853.354229784454219, 4388345.489388142712414 ], [ 424853.354229784454219, 4388346.489388142712414 ] ], [ [ 424852.354229784454219, 4388345.489388142712414 ], [ 424853.354229784454219, 4388345.489388142712414 ], [ 424853.354229784454219, 4388344.489388142712414 ], [ 424852.354229784454219, 4388344.489388142712414 ], [ 424852.354229784454219, 4388345.489388142712414 ] ] ] } },
{ "type": "Feature", "properties": { "level": 1.0 }, "geometry": { "type": "Polygon", "coordinates": [ [ [ 424827.354229784454219, 4388978.489388142712414 ], [ 424827.354229784454219, 4388977.489388142712414 ], [ 424828.354229784454219, 4388977.489388142712414 ], [ 424828.354229784454219, 4388978.489388142712414 ], [ 424827.354229784454219, 4388978.489388142712414 ] ] ] } },
{ "type": "Feature", "properties": { "level": 1.0 }, "geometry": { "type": "Polygon", "coordinates": [ [ [ 424826.354229784454219, 4388977.489388142712414 ], [ 424826.354229784454219, 4388976.489388142712414 ], [ 424827.354229784454219, 4388976.489388142712414 ], [ 424827.354229784454219, 4388977.489388142712414 ], [ 424826.354229784454219, 4388977.489388142712414 ] ] ] } },
{ "type": "Feature", "properties": { "level": 1.0 }, "geometry": { "type": "Polygon", "coordinates": [ [ [ 424825.354229784454219, 4388976.489388142712414 ], [ 424825.354229784454219, 4388975.489388142712414 ], [ 424826.354229784454219, 4388975.489388142712414 ], [ 424826.354229784454219, 4388976.489388142712414 ], [ 424825.354229784454219, 4388976.489388142712414 ] ] ] } },
{ "type": "Feature", "properties": { "level": 1.0 }, "geometry": { "type": "Polygon", "coordinates": [ [ [ 424863.354229784454219, 4388874.489388142712414 ], [ 424863.354229784454219, 4388873.489388142712414 ], [ 424864.354229784454219, 4388873.489388142712414 ], [ 424864.354229784454219, 4388874.489388142712414 ], [ 424863.354229784454219, 4388874.489388142712414 ] ] ] } },
{ "type": "Feature", "properties": { "level": 1.0 }, "geometry": { "type": "Polygon", "coordinates": [ [ [ 424933.354229784454219, 4388561.489388142712414 ], [ 424933.354229784454219, 4388560.489388142712414 ], [ 424934.354229784454219, 4388560.489388142712414 ], [ 424934.354229784454219, 4388561.489388142712414 ], [ 424933.354229784454219, 4388561.489388142712414 ] ] ] } },
{ "type": "Feature", "properties": { "level": 1.0 }, "geometry": { "type": "Polygon", "coordinates": [ [ [ 424932.354229784454219, 4388560.489388142712414 ], [ 424932.354229784454219, 4388559.489388142712414 ], [ 424933.354229784454219, 4388559.489388142712414 ], [ 424933.354229784454219, 4388560.489388142712414 ], [ 424932.354229784454219, 4388560.489388142712414 ] ] ] } },
{ "type": "Feature", "properties": { "level": 1.0 }, "geometry": { "type": "Polygon", "coordinates": [ [ [ 424934.354229784454219, 4388558.489388142712414 ], [ 424934.354229784454219, 4388557.489388142712414 ], [ 424933.354229784454219, 4388557.489388142712414 ], [ 424933.354229784454219, 4388554.489388142712414 ], [ 424934.354229784454219, 4388554.489388142712414 ], [ 424934.354229784454219, 4388553.489388142712414 ], [ 424935.354229784454219, 4388553.489388142712414 ], [ 424935.354229784454219, 4388558.489388142712414 ], [ 424934.354229784454219, 4388558.489388142712414 ] ] ] } },
{ "type": "Feature", "properties": { "level": 1.0 }, "geometry": { "type": "Polygon", "coordinates": [ [ [ 424934.354229784454219, 4388549.489388142712414 ], [ 424934.354229784454219, 4388547.489388142712414 ], [ 424935.354229784454219, 4388547.489388142712414 ], [ 424935.354229784454219, 4388549.489388142712414 ], [ 424934.354229784454219, 4388549.489388142712414 ] ] ] } },
{ "type": "Feature", "properties": { "level": 1.0 }, "geometry": { "type": "Polygon", "coordinates": [ [ [ 424908.354229784454219, 4388544.489388142712414 ], [ 424908.354229784454219, 4388543.489388142712414 ], [ 424909.354229784454219, 4388543.489388142712414 ], [ 424909.354229784454219, 4388544.489388142712414 ], [ 424908.354229784454219, 4388544.489388142712414 ] ] ] } },
{ "type": "Feature", "properties": { "level": 1.0 }, "geometry": { "type": "Polygon", "coordinates": [ [ [ 424908.354229784454219, 4388542.489388142712414 ], [ 424908.354229784454219, 4388535.489388142712414 ], [ 424909.354229784454219, 4388535.489388142712414 ], [ 424909.354229784454219, 4388542.489388142712414 ], [ 424908.354229784454219, 4388542.489388142712414 ] ] ] } },
{ "type": "Feature", "properties": { "level": 1.0 }, "geometry": { "type": "Polygon", "coordinates": [ [ [ 424912.354229784454219, 4388537.489388142712414 ], [ 424912.354229784454219, 4388535.489388142712414 ], [ 424913.354229784454219, 4388535.489388142712414 ], [ 424913.354229784454219, 4388537.489388142712414 ], [ 424912.354229784454219, 4388537.489388142712414 ] ] ] } },
{ "type": "Feature", "properties": { "level": 1.0 }, "geometry": { "type": "Polygon", "coordinates": [ [ [ 424907.354229784454219, 4388531.489388142712414 ], [ 424907.354229784454219, 4388529.489388142712414 ], [ 424908.354229784454219, 4388529.489388142712414 ], [ 424908.354229784454219, 4388531.489388142712414 ], [ 424907.354229784454219, 4388531.489388142712414 ] ] ] } },
{ "type": "Feature", "properties": { "level": 1.0 }, "geometry": { "type": "Polygon", "coordinates": [ [ [ 424914.354229784454219, 4388529.489388142712414 ], [ 424914.354229784454219, 4388528.489388142712414 ], [ 424915.354229784454219, 4388528.489388142712414 ], [ 424915.354229784454219, 4388529.489388142712414 ], [ 424914.354229784454219, 4388529.489388142712414 ] ] ] } },
{ "type": "Feature", "properties": { "level": 1.0 }, "geometry": { "type": "Polygon", "coordinates": [ [ [ 424915.354229784454219, 4388527.489388142712414 ], [ 424915.354229784454219, 4388526.489388142712414 ], [ 424916.354229784454219, 4388526.489388142712414 ], [ 424916.354229784454219, 4388527.489388142712414 ], [ 424915.354229784454219, 4388527.489388142712414 ] ] ] } },
{ "type": "Feature", "properties": { "level": 1.0 }, "geometry": { "type": "Polygon", "coordinates": [ [ [ 424916.354229784454219, 4388525.489388142712414 ], [ 424916.354229784454219, 4388523.489388142712414 ], [ 424917.354229784454219, 4388523.489388142712414 ], [ 424917.354229784454219, 4388525.489388142712414 ], [ 424916.354229784454219, 4388525.489388142712414 ] ] ] } },
{ "type": "Feature", "properties": { "level": 1.0 }, "geometry": { "type": "Polygon", "coordinates": [ [ [ 424917.354229784454219, 4388522.489388142712414 ], [ 424917.354229784454219, 4388520.489388142712414 ], [ 424918.354229784454219, 4388520.489388142712414 ], [ 424918.354229784454219, 4388522.489388142712414 ], [ 424917.354229784454219, 4388522.489388142712414 ] ] ] } },
{ "type": "Feature", "properties": { "level": 1.0 }, "geometry": { "type": "Polygon", "coordinates": [ [ [ 424917.354229784454219, 4388519.489388142712414 ], [ 424917.354229784454219, 4388518.489388142712414 ], [ 424918.354229784454219, 4388518.489388142712414 ], [ 424918.354229784454219, 4388519.489388142712414 ], [ 424917.354229784454219, 4388519.489388142712414 ] ] ] } },
{ "type": "Feature", "properties": { "level": 1.0 }, "geometry": { "type": "Polygon", "coordinates": [ [ [ 424907.354229784454219, 4388515.489388142712414 ], [ 424907.354229784454219, 4388513.489388142712414 ], [ 424908.354229784454219, 4388513.489388142712414 ], [ 424908.354229784454219, 4388515.489388142712414 ], [ 424907.354229784454219, 4388515.489388142712414 ] ] ] } },
{ "type": "Feature", "properties": { "level": 1.0 }, "geometry": { "type": "Polygon", "coordinates": [ [ [ 424918.354229784454219, 4388514.489388142712414 ], [ 424918.354229784454219, 4388512.489388142712414 ], [ 424919.354229784454219, 4388512.489388142712414 ], [ 424919.354229784454219, 4388514.489388142712414 ], [ 424918.354229784454219, 4388514.489388142712414 ] ] ] } },
{ "type": "Feature", "properties": { "level": 1.0 }, "geometry": { "type": "Polygon", "coordinates": [ [ [ 424908.354229784454219, 4388510.489388142712414 ], [ 424908.354229784454219, 4388508.489388142712414 ], [ 424909.354229784454219, 4388508.489388142712414 ], [ 424909.354229784454219, 4388510.489388142712414 ], [ 424908.354229784454219, 4388510.489388142712414 ] ] ] } },
{ "type": "Feature", "properties": { "level": 1.0 }, "geometry": { "type": "Polygon", "coordinates": [ [ [ 424918.354229784454219, 4388507.489388142712414 ], [ 424918.354229784454219, 4388504.489388142712414 ], [ 424919.354229784454219, 4388504.489388142712414 ], [ 424919.354229784454219, 4388507.489388142712414 ], [ 424918.354229784454219, 4388507.489388142712414 ] ] ] } },
{ "type": "Feature", "properties": { "level": 1.0 }, "geometry": { "type": "Polygon", "coordinates": [ [ [ 424909.354229784454219, 4388506.489388142712414 ], [ 424909.354229784454219, 4388500.489388142712414 ], [ 424910.354229784454219, 4388500.489388142712414 ], [ 424910.354229784454219, 4388506.489388142712414 ], [ 424909.354229784454219, 4388506.489388142712414 ] ] ] } },
{ "type": "Feature", "properties": { "level": 1.0 }, "geometry": { "type": "Polygon", "coordinates": [ [ [ 424911.354229784454219, 4388503.489388142712414 ], [ 424911.354229784454219, 4388500.489388142712414 ], [ 424912.354229784454219, 4388500.489388142712414 ], [ 424912.354229784454219, 4388503.489388142712414 ], [ 424911.354229784454219, 4388503.489388142712414 ] ] ] } },
{ "type": "Feature", "properties": { "level": 1.0 }, "geometry": { "type": "Polygon", "coordinates": [ [ [ 424918.354229784454219, 4388503.489388142712414 ], [ 424918.354229784454219, 4388495.489388142712414 ], [ 424919.354229784454219, 4388495.489388142712414 ], [ 424919.354229784454219, 4388503.489388142712414 ], [ 424918.354229784454219, 4388503.489388142712414 ] ] ] } },
{ "type": "Feature", "properties": { "level": 1.0 }, "geometry": { "type": "Polygon", "coordinates": [ [ [ 424912.354229784454219, 4388494.489388142712414 ], [ 424912.354229784454219, 4388478.489388142712414 ], [ 424913.354229784454219, 4388478.489388142712414 ], [ 424913.354229784454219, 4388494.489388142712414 ], [ 424912.354229784454219, 4388494.489388142712414 ] ] ] } },
{ "type": "Feature", "properties": { "level": 1.0 }, "geometry": { "type": "Polygon", "coordinates": [ [ [ 424918.354229784454219, 4388479.489388142712414 ], [ 424918.354229784454219, 4388474.489388142712414 ], [ 424919.354229784454219, 4388474.489388142712414 ], [ 424919.354229784454219, 4388479.489388142712414 ], [ 424918.354229784454219, 4388479.489388142712414 ] ] ] } },
{ "type": "Feature", "properties": { "level": 1.0 }, "geometry": { "type": "Polygon", "coordinates": [ [ [ 424597.354229784454219, 4389165.489388142712414 ], [ 424597.354229784454219, 4389164.489388142712414 ], [ 424594.354229784454219, 4389164.489388142712414 ], [ 424594.354229784454219, 4389163.489388142712414 ], [ 424593.354229784454219, 4389163.489388142712414 ], [ 424593.354229784454219, 4389149.489388142712414 ], [ 424589.354229784454219, 4389149.489388142712414 ], [ 424589.354229784454219, 4389146.489388142712414 ], [ 424588.354229784454219, 4389146.489388142712414 ], [ 424588.354229784454219, 4389144.489388142712414 ], [ 424587.354229784454219, 4389144.489388142712414 ], [ 424587.354229784454219, 4389140.489388142712414 ], [ 424588.354229784454219, 4389140.489388142712414 ], [ 424588.354229784454219, 4389138.489388142712414 ], [ 424587.354229784454219, 4389138.489388142712414 ], [ 424587.354229784454219, 4389137.489388142712414 ], [ 424585.354229784454219, 4389137.489388142712414 ], [ 424585.354229784454219, 4389136.489388142712414 ], [ 424584.354229784454219, 4389136.489388142712414 ], [ 424584.354229784454219, 4389134.489388142712414 ], [ 424583.354229784454219, 4389134.489388142712414 ], [ 424583.354229784454219, 4389126.489388142712414 ], [ 424584.354229784454219, 4389126.489388142712414 ], [ 424584.354229784454219, 4389125.489388142712414 ], [ 424585.354229784454219, 4389125.489388142712414 ], [ 424585.354229784454219, 4389124.489388142712414 ], [ 424586.354229784454219, 4389124.489388142712414 ], [ 424586.354229784454219, 4389123.489388142712414 ], [ 424587.354229784454219, 4389123.489388142712414 ], [ 424587.354229784454219, 4389122.489388142712414 ], [ 424588.354229784454219, 4389122.489388142712414 ], [ 424588.354229784454219, 4389121.489388142712414 ], [ 424589.354229784454219, 4389121.489388142712414 ], [ 424589.354229784454219, 4389120.489388142712414 ], [ 424590.354229784454219, 4389120.489388142712414 ], [ 424590.354229784454219, 4389119.489388142712414 ], [ 424591.354229784454219, 4389119.489388142712414 ], [ 424591.354229784454219, 4389118.489388142712414 ], [ 424592.354229784454219, 4389118.489388142712414 ], [ 424592.354229784454219, 4389117.489388142712414 ], [ 424593.354229784454219, 4389117.489388142712414 ], [ 424593.354229784454219, 4389116.489388142712414 ], [ 424594.354229784454219, 4389116.489388142712414 ], [ 424594.354229784454219, 4389115.489388142712414 ], [ 424595.354229784454219, 4389115.489388142712414 ], [ 424595.354229784454219, 4389114.489388142712414 ], [ 424597.354229784454219, 4389114.489388142712414 ], [ 424597.354229784454219, 4389113.489388142712414 ], [ 424598.354229784454219, 4389113.489388142712414 ], [ 424598.354229784454219, 4389112.489388142712414 ], [ 424599.354229784454219, 4389112.489388142712414 ], [ 424599.354229784454219, 4389111.489388142712414 ], [ 424600.354229784454219, 4389111.489388142712414 ], [ 424600.354229784454219, 4389110.489388142712414 ], [ 424601.354229784454219, 4389110.489388142712414 ], [ 424601.354229784454219, 4389109.489388142712414 ], [ 424603.354229784454219, 4389109.489388142712414 ], [ 424603.354229784454219, 4389108.489388142712414 ], [ 424604.354229784454219, 4389108.489388142712414 ], [ 424604.354229784454219, 4389107.489388142712414 ], [ 424605.354229784454219, 4389107.489388142712414 ], [ 424605.354229784454219, 4389106.489388142712414 ], [ 424606.354229784454219, 4389106.489388142712414 ], [ 424606.354229784454219, 4389105.489388142712414 ], [ 424607.354229784454219, 4389105.489388142712414 ], [ 424607.354229784454219, 4389104.489388142712414 ], [ 424609.354229784454219, 4389104.489388142712414 ], [ 424609.354229784454219, 4389103.489388142712414 ], [ 424610.354229784454219, 4389103.489388142712414 ], [ 424610.354229784454219, 4389102.489388142712414 ], [ 424611.354229784454219, 4389102.489388142712414 ], [ 424611.354229784454219, 4389101.489388142712414 ], [ 424613.354229784454219, 4389101.489388142712414 ], [ 424613.354229784454219, 4389100.489388142712414 ], [ 424614.354229784454219, 4389100.489388142712414 ], [ 424614.354229784454219, 4389099.489388142712414 ], [ 424616.354229784454219, 4389099.489388142712414 ], [ 424616.354229784454219, 4389098.489388142712414 ], [ 424617.354229784454219, 4389098.489388142712414 ], [ 424617.354229784454219, 4389097.489388142712414 ], [ 424619.354229784454219, 4389097.489388142712414 ], [ 424619.354229784454219, 4389096.489388142712414 ], [ 424620.354229784454219, 4389096.489388142712414 ], [ 424620.354229784454219, 4389095.489388142712414 ], [ 424622.354229784454219, 4389095.489388142712414 ], [ 424622.354229784454219, 4389094.489388142712414 ], [ 424624.354229784454219, 4389094.489388142712414 ], [ 424624.354229784454219, 4389093.489388142712414 ], [ 424625.354229784454219, 4389093.489388142712414 ], [ 424625.354229784454219, 4389092.489388142712414 ], [ 424627.354229784454219, 4389092.489388142712414 ], [ 424627.354229784454219, 4389091.489388142712414 ], [ 424628.354229784454219, 4389091.489388142712414 ], [ 424628.354229784454219, 4389090.489388142712414 ], [ 424630.354229784454219, 4389090.489388142712414 ], [ 424630.354229784454219, 4389089.489388142712414 ], [ 424632.354229784454219, 4389089.489388142712414 ], [ 424632.354229784454219, 4389088.489388142712414 ], [ 424634.354229784454219, 4389088.489388142712414 ], [ 424634.354229784454219, 4389087.489388142712414 ], [ 424635.354229784454219, 4389087.489388142712414 ], [ 424635.354229784454219, 4389086.489388142712414 ], [ 424637.354229784454219, 4389086.489388142712414 ], [ 424637.354229784454219, 4389085.489388142712414 ], [ 424639.354229784454219, 4389085.489388142712414 ], [ 424639.354229784454219, 4389084.489388142712414 ], [ 424640.354229784454219, 4389084.489388142712414 ], [ 424640.354229784454219, 4389083.489388142712414 ], [ 424641.354229784454219, 4389083.489388142712414 ], [ 424641.354229784454219, 4389082.489388142712414 ], [ 424643.354229784454219, 4389082.489388142712414 ], [ 424643.354229784454219, 4389081.489388142712414 ], [ 424644.354229784454219, 4389081.489388142712414 ], [ 424644.354229784454219, 4389080.489388142712414 ], [ 424646.354229784454219, 4389080.489388142712414 ], [ 424646.354229784454219, 4389079.489388142712414 ], [ 424647.354229784454219, 4389079.489388142712414 ], [ 424647.354229784454219, 4389078.489388142712414 ], [ 424649.354229784454219, 4389078.489388142712414 ], [ 424649.354229784454219, 4389077.489388142712414 ], [ 424650.354229784454219, 4389077.489388142712414 ], [ 424650.354229784454219, 4389076.489388142712414 ], [ 424652.354229784454219, 4389076.489388142712414 ], [ 424652.354229784454219, 4389075.489388142712414 ], [ 424654.354229784454219, 4389075.489388142712414 ], [ 424654.354229784454219, 4389074.489388142712414 ], [ 424655.354229784454219, 4389074.489388142712414 ], [ 424655.354229784454219, 4389073.489388142712414 ], [ 424657.354229784454219, 4389073.489388142712414 ], [ 424657.354229784454219, 4389072.489388142712414 ], [ 424659.354229784454219, 4389072.489388142712414 ], [ 424659.354229784454219, 4389071.489388142712414 ], [ 424661.354229784454219, 4389071.489388142712414 ], [ 424661.354229784454219, 4389070.489388142712414 ], [ 424664.354229784454219, 4389070.489388142712414 ], [ 424664.354229784454219, 4389069.489388142712414 ], [ 424666.354229784454219, 4389069.489388142712414 ], [ 424666.354229784454219, 4389068.489388142712414 ], [ 424668.354229784454219, 4389068.489388142712414 ], [ 424668.354229784454219, 4389067.489388142712414 ], [ 424670.354229784454219, 4389067.489388142712414 ], [ 424670.354229784454219, 4389066.489388142712414 ], [ 424672.354229784454219, 4389066.489388142712414 ], [ 424672.354229784454219, 4389065.489388142712414 ], [ 424674.354229784454219, 4389065.489388142712414 ], [ 424674.354229784454219, 4389064.489388142712414 ], [ 424676.354229784454219, 4389064.489388142712414 ], [ 424676.354229784454219, 4389063.489388142712414 ], [ 424678.354229784454219, 4389063.489388142712414 ], [ 424678.354229784454219, 4389062.489388142712414 ], [ 424680.354229784454219, 4389062.489388142712414 ], [ 424680.354229784454219, 4389061.489388142712414 ], [ 424682.354229784454219, 4389061.489388142712414 ], [ 424682.354229784454219, 4389060.489388142712414 ], [ 424684.354229784454219, 4389060.489388142712414 ], [ 424684.354229784454219, 4389059.489388142712414 ], [ 424686.354229784454219, 4389059.489388142712414 ], [ 424686.354229784454219, 4389058.489388142712414 ], [ 424688.354229784454219, 4389058.489388142712414 ], [ 424688.354229784454219, 4389057.489388142712414 ], [ 424690.354229784454219, 4389057.489388142712414 ], [ 424690.354229784454219, 4389056.489388142712414 ], [ 424692.354229784454219, 4389056.489388142712414 ], [ 424692.354229784454219, 4389055.489388142712414 ], [ 424694.354229784454219, 4389055.489388142712414 ], [ 424694.354229784454219, 4389054.489388142712414 ], [ 424695.354229784454219, 4389054.489388142712414 ], [ 424695.354229784454219, 4389053.489388142712414 ], [ 424697.354229784454219, 4389053.489388142712414 ], [ 424697.354229784454219, 4389052.489388142712414 ], [ 424699.354229784454219, 4389052.489388142712414 ], [ 424699.354229784454219, 4389051.489388142712414 ], [ 424700.354229784454219, 4389051.489388142712414 ], [ 424700.354229784454219, 4389050.489388142712414 ], [ 424702.354229784454219, 4389050.489388142712414 ], [ 424702.354229784454219, 4389049.489388142712414 ], [ 424704.354229784454219, 4389049.489388142712414 ], [ 424704.354229784454219, 4389048.489388142712414 ], [ 424706.354229784454219, 4389048.489388142712414 ], [ 424706.354229784454219, 4389047.489388142712414 ], [ 424708.354229784454219, 4389047.489388142712414 ], [ 424708.354229784454219, 4389046.489388142712414 ], [ 424709.354229784454219, 4389046.489388142712414 ], [ 424709.354229784454219, 4389045.489388142712414 ], [ 424711.354229784454219, 4389045.489388142712414 ], [ 424711.354229784454219, 4389044.489388142712414 ], [ 424713.354229784454219, 4389044.489388142712414 ], [ 424713.354229784454219, 4389043.489388142712414 ], [ 424715.354229784454219, 4389043.489388142712414 ], [ 424715.354229784454219, 4389042.489388142712414 ], [ 424717.354229784454219, 4389042.489388142712414 ], [ 424717.354229784454219, 4389041.489388142712414 ], [ 424719.354229784454219, 4389041.489388142712414 ], [ 424719.354229784454219, 4389040.489388142712414 ], [ 424721.354229784454219, 4389040.489388142712414 ], [ 424721.354229784454219, 4389039.489388142712414 ], [ 424723.354229784454219, 4389039.489388142712414 ], [ 424723.354229784454219, 4389038.489388142712414 ], [ 424725.354229784454219, 4389038.489388142712414 ], [ 424725.354229784454219, 4389037.489388142712414 ], [ 424727.354229784454219, 4389037.489388142712414 ], [ 424727.354229784454219, 4389036.489388142712414 ], [ 424729.354229784454219, 4389036.489388142712414 ], [ 424729.354229784454219, 4389035.489388142712414 ], [ 424731.354229784454219, 4389035.489388142712414 ], [ 424731.354229784454219, 4389034.489388142712414 ], [ 424733.354229784454219, 4389034.489388142712414 ], [ 424733.354229784454219, 4389033.489388142712414 ], [ 424735.354229784454219, 4389033.489388142712414 ], [ 424735.354229784454219, 4389032.489388142712414 ], [ 424737.354229784454219, 4389032.489388142712414 ], [ 424737.354229784454219, 4389031.489388142712414 ], [ 424739.354229784454219, 4389031.489388142712414 ], [ 424739.354229784454219, 4389030.489388142712414 ], [ 424741.354229784454219, 4389030.489388142712414 ], [ 424741.354229784454219, 4389029.489388142712414 ], [ 424742.354229784454219, 4389029.489388142712414 ], [ 424742.354229784454219, 4389028.489388142712414 ], [ 424745.354229784454219, 4389028.489388142712414 ], [ 424745.354229784454219, 4389027.489388142712414 ], [ 424747.354229784454219, 4389027.489388142712414 ], [ 424747.354229784454219, 4389026.489388142712414 ], [ 424749.354229784454219, 4389026.489388142712414 ], [ 424749.354229784454219, 4389025.489388142712414 ], [ 424751.354229784454219, 4389025.489388142712414 ], [ 424751.354229784454219, 4389024.489388142712414 ], [ 424754.354229784454219, 4389024.489388142712414 ], [ 424754.354229784454219, 4389023.489388142712414 ], [ 424757.354229784454219, 4389023.489388142712414 ], [ 424757.354229784454219, 4389022.489388142712414 ], [ 424760.354229784454219, 4389022.489388142712414 ], [ 424760.354229784454219, 4389021.489388142712414 ], [ 424763.354229784454219, 4389021.489388142712414 ], [ 424763.354229784454219, 4389020.489388142712414 ], [ 424766.354229784454219, 4389020.489388142712414 ], [ 424766.354229784454219, 4389019.489388142712414 ], [ 424768.354229784454219, 4389019.489388142712414 ], [ 424768.354229784454219, 4389018.489388142712414 ], [ 424770.354229784454219, 4389018.489388142712414 ], [ 424770.354229784454219, 4389017.489388142712414 ], [ 424772.354229784454219, 4389017.489388142712414 ], [ 424772.354229784454219, 4389016.489388142712414 ], [ 424773.354229784454219, 4389016.489388142712414 ], [ 424773.354229784454219, 4389015.489388142712414 ], [ 424775.354229784454219, 4389015.489388142712414 ], [ 424775.354229784454219, 4389014.489388142712414 ], [ 424776.354229784454219, 4389014.489388142712414 ], [ 424776.354229784454219, 4389013.489388142712414 ], [ 424777.354229784454219, 4389013.489388142712414 ], [ 424777.354229784454219, 4389012.489388142712414 ], [ 424778.354229784454219, 4389012.489388142712414 ], [ 424778.354229784454219, 4389011.489388142712414 ], [ 424779.354229784454219, 4389011.489388142712414 ], [ 424779.354229784454219, 4389010.489388142712414 ], [ 424780.354229784454219, 4389010.489388142712414 ], [ 424780.354229784454219, 4389009.489388142712414 ], [ 424781.354229784454219, 4389009.489388142712414 ], [ 424781.354229784454219, 4389008.489388142712414 ], [ 424782.354229784454219, 4389008.489388142712414 ], [ 424782.354229784454219, 4389007.489388142712414 ], [ 424783.354229784454219, 4389007.489388142712414 ], [ 424783.354229784454219, 4389005.489388142712414 ], [ 424784.354229784454219, 4389005.489388142712414 ], [ 424784.354229784454219, 4389002.489388142712414 ], [ 424785.354229784454219, 4389002.489388142712414 ], [ 424785.354229784454219, 4388999.489388142712414 ], [ 424786.354229784454219, 4388999.489388142712414 ], [ 424786.354229784454219, 4388996.489388142712414 ], [ 424787.354229784454219, 4388996.489388142712414 ], [ 424787.354229784454219, 4388992.489388142712414 ], [ 424788.354229784454219, 4388992.489388142712414 ], [ 424788.354229784454219, 4388989.489388142712414 ], [ 424789.354229784454219, 4388989.489388142712414 ], [ 424789.354229784454219, 4388987.489388142712414 ], [ 424790.354229784454219, 4388987.489388142712414 ], [ 424790.354229784454219, 4388983.489388142712414 ], [ 424791.354229784454219, 4388983.489388142712414 ], [ 424791.354229784454219, 4388979.489388142712414 ], [ 424792.354229784454219, 4388979.489388142712414 ], [ 424792.354229784454219, 4388975.489388142712414 ], [ 424793.354229784454219, 4388975.489388142712414 ], [ 424793.354229784454219, 4388970.489388142712414 ], [ 424794.354229784454219, 4388970.489388142712414 ], [ 424794.354229784454219, 4388962.489388142712414 ], [ 424795.354229784454219, 4388962.489388142712414 ], [ 424795.354229784454219, 4388929.489388142712414 ], [ 424796.354229784454219, 4388929.489388142712414 ], [ 424796.354229784454219, 4388915.489388142712414 ], [ 424797.354229784454219, 4388915.489388142712414 ], [ 424797.354229784454219, 4388908.489388142712414 ], [ 424798.354229784454219, 4388908.489388142712414 ], [ 424798.354229784454219, 4388904.489388142712414 ], [ 424799.354229784454219, 4388904.489388142712414 ], [ 424799.354229784454219, 4388900.489388142712414 ], [ 424800.354229784454219, 4388900.489388142712414 ], [ 424800.354229784454219, 4388896.489388142712414 ], [ 424801.354229784454219, 4388896.489388142712414 ], [ 424801.354229784454219, 4388891.489388142712414 ], [ 424802.354229784454219, 4388891.489388142712414 ], [ 424802.354229784454219, 4388887.489388142712414 ], [ 424803.354229784454219, 4388887.489388142712414 ], [ 424803.354229784454219, 4388883.489388142712414 ], [ 424804.354229784454219, 4388883.489388142712414 ], [ 424804.354229784454219, 4388880.489388142712414 ], [ 424805.354229784454219, 4388880.489388142712414 ], [ 424805.354229784454219, 4388876.489388142712414 ], [ 424806.354229784454219, 4388876.489388142712414 ], [ 424806.354229784454219, 4388873.489388142712414 ], [ 424807.354229784454219, 4388873.489388142712414 ], [ 424807.354229784454219, 4388870.489388142712414 ], [ 424808.354229784454219, 4388870.489388142712414 ], [ 424808.354229784454219, 4388866.489388142712414 ], [ 424809.354229784454219, 4388866.489388142712414 ], [ 424809.354229784454219, 4388863.489388142712414 ], [ 424810.354229784454219, 4388863.489388142712414 ], [ 424810.354229784454219, 4388860.489388142712414 ], [ 424811.354229784454219, 4388860.489388142712414 ], [ 424811.354229784454219, 4388857.489388142712414 ], [ 424812.354229784454219, 4388857.489388142712414 ], [ 424812.354229784454219, 4388854.489388142712414 ], [ 424813.354229784454219, 4388854.489388142712414 ], [ 424813.354229784454219, 4388852.489388142712414 ], [ 424814.354229784454219, 4388852.489388142712414 ], [ 424814.354229784454219, 4388848.489388142712414 ], [ 424815.354229784454219, 4388848.489388142712414 ], [ 424815.354229784454219, 4388845.489388142712414 ], [ 424816.354229784454219, 4388845.489388142712414 ], [ 424816.354229784454219, 4388843.489388142712414 ], [ 424817.354229784454219, 4388843.489388142712414 ], [ 424817.354229784454219, 4388840.489388142712414 ], [ 424818.354229784454219, 4388840.489388142712414 ], [ 424818.354229784454219, 4388837.489388142712414 ], [ 424819.354229784454219, 4388837.489388142712414 ], [ 424819.354229784454219, 4388835.489388142712414 ], [ 424820.354229784454219, 4388835.489388142712414 ], [ 424820.354229784454219, 4388832.489388142712414 ], [ 424821.354229784454219, 4388832.489388142712414 ], [ 424821.354229784454219, 4388830.489388142712414 ], [ 424822.354229784454219, 4388830.489388142712414 ], [ 424822.354229784454219, 4388827.489388142712414 ], [ 424823.354229784454219, 4388827.489388142712414 ], [ 424823.354229784454219, 4388824.489388142712414 ], [ 424824.354229784454219, 4388824.489388142712414 ], [ 424824.354229784454219, 4388822.489388142712414 ], [ 424825.354229784454219, 4388822.489388142712414 ], [ 424825.354229784454219, 4388819.489388142712414 ], [ 424826.354229784454219, 4388819.489388142712414 ], [ 424826.354229784454219, 4388816.489388142712414 ], [ 424827.354229784454219, 4388816.489388142712414 ], [ 424827.354229784454219, 4388813.489388142712414 ], [ 424828.354229784454219, 4388813.489388142712414 ], [ 424828.354229784454219, 4388810.489388142712414 ], [ 424829.354229784454219, 4388810.489388142712414 ], [ 424829.354229784454219, 4388808.489388142712414 ], [ 424830.354229784454219, 4388808.489388142712414 ], [ 424830.354229784454219, 4388806.489388142712414 ], [ 424831.354229784454219, 4388806.489388142712414 ], [ 424831.354229784454219, 4388804.489388142712414 ], [ 424832.354229784454219, 4388804.489388142712414 ], [ 424832.354229784454219, 4388802.489388142712414 ], [ 424833.354229784454219, 4388802.489388142712414 ], [ 424833.354229784454219, 4388800.489388142712414 ], [ 424834.354229784454219, 4388800.489388142712414 ], [ 424834.354229784454219, 4388798.489388142712414 ], [ 424835.354229784454219, 4388798.489388142712414 ], [ 424835.354229784454219, 4388797.489388142712414 ], [ 424836.354229784454219, 4388797.489388142712414 ], [ 424836.354229784454219, 4388795.489388142712414 ], [ 424837.354229784454219, 4388795.489388142712414 ], [ 424837.354229784454219, 4388793.489388142712414 ], [ 424838.354229784454219, 4388793.489388142712414 ], [ 424838.354229784454219, 4388792.489388142712414 ], [ 424839.354229784454219, 4388792.489388142712414 ], [ 424839.354229784454219, 4388790.489388142712414 ], [ 424840.354229784454219, 4388790.489388142712414 ], [ 424840.354229784454219, 4388788.489388142712414 ], [ 424841.354229784454219, 4388788.489388142712414 ], [ 424841.354229784454219, 4388787.489388142712414 ], [ 424842.354229784454219, 4388787.489388142712414 ], [ 424842.354229784454219, 4388785.489388142712414 ], [ 424843.354229784454219, 4388785.489388142712414 ], [ 424843.354229784454219, 4388783.489388142712414 ], [ 424844.354229784454219, 4388783.489388142712414 ], [ 424844.354229784454219, 4388782.489388142712414 ], [ 424845.354229784454219, 4388782.489388142712414 ], [ 424845.354229784454219, 4388780.489388142712414 ], [ 424846.354229784454219, 4388780.489388142712414 ], [ 424846.354229784454219, 4388779.489388142712414 ], [ 424847.354229784454219, 4388779.489388142712414 ], [ 424847.354229784454219, 4388777.489388142712414 ], [ 424848.354229784454219, 4388777.489388142712414 ], [ 424848.354229784454219, 4388776.489388142712414 ], [ 424849.354229784454219, 4388776.489388142712414 ], [ 424849.354229784454219, 4388774.489388142712414 ], [ 424850.354229784454219, 4388774.489388142712414 ], [ 424850.354229784454219, 4388773.489388142712414 ], [ 424851.354229784454219, 4388773.489388142712414 ], [ 424851.354229784454219, 4388771.489388142712414 ], [ 424852.354229784454219, 4388771.489388142712414 ], [ 424852.354229784454219, 4388769.489388142712414 ], [ 424853.354229784454219, 4388769.489388142712414 ], [ 424853.354229784454219, 4388765.489388142712414 ], [ 424854.354229784454219, 4388765.489388142712414 ], [ 424854.354229784454219, 4388761.489388142712414 ], [ 424855.354229784454219, 4388761.489388142712414 ], [ 424855.354229784454219, 4388757.489388142712414 ], [ 424856.354229784454219, 4388757.489388142712414 ], [ 424856.354229784454219, 4388753.489388142712414 ], [ 424857.354229784454219, 4388753.489388142712414 ], [ 424857.354229784454219, 4388750.489388142712414 ], [ 424858.354229784454219, 4388750.489388142712414 ], [ 424858.354229784454219, 4388747.489388142712414 ], [ 424859.354229784454219, 4388747.489388142712414 ], [ 424859.354229784454219, 4388743.489388142712414 ], [ 424860.354229784454219, 4388743.489388142712414 ], [ 424860.354229784454219, 4388740.489388142712414 ], [ 424861.354229784454219, 4388740.489388142712414 ], [ 424861.354229784454219, 4388736.489388142712414 ], [ 424862.354229784454219, 4388736.489388142712414 ], [ 424862.354229784454219, 4388733.489388142712414 ], [ 424863.354229784454219, 4388733.489388142712414 ], [ 424863.354229784454219, 4388730.489388142712414 ], [ 424864.354229784454219, 4388730.489388142712414 ], [ 424864.354229784454219, 4388726.489388142712414 ], [ 424865.354229784454219, 4388726.489388142712414 ], [ 424865.354229784454219, 4388722.489388142712414 ], [ 424866.354229784454219, 4388722.489388142712414 ], [ 424866.354229784454219, 4388719.489388142712414 ], [ 424867.354229784454219, 4388719.489388142712414 ], [ 424867.354229784454219, 4388714.489388142712414 ], [ 424868.354229784454219, 4388714.489388142712414 ], [ 424868.354229784454219, 4388707.489388142712414 ], [ 424869.354229784454219, 4388707.489388142712414 ], [ 424869.354229784454219, 4388699.489388142712414 ], [ 424870.354229784454219, 4388699.489388142712414 ], [ 424870.354229784454219, 4388684.489388142712414 ], [ 424871.354229784454219, 4388684.489388142712414 ], [ 424871.354229784454219, 4388682.489388142712414 ], [ 424870.354229784454219, 4388682.489388142712414 ], [ 424870.354229784454219, 4388681.489388142712414 ], [ 424871.354229784454219, 4388681.489388142712414 ], [ 424871.354229784454219, 4388675.489388142712414 ], [ 424870.354229784454219, 4388675.489388142712414 ], [ 424870.354229784454219, 4388660.489388142712414 ], [ 424869.354229784454219, 4388660.489388142712414 ], [ 424869.354229784454219, 4388647.489388142712414 ], [ 424868.354229784454219, 4388647.489388142712414 ], [ 424868.354229784454219, 4388601.489388142712414 ], [ 424869.354229784454219, 4388601.489388142712414 ], [ 424869.354229784454219, 4388586.489388142712414 ], [ 424870.354229784454219, 4388586.489388142712414 ], [ 424870.354229784454219, 4388575.489388142712414 ], [ 424871.354229784454219, 4388575.489388142712414 ], [ 424871.354229784454219, 4388552.489388142712414 ], [ 424870.354229784454219, 4388552.489388142712414 ], [ 424870.354229784454219, 4388547.489388142712414 ], [ 424871.354229784454219, 4388547.489388142712414 ], [ 424871.354229784454219, 4388546.489388142712414 ], [ 424870.354229784454219, 4388546.489388142712414 ], [ 424870.354229784454219, 4388545.489388142712414 ], [ 424871.354229784454219, 4388545.489388142712414 ], [ 424871.354229784454219, 4388544.489388142712414 ], [ 424870.354229784454219, 4388544.489388142712414 ], [ 424870.354229784454219, 4388532.489388142712414 ], [ 424869.354229784454219, 4388532.489388142712414 ], [ 424869.354229784454219, 4388519.489388142712414 ], [ 424868.354229784454219, 4388519.489388142712414 ], [ 424868.354229784454219, 4388518.489388142712414 ], [ 424869.354229784454219, 4388518.489388142712414 ], [ 424869.354229784454219, 4388516.489388142712414 ], [ 424868.354229784454219, 4388516.489388142712414 ], [ 424868.354229784454219, 4388515.489388142712414 ], [ 424869.354229784454219, 4388515.489388142712414 ], [ 424869.354229784454219, 4388504.489388142712414 ], [ 424870.354229784454219, 4388504.489388142712414 ], [ 424870.354229784454219, 4388492.489388142712414 ], [ 424869.354229784454219, 4388492.489388142712414 ], [ 424869.354229784454219, 4388491.489388142712414 ], [ 424870.354229784454219, 4388491.489388142712414 ], [ 424870.354229784454219, 4388490.489388142712414 ], [ 424869.354229784454219, 4388490.489388142712414 ], [ 424869.354229784454219, 4388484.489388142712414 ], [ 424868.354229784454219, 4388484.489388142712414 ], [ 424868.354229784454219, 4388479.489388142712414 ], [ 424867.354229784454219, 4388479.489388142712414 ], [ 424867.354229784454219, 4388472.489388142712414 ], [ 424866.354229784454219, 4388472.489388142712414 ], [ 424866.354229784454219, 4388467.489388142712414 ], [ 424865.354229784454219, 4388467.489388142712414 ], [ 424865.354229784454219, 4388466.489388142712414 ], [ 424866.354229784454219, 4388466.489388142712414 ], [ 424866.354229784454219, 4388465.489388142712414 ], [ 424865.354229784454219, 4388465.489388142712414 ], [ 424865.354229784454219, 4388458.489388142712414 ], [ 424864.354229784454219, 4388458.489388142712414 ], [ 424864.354229784454219, 4388450.489388142712414 ], [ 424863.354229784454219, 4388450.489388142712414 ], [ 424863.354229784454219, 4388443.489388142712414 ], [ 424862.354229784454219, 4388443.489388142712414 ], [ 424862.354229784454219, 4388437.489388142712414 ], [ 424861.354229784454219, 4388437.489388142712414 ], [ 424861.354229784454219, 4388431.489388142712414 ], [ 424860.354229784454219, 4388431.489388142712414 ], [ 424860.354229784454219, 4388426.489388142712414 ], [ 424859.354229784454219, 4388426.489388142712414 ], [ 424859.354229784454219, 4388425.489388142712414 ], [ 424856.354229784454219, 4388425.489388142712414 ], [ 424856.354229784454219, 4388424.489388142712414 ], [ 424852.354229784454219, 4388424.489388142712414 ], [ 424852.354229784454219, 4388423.489388142712414 ], [ 424850.354229784454219, 4388423.489388142712414 ], [ 424850.354229784454219, 4388422.489388142712414 ], [ 424848.354229784454219, 4388422.489388142712414 ], [ 424848.354229784454219, 4388421.489388142712414 ], [ 424847.354229784454219, 4388421.489388142712414 ], [ 424847.354229784454219, 4388420.489388142712414 ], [ 424846.354229784454219, 4388420.489388142712414 ], [ 424846.354229784454219, 4388418.489388142712414 ], [ 424845.354229784454219, 4388418.489388142712414 ], [ 424845.354229784454219, 4388417.489388142712414 ], [ 424844.354229784454219, 4388417.489388142712414 ], [ 424844.354229784454219, 4388416.489388142712414 ], [ 424843.354229784454219, 4388416.489388142712414 ], [ 424843.354229784454219, 4388414.489388142712414 ], [ 424842.354229784454219, 4388414.489388142712414 ], [ 424842.354229784454219, 4388411.489388142712414 ], [ 424841.354229784454219, 4388411.489388142712414 ], [ 424841.354229784454219, 4388410.489388142712414 ], [ 424840.354229784454219, 4388410.489388142712414 ], [ 424840.354229784454219, 4388409.489388142712414 ], [ 424839.354229784454219, 4388409.489388142712414 ], [ 424839.354229784454219, 4388408.489388142712414 ], [ 424838.354229784454219, 4388408.489388142712414 ], [ 424838.354229784454219, 4388407.489388142712414 ], [ 424837.354229784454219, 4388407.489388142712414 ], [ 424837.354229784454219, 4388406.489388142712414 ], [ 424836.354229784454219, 4388406.489388142712414 ], [ 424836.354229784454219, 4388405.489388142712414 ], [ 424835.354229784454219, 4388405.489388142712414 ], [ 424835.354229784454219, 4388403.489388142712414 ], [ 424834.354229784454219, 4388403.489388142712414 ], [ 424834.354229784454219, 4388402.489388142712414 ], [ 424833.354229784454219, 4388402.489388142712414 ], [ 424833.354229784454219, 4388400.489388142712414 ], [ 424832.354229784454219, 4388400.489388142712414 ], [ 424832.354229784454219, 4388398.489388142712414 ], [ 424833.354229784454219, 4388398.489388142712414 ], [ 424833.354229784454219, 4388397.489388142712414 ], [ 424834.354229784454219, 4388397.489388142712414 ], [ 424834.354229784454219, 4388393.489388142712414 ], [ 424835.354229784454219, 4388393.489388142712414 ], [ 424835.354229784454219, 4388392.489388142712414 ], [ 424836.354229784454219, 4388392.489388142712414 ], [ 424836.354229784454219, 4388391.489388142712414 ], [ 424835.354229784454219, 4388391.489388142712414 ], [ 424835.354229784454219, 4388390.489388142712414 ], [ 424836.354229784454219, 4388390.489388142712414 ], [ 424836.354229784454219, 4388385.489388142712414 ], [ 424837.354229784454219, 4388385.489388142712414 ], [ 424837.354229784454219, 4388382.489388142712414 ], [ 424836.354229784454219, 4388382.489388142712414 ], [ 424836.354229784454219, 4388378.489388142712414 ], [ 424835.354229784454219, 4388378.489388142712414 ], [ 424835.354229784454219, 4388372.489388142712414 ], [ 424834.354229784454219, 4388372.489388142712414 ], [ 424834.354229784454219, 4388369.489388142712414 ], [ 424833.354229784454219, 4388369.489388142712414 ], [ 424833.354229784454219, 4388368.489388142712414 ], [ 424831.354229784454219, 4388368.489388142712414 ], [ 424831.354229784454219, 4388367.489388142712414 ], [ 424828.354229784454219, 4388367.489388142712414 ], [ 424828.354229784454219, 4388366.489388142712414 ], [ 424821.354229784454219, 4388366.489388142712414 ], [ 424821.354229784454219, 4388365.489388142712414 ], [ 424819.354229784454219, 4388365.489388142712414 ], [ 424819.354229784454219, 4388364.489388142712414 ], [ 424818.354229784454219, 4388364.489388142712414 ], [ 424818.354229784454219, 4388363.489388142712414 ], [ 424817.354229784454219, 4388363.489388142712414 ], [ 424817.354229784454219, 4388361.489388142712414 ], [ 424816.354229784454219, 4388361.489388142712414 ], [ 424816.354229784454219, 4388360.489388142712414 ], [ 424815.354229784454219, 4388360.489388142712414 ], [ 424815.354229784454219, 4388359.489388142712414 ], [ 424813.354229784454219, 4388359.489388142712414 ], [ 424813.354229784454219, 4388358.489388142712414 ], [ 424812.354229784454219, 4388358.489388142712414 ], [ 424812.354229784454219, 4388357.489388142712414 ], [ 424811.354229784454219, 4388357.489388142712414 ], [ 424811.354229784454219, 4388356.489388142712414 ], [ 424810.354229784454219, 4388356.489388142712414 ], [ 424810.354229784454219, 4388354.489388142712414 ], [ 424812.354229784454219, 4388354.489388142712414 ], [ 424812.354229784454219, 4388353.489388142712414 ], [ 424813.354229784454219, 4388353.489388142712414 ], [ 424813.354229784454219, 4388352.489388142712414 ], [ 424814.354229784454219, 4388352.489388142712414 ], [ 424814.354229784454219, 4388346.489388142712414 ], [ 424816.354229784454219, 4388346.489388142712414 ], [ 424816.354229784454219, 4388347.489388142712414 ], [ 424817.354229784454219, 4388347.489388142712414 ], [ 424817.354229784454219, 4388348.489388142712414 ], [ 424818.354229784454219, 4388348.489388142712414 ], [ 424818.354229784454219, 4388349.489388142712414 ], [ 424819.354229784454219, 4388349.489388142712414 ], [ 424819.354229784454219, 4388350.489388142712414 ], [ 424821.354229784454219, 4388350.489388142712414 ], [ 424821.354229784454219, 4388351.489388142712414 ], [ 424826.354229784454219, 4388351.489388142712414 ], [ 424826.354229784454219, 4388352.489388142712414 ], [ 424828.354229784454219, 4388352.489388142712414 ], [ 424828.354229784454219, 4388353.489388142712414 ], [ 424829.354229784454219, 4388353.489388142712414 ], [ 424829.354229784454219, 4388354.489388142712414 ], [ 424830.354229784454219, 4388354.489388142712414 ], [ 424830.354229784454219, 4388355.489388142712414 ], [ 424831.354229784454219, 4388355.489388142712414 ], [ 424831.354229784454219, 4388356.489388142712414 ], [ 424832.354229784454219, 4388356.489388142712414 ], [ 424832.354229784454219, 4388357.489388142712414 ], [ 424844.354229784454219, 4388357.489388142712414 ], [ 424844.354229784454219, 4388351.489388142712414 ], [ 424843.354229784454219, 4388351.489388142712414 ], [ 424843.354229784454219, 4388348.489388142712414 ], [ 424842.354229784454219, 4388348.489388142712414 ], [ 424842.354229784454219, 4388347.489388142712414 ], [ 424841.354229784454219, 4388347.489388142712414 ], [ 424841.354229784454219, 4388342.489388142712414 ], [ 424842.354229784454219, 4388342.489388142712414 ], [ 424842.354229784454219, 4388341.489388142712414 ], [ 424846.354229784454219, 4388341.489388142712414 ], [ 424846.354229784454219, 4388343.489388142712414 ], [ 424847.354229784454219, 4388343.489388142712414 ], [ 424847.354229784454219, 4388344.489388142712414 ], [ 424848.354229784454219, 4388344.489388142712414 ], [ 424848.354229784454219, 4388346.489388142712414 ], [ 424849.354229784454219, 4388346.489388142712414 ], [ 424849.354229784454219, 4388348.489388142712414 ], [ 424850.354229784454219, 4388348.489388142712414 ], [ 424850.354229784454219, 4388349.489388142712414 ], [ 424851.354229784454219, 4388349.489388142712414 ], [ 424851.354229784454219, 4388350.489388142712414 ], [ 424852.354229784454219, 4388350.489388142712414 ], [ 424852.354229784454219, 4388351.489388142712414 ], [ 424853.354229784454219, 4388351.489388142712414 ], [ 424853.354229784454219, 4388352.489388142712414 ], [ 424854.354229784454219, 4388352.489388142712414 ], [ 424854.354229784454219, 4388354.489388142712414 ], [ 424855.354229784454219, 4388354.489388142712414 ], [ 424855.354229784454219, 4388355.489388142712414 ], [ 424857.354229784454219, 4388355.489388142712414 ], [ 424857.354229784454219, 4388356.489388142712414 ], [ 424861.354229784454219, 4388356.489388142712414 ], [ 424861.354229784454219, 4388357.489388142712414 ], [ 424863.354229784454219, 4388357.489388142712414 ], [ 424863.354229784454219, 4388358.489388142712414 ], [ 424864.354229784454219, 4388358.489388142712414 ], [ 424864.354229784454219, 4388359.489388142712414 ], [ 424865.354229784454219, 4388359.489388142712414 ], [ 424865.354229784454219, 4388368.489388142712414 ], [ 424866.354229784454219, 4388368.489388142712414 ], [ 424866.354229784454219, 4388370.489388142712414 ], [ 424867.354229784454219, 4388370.489388142712414 ], [ 424867.354229784454219, 4388373.489388142712414 ], [ 424868.354229784454219, 4388373.489388142712414 ], [ 424868.354229784454219, 4388375.489388142712414 ], [ 424869.354229784454219, 4388375.489388142712414 ], [ 424869.354229784454219, 4388376.489388142712414 ], [ 424870.354229784454219, 4388376.489388142712414 ], [ 424870.354229784454219, 4388378.489388142712414 ], [ 424871.354229784454219, 4388378.489388142712414 ], [ 424871.354229784454219, 4388379.489388142712414 ], [ 424872.354229784454219, 4388379.489388142712414 ], [ 424872.354229784454219, 4388380.489388142712414 ], [ 424873.354229784454219, 4388380.489388142712414 ], [ 424873.354229784454219, 4388381.489388142712414 ], [ 424874.354229784454219, 4388381.489388142712414 ], [ 424874.354229784454219, 4388382.489388142712414 ], [ 424876.354229784454219, 4388382.489388142712414 ], [ 424876.354229784454219, 4388383.489388142712414 ], [ 424878.354229784454219, 4388383.489388142712414 ], [ 424878.354229784454219, 4388384.489388142712414 ], [ 424879.354229784454219, 4388384.489388142712414 ], [ 424879.354229784454219, 4388385.489388142712414 ], [ 424880.354229784454219, 4388385.489388142712414 ], [ 424880.354229784454219, 4388386.489388142712414 ], [ 424882.354229784454219, 4388386.489388142712414 ], [ 424882.354229784454219, 4388387.489388142712414 ], [ 424883.354229784454219, 4388387.489388142712414 ], [ 424883.354229784454219, 4388388.489388142712414 ], [ 424884.354229784454219, 4388388.489388142712414 ], [ 424884.354229784454219, 4388389.489388142712414 ], [ 424885.354229784454219, 4388389.489388142712414 ], [ 424885.354229784454219, 4388390.489388142712414 ], [ 424886.354229784454219, 4388390.489388142712414 ], [ 424886.354229784454219, 4388391.489388142712414 ], [ 424887.354229784454219, 4388391.489388142712414 ], [ 424887.354229784454219, 4388393.489388142712414 ], [ 424889.354229784454219, 4388393.489388142712414 ], [ 424889.354229784454219, 4388395.489388142712414 ], [ 424890.354229784454219, 4388395.489388142712414 ], [ 424890.354229784454219, 4388396.489388142712414 ], [ 424892.354229784454219, 4388396.489388142712414 ], [ 424892.354229784454219, 4388397.489388142712414 ], [ 424894.354229784454219, 4388397.489388142712414 ], [ 424894.354229784454219, 4388398.489388142712414 ], [ 424895.354229784454219, 4388398.489388142712414 ], [ 424895.354229784454219, 4388399.489388142712414 ], [ 424899.354229784454219, 4388399.489388142712414 ], [ 424899.354229784454219, 4388398.489388142712414 ], [ 424902.354229784454219, 4388398.489388142712414 ], [ 424902.354229784454219, 4388399.489388142712414 ], [ 424906.354229784454219, 4388399.489388142712414 ], [ 424906.354229784454219, 4388400.489388142712414 ], [ 424907.354229784454219, 4388400.489388142712414 ], [ 424907.354229784454219, 4388401.489388142712414 ], [ 424908.354229784454219, 4388401.489388142712414 ], [ 424908.354229784454219, 4388412.489388142712414 ], [ 424909.354229784454219, 4388412.489388142712414 ], [ 424909.354229784454219, 4388415.489388142712414 ], [ 424910.354229784454219, 4388415.489388142712414 ], [ 424910.354229784454219, 4388417.489388142712414 ], [ 424911.354229784454219, 4388417.489388142712414 ], [ 424911.354229784454219, 4388419.489388142712414 ], [ 424912.354229784454219, 4388419.489388142712414 ], [ 424912.354229784454219, 4388423.489388142712414 ], [ 424913.354229784454219, 4388423.489388142712414 ], [ 424913.354229784454219, 4388424.489388142712414 ], [ 424914.354229784454219, 4388424.489388142712414 ], [ 424914.354229784454219, 4388426.489388142712414 ], [ 424915.354229784454219, 4388426.489388142712414 ], [ 424915.354229784454219, 4388427.489388142712414 ], [ 424916.354229784454219, 4388427.489388142712414 ], [ 424916.354229784454219, 4388430.489388142712414 ], [ 424917.354229784454219, 4388430.489388142712414 ], [ 424917.354229784454219, 4388431.489388142712414 ], [ 424923.354229784454219, 4388431.489388142712414 ], [ 424923.354229784454219, 4388432.489388142712414 ], [ 424925.354229784454219, 4388432.489388142712414 ], [ 424925.354229784454219, 4388431.489388142712414 ], [ 424930.354229784454219, 4388431.489388142712414 ], [ 424930.354229784454219, 4388430.489388142712414 ], [ 424936.354229784454219, 4388430.489388142712414 ], [ 424936.354229784454219, 4388431.489388142712414 ], [ 424938.354229784454219, 4388431.489388142712414 ], [ 424938.354229784454219, 4388430.489388142712414 ], [ 424939.354229784454219, 4388430.489388142712414 ], [ 424939.354229784454219, 4388428.489388142712414 ], [ 424940.354229784454219, 4388428.489388142712414 ], [ 424940.354229784454219, 4388426.489388142712414 ], [ 424942.354229784454219, 4388426.489388142712414 ], [ 424942.354229784454219, 4388425.489388142712414 ], [ 424943.354229784454219, 4388425.489388142712414 ], [ 424943.354229784454219, 4388423.489388142712414 ], [ 424942.354229784454219, 4388423.489388142712414 ], [ 424942.354229784454219, 4388418.489388142712414 ], [ 424941.354229784454219, 4388418.489388142712414 ], [ 424941.354229784454219, 4388416.489388142712414 ], [ 424939.354229784454219, 4388416.489388142712414 ], [ 424939.354229784454219, 4388415.489388142712414 ], [ 424938.354229784454219, 4388415.489388142712414 ], [ 424938.354229784454219, 4388414.489388142712414 ], [ 424937.354229784454219, 4388414.489388142712414 ], [ 424937.354229784454219, 4388413.489388142712414 ], [ 424935.354229784454219, 4388413.489388142712414 ], [ 424935.354229784454219, 4388412.489388142712414 ], [ 424934.354229784454219, 4388412.489388142712414 ], [ 424934.354229784454219, 4388411.489388142712414 ], [ 424933.354229784454219, 4388411.489388142712414 ], [ 424933.354229784454219, 4388409.489388142712414 ], [ 424934.354229784454219, 4388409.489388142712414 ], [ 424934.354229784454219, 4388407.489388142712414 ], [ 424935.354229784454219, 4388407.489388142712414 ], [ 424935.354229784454219, 4388406.489388142712414 ], [ 424942.354229784454219, 4388406.489388142712414 ], [ 424942.354229784454219, 4388407.489388142712414 ], [ 424952.354229784454219, 4388407.489388142712414 ], [ 424952.354229784454219, 4388408.489388142712414 ], [ 424956.354229784454219, 4388408.489388142712414 ], [ 424956.354229784454219, 4388409.489388142712414 ], [ 424959.354229784454219, 4388409.489388142712414 ], [ 424959.354229784454219, 4388410.489388142712414 ], [ 424962.354229784454219, 4388410.489388142712414 ], [ 424962.354229784454219, 4388411.489388142712414 ], [ 424966.354229784454219, 4388411.489388142712414 ], [ 424966.354229784454219, 4388412.489388142712414 ], [ 424967.354229784454219, 4388412.489388142712414 ], [ 424967.354229784454219, 4388413.489388142712414 ], [ 424969.354229784454219, 4388413.489388142712414 ], [ 424969.354229784454219, 4388414.489388142712414 ], [ 424971.354229784454219, 4388414.489388142712414 ], [ 424971.354229784454219, 4388415.489388142712414 ], [ 424974.354229784454219, 4388415.489388142712414 ], [ 424974.354229784454219, 4388416.489388142712414 ], [ 424975.354229784454219, 4388416.489388142712414 ], [ 424975.354229784454219, 4388417.489388142712414 ], [ 424977.354229784454219, 4388417.489388142712414 ], [ 424977.354229784454219, 4388418.489388142712414 ], [ 424979.354229784454219, 4388418.489388142712414 ], [ 424979.354229784454219, 4388419.489388142712414 ], [ 424980.354229784454219, 4388419.489388142712414 ], [ 424980.354229784454219, 4388420.489388142712414 ], [ 424982.354229784454219, 4388420.489388142712414 ], [ 424982.354229784454219, 4388421.489388142712414 ], [ 424983.354229784454219, 4388421.489388142712414 ], [ 424983.354229784454219, 4388422.489388142712414 ], [ 424984.354229784454219, 4388422.489388142712414 ], [ 424984.354229784454219, 4388423.489388142712414 ], [ 424985.354229784454219, 4388423.489388142712414 ], [ 424985.354229784454219, 4388425.489388142712414 ], [ 424986.354229784454219, 4388425.489388142712414 ], [ 424986.354229784454219, 4388426.489388142712414 ], [ 424990.354229784454219, 4388426.489388142712414 ], [ 424990.354229784454219, 4388427.489388142712414 ], [ 424992.354229784454219, 4388427.489388142712414 ], [ 424992.354229784454219, 4388428.489388142712414 ], [ 424994.354229784454219, 4388428.489388142712414 ], [ 424994.354229784454219, 4388429.489388142712414 ], [ 424997.354229784454219, 4388429.489388142712414 ], [ 424997.354229784454219, 4388430.489388142712414 ], [ 425001.354229784454219, 4388430.489388142712414 ], [ 425001.354229784454219, 4388431.489388142712414 ], [ 425003.354229784454219, 4388431.489388142712414 ], [ 425003.354229784454219, 4388432.489388142712414 ], [ 425005.354229784454219, 4388432.489388142712414 ], [ 425005.354229784454219, 4388433.489388142712414 ], [ 425006.354229784454219, 4388433.489388142712414 ], [ 425006.354229784454219, 4388435.489388142712414 ], [ 425007.354229784454219, 4388435.489388142712414 ], [ 425007.354229784454219, 4388437.489388142712414 ], [ 425008.354229784454219, 4388437.489388142712414 ], [ 425008.354229784454219, 4388439.489388142712414 ], [ 425009.354229784454219, 4388439.489388142712414 ], [ 425009.354229784454219, 4388441.489388142712414 ], [ 425010.354229784454219, 4388441.489388142712414 ], [ 425010.354229784454219, 4388442.489388142712414 ], [ 425011.354229784454219, 4388442.489388142712414 ], [ 425011.354229784454219, 4388443.489388142712414 ], [ 425012.354229784454219, 4388443.489388142712414 ], [ 425012.354229784454219, 4388444.489388142712414 ], [ 425013.354229784454219, 4388444.489388142712414 ], [ 425013.354229784454219, 4388445.489388142712414 ], [ 425014.354229784454219, 4388445.489388142712414 ], [ 425014.354229784454219, 4388446.489388142712414 ], [ 425017.354229784454219, 4388446.489388142712414 ], [ 425017.354229784454219, 4388448.489388142712414 ], [ 425018.354229784454219, 4388448.489388142712414 ], [ 425018.354229784454219, 4388450.489388142712414 ], [ 425017.354229784454219, 4388450.489388142712414 ], [ 425017.354229784454219, 4388455.489388142712414 ], [ 425016.354229784454219, 4388455.489388142712414 ], [ 425016.354229784454219, 4388459.489388142712414 ], [ 425015.354229784454219, 4388459.489388142712414 ], [ 425015.354229784454219, 4388462.489388142712414 ], [ 425014.354229784454219, 4388462.489388142712414 ], [ 425014.354229784454219, 4388465.489388142712414 ], [ 425013.354229784454219, 4388465.489388142712414 ], [ 425013.354229784454219, 4388467.489388142712414 ], [ 425012.354229784454219, 4388467.489388142712414 ], [ 425012.354229784454219, 4388469.489388142712414 ], [ 425011.354229784454219, 4388469.489388142712414 ], [ 425011.354229784454219, 4388472.489388142712414 ], [ 425010.354229784454219, 4388472.489388142712414 ], [ 425010.354229784454219, 4388475.489388142712414 ], [ 425009.354229784454219, 4388475.489388142712414 ], [ 425009.354229784454219, 4388478.489388142712414 ], [ 425008.354229784454219, 4388478.489388142712414 ], [ 425008.354229784454219, 4388480.489388142712414 ], [ 425007.354229784454219, 4388480.489388142712414 ], [ 425007.354229784454219, 4388486.489388142712414 ], [ 425006.354229784454219, 4388486.489388142712414 ], [ 425006.354229784454219, 4388492.489388142712414 ], [ 425005.354229784454219, 4388492.489388142712414 ], [ 425005.354229784454219, 4388495.489388142712414 ], [ 425004.354229784454219, 4388495.489388142712414 ], [ 425004.354229784454219, 4388498.489388142712414 ], [ 425003.354229784454219, 4388498.489388142712414 ], [ 425003.354229784454219, 4388502.489388142712414 ], [ 425002.354229784454219, 4388502.489388142712414 ], [ 425002.354229784454219, 4388507.489388142712414 ], [ 425001.354229784454219, 4388507.489388142712414 ], [ 425001.354229784454219, 4388511.489388142712414 ], [ 425000.354229784454219, 4388511.489388142712414 ], [ 425000.354229784454219, 4388535.489388142712414 ], [ 424999.354229784454219, 4388535.489388142712414 ], [ 424999.354229784454219, 4388556.489388142712414 ], [ 425000.354229784454219, 4388556.489388142712414 ], [ 425000.354229784454219, 4388557.489388142712414 ], [ 424999.354229784454219, 4388557.489388142712414 ], [ 424999.354229784454219, 4388558.489388142712414 ], [ 425000.354229784454219, 4388558.489388142712414 ], [ 425000.354229784454219, 4388579.489388142712414 ], [ 424999.354229784454219, 4388579.489388142712414 ], [ 424999.354229784454219, 4388583.489388142712414 ], [ 424998.354229784454219, 4388583.489388142712414 ], [ 424998.354229784454219, 4388586.489388142712414 ], [ 424997.354229784454219, 4388586.489388142712414 ], [ 424997.354229784454219, 4388590.489388142712414 ], [ 424996.354229784454219, 4388590.489388142712414 ], [ 424996.354229784454219, 4388593.489388142712414 ], [ 424995.354229784454219, 4388593.489388142712414 ], [ 424995.354229784454219, 4388596.489388142712414 ], [ 424994.354229784454219, 4388596.489388142712414 ], [ 424994.354229784454219, 4388599.489388142712414 ], [ 424993.354229784454219, 4388599.489388142712414 ], [ 424993.354229784454219, 4388602.489388142712414 ], [ 424992.354229784454219, 4388602.489388142712414 ], [ 424992.354229784454219, 4388605.489388142712414 ], [ 424991.354229784454219, 4388605.489388142712414 ], [ 424991.354229784454219, 4388608.489388142712414 ], [ 424990.354229784454219, 4388608.489388142712414 ], [ 424990.354229784454219, 4388611.489388142712414 ], [ 424989.354229784454219, 4388611.489388142712414 ], [ 424989.354229784454219, 4388614.489388142712414 ], [ 424988.354229784454219, 4388614.489388142712414 ], [ 424988.354229784454219, 4388616.489388142712414 ], [ 424987.354229784454219, 4388616.489388142712414 ], [ 424987.354229784454219, 4388619.489388142712414 ], [ 424986.354229784454219, 4388619.489388142712414 ], [ 424986.354229784454219, 4388621.489388142712414 ], [ 424985.354229784454219, 4388621.489388142712414 ], [ 424985.354229784454219, 4388623.489388142712414 ], [ 424984.354229784454219, 4388623.489388142712414 ], [ 424984.354229784454219, 4388625.489388142712414 ], [ 424983.354229784454219, 4388625.489388142712414 ], [ 424983.354229784454219, 4388627.489388142712414 ], [ 424982.354229784454219, 4388627.489388142712414 ], [ 424982.354229784454219, 4388629.489388142712414 ], [ 424981.354229784454219, 4388629.489388142712414 ], [ 424981.354229784454219, 4388631.489388142712414 ], [ 424980.354229784454219, 4388631.489388142712414 ], [ 424980.354229784454219, 4388633.489388142712414 ], [ 424979.354229784454219, 4388633.489388142712414 ], [ 424979.354229784454219, 4388635.489388142712414 ], [ 424978.354229784454219, 4388635.489388142712414 ], [ 424978.354229784454219, 4388637.489388142712414 ], [ 424977.354229784454219, 4388637.489388142712414 ], [ 424977.354229784454219, 4388639.489388142712414 ], [ 424976.354229784454219, 4388639.489388142712414 ], [ 424976.354229784454219, 4388640.489388142712414 ], [ 424975.354229784454219, 4388640.489388142712414 ], [ 424975.354229784454219, 4388642.489388142712414 ], [ 424974.354229784454219, 4388642.489388142712414 ], [ 424974.354229784454219, 4388644.489388142712414 ], [ 424973.354229784454219, 4388644.489388142712414 ], [ 424973.354229784454219, 4388646.489388142712414 ], [ 424972.354229784454219, 4388646.489388142712414 ], [ 424972.354229784454219, 4388648.489388142712414 ], [ 424971.354229784454219, 4388648.489388142712414 ], [ 424971.354229784454219, 4388650.489388142712414 ], [ 424970.354229784454219, 4388650.489388142712414 ], [ 424970.354229784454219, 4388651.489388142712414 ], [ 424969.354229784454219, 4388651.489388142712414 ], [ 424969.354229784454219, 4388652.489388142712414 ], [ 424968.354229784454219, 4388652.489388142712414 ], [ 424968.354229784454219, 4388653.489388142712414 ], [ 424967.354229784454219, 4388653.489388142712414 ], [ 424967.354229784454219, 4388654.489388142712414 ], [ 424966.354229784454219, 4388654.489388142712414 ], [ 424966.354229784454219, 4388655.489388142712414 ], [ 424965.354229784454219, 4388655.489388142712414 ], [ 424965.354229784454219, 4388656.489388142712414 ], [ 424964.354229784454219, 4388656.489388142712414 ], [ 424964.354229784454219, 4388657.489388142712414 ], [ 424963.354229784454219, 4388657.489388142712414 ], [ 424963.354229784454219, 4388658.489388142712414 ], [ 424962.354229784454219, 4388658.489388142712414 ], [ 424962.354229784454219, 4388659.489388142712414 ], [ 424961.354229784454219, 4388659.489388142712414 ], [ 424961.354229784454219, 4388661.489388142712414 ], [ 424960.354229784454219, 4388661.489388142712414 ], [ 424960.354229784454219, 4388662.489388142712414 ], [ 424959.354229784454219, 4388662.489388142712414 ], [ 424959.354229784454219, 4388663.489388142712414 ], [ 424958.354229784454219, 4388663.489388142712414 ], [ 424958.354229784454219, 4388665.489388142712414 ], [ 424957.354229784454219, 4388665.489388142712414 ], [ 424957.354229784454219, 4388667.489388142712414 ], [ 424956.354229784454219, 4388667.489388142712414 ], [ 424956.354229784454219, 4388669.489388142712414 ], [ 424955.354229784454219, 4388669.489388142712414 ], [ 424955.354229784454219, 4388670.489388142712414 ], [ 424954.354229784454219, 4388670.489388142712414 ], [ 424954.354229784454219, 4388672.489388142712414 ], [ 424953.354229784454219, 4388672.489388142712414 ], [ 424953.354229784454219, 4388674.489388142712414 ], [ 424952.354229784454219, 4388674.489388142712414 ], [ 424952.354229784454219, 4388676.489388142712414 ], [ 424951.354229784454219, 4388676.489388142712414 ], [ 424951.354229784454219, 4388677.489388142712414 ], [ 424950.354229784454219, 4388677.489388142712414 ], [ 424950.354229784454219, 4388679.489388142712414 ], [ 424949.354229784454219, 4388679.489388142712414 ], [ 424949.354229784454219, 4388681.489388142712414 ], [ 424948.354229784454219, 4388681.489388142712414 ], [ 424948.354229784454219, 4388684.489388142712414 ], [ 424947.354229784454219, 4388684.489388142712414 ], [ 424947.354229784454219, 4388686.489388142712414 ], [ 424946.354229784454219, 4388686.489388142712414 ], [ 424946.354229784454219, 4388690.489388142712414 ], [ 424945.354229784454219, 4388690.489388142712414 ], [ 424945.354229784454219, 4388694.489388142712414 ], [ 424944.354229784454219, 4388694.489388142712414 ], [ 424944.354229784454219, 4388702.489388142712414 ], [ 424943.354229784454219, 4388702.489388142712414 ], [ 424943.354229784454219, 4388706.489388142712414 ], [ 424942.354229784454219, 4388706.489388142712414 ], [ 424942.354229784454219, 4388708.489388142712414 ], [ 424941.354229784454219, 4388708.489388142712414 ], [ 424941.354229784454219, 4388712.489388142712414 ], [ 424940.354229784454219, 4388712.489388142712414 ], [ 424940.354229784454219, 4388714.489388142712414 ], [ 424939.354229784454219, 4388714.489388142712414 ], [ 424939.354229784454219, 4388716.489388142712414 ], [ 424938.354229784454219, 4388716.489388142712414 ], [ 424938.354229784454219, 4388718.489388142712414 ], [ 424937.354229784454219, 4388718.489388142712414 ], [ 424937.354229784454219, 4388720.489388142712414 ], [ 424936.354229784454219, 4388720.489388142712414 ], [ 424936.354229784454219, 4388721.489388142712414 ], [ 424935.354229784454219, 4388721.489388142712414 ], [ 424935.354229784454219, 4388723.489388142712414 ], [ 424934.354229784454219, 4388723.489388142712414 ], [ 424934.354229784454219, 4388725.489388142712414 ], [ 424933.354229784454219, 4388725.489388142712414 ], [ 424933.354229784454219, 4388726.489388142712414 ], [ 424932.354229784454219, 4388726.489388142712414 ], [ 424932.354229784454219, 4388727.489388142712414 ], [ 424931.354229784454219, 4388727.489388142712414 ], [ 424931.354229784454219, 4388728.489388142712414 ], [ 424930.354229784454219, 4388728.489388142712414 ], [ 424930.354229784454219, 4388730.489388142712414 ], [ 424929.354229784454219, 4388730.489388142712414 ], [ 424929.354229784454219, 4388731.489388142712414 ], [ 424928.354229784454219, 4388731.489388142712414 ], [ 424928.354229784454219, 4388732.489388142712414 ], [ 424927.354229784454219, 4388732.489388142712414 ], [ 424927.354229784454219, 4388733.489388142712414 ], [ 424926.354229784454219, 4388733.489388142712414 ], [ 424926.354229784454219, 4388734.489388142712414 ], [ 424925.354229784454219, 4388734.489388142712414 ], [ 424925.354229784454219, 4388735.489388142712414 ], [ 424924.354229784454219, 4388735.489388142712414 ], [ 424924.354229784454219, 4388736.489388142712414 ], [ 424923.354229784454219, 4388736.489388142712414 ], [ 424923.354229784454219, 4388737.489388142712414 ], [ 424922.354229784454219, 4388737.489388142712414 ], [ 424922.354229784454219, 4388738.489388142712414 ], [ 424921.354229784454219, 4388738.489388142712414 ], [ 424921.354229784454219, 4388739.489388142712414 ], [ 424919.354229784454219, 4388739.489388142712414 ], [ 424919.354229784454219, 4388740.489388142712414 ], [ 424918.354229784454219, 4388740.489388142712414 ], [ 424918.354229784454219, 4388741.489388142712414 ], [ 424917.354229784454219, 4388741.489388142712414 ], [ 424917.354229784454219, 4388742.489388142712414 ], [ 424916.354229784454219, 4388742.489388142712414 ], [ 424916.354229784454219, 4388743.489388142712414 ], [ 424915.354229784454219, 4388743.489388142712414 ], [ 424915.354229784454219, 4388744.489388142712414 ], [ 424914.354229784454219, 4388744.489388142712414 ], [ 424914.354229784454219, 4388745.489388142712414 ], [ 424913.354229784454219, 4388745.489388142712414 ], [ 424913.354229784454219, 4388746.489388142712414 ], [ 424912.354229784454219, 4388746.489388142712414 ], [ 424912.354229784454219, 4388747.489388142712414 ], [ 424911.354229784454219, 4388747.489388142712414 ], [ 424911.354229784454219, 4388748.489388142712414 ], [ 424910.354229784454219, 4388748.489388142712414 ], [ 424910.354229784454219, 4388750.489388142712414 ], [ 424909.354229784454219, 4388750.489388142712414 ], [ 424909.354229784454219, 4388751.489388142712414 ], [ 424908.354229784454219, 4388751.489388142712414 ], [ 424908.354229784454219, 4388752.489388142712414 ], [ 424907.354229784454219, 4388752.489388142712414 ], [ 424907.354229784454219, 4388753.489388142712414 ], [ 424906.354229784454219, 4388753.489388142712414 ], [ 424906.354229784454219, 4388755.489388142712414 ], [ 424905.354229784454219, 4388755.489388142712414 ], [ 424905.354229784454219, 4388756.489388142712414 ], [ 424904.354229784454219, 4388756.489388142712414 ], [ 424904.354229784454219, 4388757.489388142712414 ], [ 424903.354229784454219, 4388757.489388142712414 ], [ 424903.354229784454219, 4388759.489388142712414 ], [ 424902.354229784454219, 4388759.489388142712414 ], [ 424902.354229784454219, 4388761.489388142712414 ], [ 424901.354229784454219, 4388761.489388142712414 ], [ 424901.354229784454219, 4388764.489388142712414 ], [ 424900.354229784454219, 4388764.489388142712414 ], [ 424900.354229784454219, 4388767.489388142712414 ], [ 424899.354229784454219, 4388767.489388142712414 ], [ 424899.354229784454219, 4388769.489388142712414 ], [ 424898.354229784454219, 4388769.489388142712414 ], [ 424898.354229784454219, 4388772.489388142712414 ], [ 424897.354229784454219, 4388772.489388142712414 ], [ 424897.354229784454219, 4388774.489388142712414 ], [ 424896.354229784454219, 4388774.489388142712414 ], [ 424896.354229784454219, 4388776.489388142712414 ], [ 424895.354229784454219, 4388776.489388142712414 ], [ 424895.354229784454219, 4388778.489388142712414 ], [ 424894.354229784454219, 4388778.489388142712414 ], [ 424894.354229784454219, 4388780.489388142712414 ], [ 424893.354229784454219, 4388780.489388142712414 ], [ 424893.354229784454219, 4388782.489388142712414 ], [ 424892.354229784454219, 4388782.489388142712414 ], [ 424892.354229784454219, 4388784.489388142712414 ], [ 424891.354229784454219, 4388784.489388142712414 ], [ 424891.354229784454219, 4388786.489388142712414 ], [ 424890.354229784454219, 4388786.489388142712414 ], [ 424890.354229784454219, 4388788.489388142712414 ], [ 424889.354229784454219, 4388788.489388142712414 ], [ 424889.354229784454219, 4388790.489388142712414 ], [ 424888.354229784454219, 4388790.489388142712414 ], [ 424888.354229784454219, 4388793.489388142712414 ], [ 424887.354229784454219, 4388793.489388142712414 ], [ 424887.354229784454219, 4388795.489388142712414 ], [ 424886.354229784454219, 4388795.489388142712414 ], [ 424886.354229784454219, 4388797.489388142712414 ], [ 424885.354229784454219, 4388797.489388142712414 ], [ 424885.354229784454219, 4388800.489388142712414 ], [ 424884.354229784454219, 4388800.489388142712414 ], [ 424884.354229784454219, 4388802.489388142712414 ], [ 424883.354229784454219, 4388802.489388142712414 ], [ 424883.354229784454219, 4388805.489388142712414 ], [ 424882.354229784454219, 4388805.489388142712414 ], [ 424882.354229784454219, 4388807.489388142712414 ], [ 424881.354229784454219, 4388807.489388142712414 ], [ 424881.354229784454219, 4388810.489388142712414 ], [ 424880.354229784454219, 4388810.489388142712414 ], [ 424880.354229784454219, 4388813.489388142712414 ], [ 424879.354229784454219, 4388813.489388142712414 ], [ 424879.354229784454219, 4388815.489388142712414 ], [ 424878.354229784454219, 4388815.489388142712414 ], [ 424878.354229784454219, 4388818.489388142712414 ], [ 424877.354229784454219, 4388818.489388142712414 ], [ 424877.354229784454219, 4388820.489388142712414 ], [ 424876.354229784454219, 4388820.489388142712414 ], [ 424876.354229784454219, 4388822.489388142712414 ], [ 424875.354229784454219, 4388822.489388142712414 ], [ 424875.354229784454219, 4388824.489388142712414 ], [ 424874.354229784454219, 4388824.489388142712414 ], [ 424874.354229784454219, 4388826.489388142712414 ], [ 424873.354229784454219, 4388826.489388142712414 ], [ 424873.354229784454219, 4388828.489388142712414 ], [ 424872.354229784454219, 4388828.489388142712414 ], [ 424872.354229784454219, 4388830.489388142712414 ], [ 424871.354229784454219, 4388830.489388142712414 ], [ 424871.354229784454219, 4388832.489388142712414 ], [ 424870.354229784454219, 4388832.489388142712414 ], [ 424870.354229784454219, 4388836.489388142712414 ], [ 424869.354229784454219, 4388836.489388142712414 ], [ 424869.354229784454219, 4388847.489388142712414 ], [ 424870.354229784454219, 4388847.489388142712414 ], [ 424870.354229784454219, 4388852.489388142712414 ], [ 424871.354229784454219, 4388852.489388142712414 ], [ 424871.354229784454219, 4388857.489388142712414 ], [ 424872.354229784454219, 4388857.489388142712414 ], [ 424872.354229784454219, 4388865.489388142712414 ], [ 424873.354229784454219, 4388865.489388142712414 ], [ 424873.354229784454219, 4388869.489388142712414 ], [ 424874.354229784454219, 4388869.489388142712414 ], [ 424874.354229784454219, 4388875.489388142712414 ], [ 424875.354229784454219, 4388875.489388142712414 ], [ 424875.354229784454219, 4388880.489388142712414 ], [ 424876.354229784454219, 4388880.489388142712414 ], [ 424876.354229784454219, 4388884.489388142712414 ], [ 424877.354229784454219, 4388884.489388142712414 ], [ 424877.354229784454219, 4388889.489388142712414 ], [ 424878.354229784454219, 4388889.489388142712414 ], [ 424878.354229784454219, 4388895.489388142712414 ], [ 424879.354229784454219, 4388895.489388142712414 ], [ 424879.354229784454219, 4388901.489388142712414 ], [ 424880.354229784454219, 4388901.489388142712414 ], [ 424880.354229784454219, 4388907.489388142712414 ], [ 424881.354229784454219, 4388907.489388142712414 ], [ 424881.354229784454219, 4388912.489388142712414 ], [ 424882.354229784454219, 4388912.489388142712414 ], [ 424882.354229784454219, 4388917.489388142712414 ], [ 424883.354229784454219, 4388917.489388142712414 ], [ 424883.354229784454219, 4388923.489388142712414 ], [ 424884.354229784454219, 4388923.489388142712414 ], [ 424884.354229784454219, 4388929.489388142712414 ], [ 424885.354229784454219, 4388929.489388142712414 ], [ 424885.354229784454219, 4388935.489388142712414 ], [ 424886.354229784454219, 4388935.489388142712414 ], [ 424886.354229784454219, 4388942.489388142712414 ], [ 424887.354229784454219, 4388942.489388142712414 ], [ 424887.354229784454219, 4388948.489388142712414 ], [ 424886.354229784454219, 4388948.489388142712414 ], [ 424886.354229784454219, 4388954.489388142712414 ], [ 424885.354229784454219, 4388954.489388142712414 ], [ 424885.354229784454219, 4388958.489388142712414 ], [ 424884.354229784454219, 4388958.489388142712414 ], [ 424884.354229784454219, 4388961.489388142712414 ], [ 424883.354229784454219, 4388961.489388142712414 ], [ 424883.354229784454219, 4388963.489388142712414 ], [ 424882.354229784454219, 4388963.489388142712414 ], [ 424882.354229784454219, 4388964.489388142712414 ], [ 424881.354229784454219, 4388964.489388142712414 ], [ 424881.354229784454219, 4388966.489388142712414 ], [ 424880.354229784454219, 4388966.489388142712414 ], [ 424880.354229784454219, 4388967.489388142712414 ], [ 424879.354229784454219, 4388967.489388142712414 ], [ 424879.354229784454219, 4388968.489388142712414 ], [ 424878.354229784454219, 4388968.489388142712414 ], [ 424878.354229784454219, 4388969.489388142712414 ], [ 424877.354229784454219, 4388969.489388142712414 ], [ 424877.354229784454219, 4388970.489388142712414 ], [ 424876.354229784454219, 4388970.489388142712414 ], [ 424876.354229784454219, 4388972.489388142712414 ], [ 424875.354229784454219, 4388972.489388142712414 ], [ 424875.354229784454219, 4388974.489388142712414 ], [ 424874.354229784454219, 4388974.489388142712414 ], [ 424874.354229784454219, 4388975.489388142712414 ], [ 424873.354229784454219, 4388975.489388142712414 ], [ 424873.354229784454219, 4388977.489388142712414 ], [ 424872.354229784454219, 4388977.489388142712414 ], [ 424872.354229784454219, 4388979.489388142712414 ], [ 424871.354229784454219, 4388979.489388142712414 ], [ 424871.354229784454219, 4388980.489388142712414 ], [ 424870.354229784454219, 4388980.489388142712414 ], [ 424870.354229784454219, 4388982.489388142712414 ], [ 424869.354229784454219, 4388982.489388142712414 ], [ 424869.354229784454219, 4388983.489388142712414 ], [ 424868.354229784454219, 4388983.489388142712414 ], [ 424868.354229784454219, 4388985.489388142712414 ], [ 424867.354229784454219, 4388985.489388142712414 ], [ 424867.354229784454219, 4388986.489388142712414 ], [ 424866.354229784454219, 4388986.489388142712414 ], [ 424866.354229784454219, 4388988.489388142712414 ], [ 424865.354229784454219, 4388988.489388142712414 ], [ 424865.354229784454219, 4388989.489388142712414 ], [ 424864.354229784454219, 4388989.489388142712414 ], [ 424864.354229784454219, 4388991.489388142712414 ], [ 424863.354229784454219, 4388991.489388142712414 ], [ 424863.354229784454219, 4388993.489388142712414 ], [ 424862.354229784454219, 4388993.489388142712414 ], [ 424862.354229784454219, 4388995.489388142712414 ], [ 424861.354229784454219, 4388995.489388142712414 ], [ 424861.354229784454219, 4388998.489388142712414 ], [ 424860.354229784454219, 4388998.489388142712414 ], [ 424860.354229784454219, 4389000.489388142712414 ], [ 424859.354229784454219, 4389000.489388142712414 ], [ 424859.354229784454219, 4389003.489388142712414 ], [ 424858.354229784454219, 4389003.489388142712414 ], [ 424858.354229784454219, 4389005.489388142712414 ], [ 424857.354229784454219, 4389005.489388142712414 ], [ 424857.354229784454219, 4389008.489388142712414 ], [ 424856.354229784454219, 4389008.489388142712414 ], [ 424856.354229784454219, 4389015.489388142712414 ], [ 424855.354229784454219, 4389015.489388142712414 ], [ 424855.354229784454219, 4389020.489388142712414 ], [ 424854.354229784454219, 4389020.489388142712414 ], [ 424854.354229784454219, 4389024.489388142712414 ], [ 424853.354229784454219, 4389024.489388142712414 ], [ 424853.354229784454219, 4389029.489388142712414 ], [ 424852.354229784454219, 4389029.489388142712414 ], [ 424852.354229784454219, 4389033.489388142712414 ], [ 424851.354229784454219, 4389033.489388142712414 ], [ 424851.354229784454219, 4389037.489388142712414 ], [ 424850.354229784454219, 4389037.489388142712414 ], [ 424850.354229784454219, 4389041.489388142712414 ], [ 424849.354229784454219, 4389041.489388142712414 ], [ 424849.354229784454219, 4389044.489388142712414 ], [ 424848.354229784454219, 4389044.489388142712414 ], [ 424848.354229784454219, 4389047.489388142712414 ], [ 424847.354229784454219, 4389047.489388142712414 ], [ 424847.354229784454219, 4389049.489388142712414 ], [ 424846.354229784454219, 4389049.489388142712414 ], [ 424846.354229784454219, 4389051.489388142712414 ], [ 424845.354229784454219, 4389051.489388142712414 ], [ 424845.354229784454219, 4389052.489388142712414 ], [ 424844.354229784454219, 4389052.489388142712414 ], [ 424844.354229784454219, 4389054.489388142712414 ], [ 424843.354229784454219, 4389054.489388142712414 ], [ 424843.354229784454219, 4389055.489388142712414 ], [ 424842.354229784454219, 4389055.489388142712414 ], [ 424842.354229784454219, 4389056.489388142712414 ], [ 424841.354229784454219, 4389056.489388142712414 ], [ 424841.354229784454219, 4389058.489388142712414 ], [ 424840.354229784454219, 4389058.489388142712414 ], [ 424840.354229784454219, 4389059.489388142712414 ], [ 424839.354229784454219, 4389059.489388142712414 ], [ 424839.354229784454219, 4389060.489388142712414 ], [ 424838.354229784454219, 4389060.489388142712414 ], [ 424838.354229784454219, 4389061.489388142712414 ], [ 424837.354229784454219, 4389061.489388142712414 ], [ 424837.354229784454219, 4389063.489388142712414 ], [ 424836.354229784454219, 4389063.489388142712414 ], [ 424836.354229784454219, 4389064.489388142712414 ], [ 424835.354229784454219, 4389064.489388142712414 ], [ 424835.354229784454219, 4389065.489388142712414 ], [ 424834.354229784454219, 4389065.489388142712414 ], [ 424834.354229784454219, 4389066.489388142712414 ], [ 424833.354229784454219, 4389066.489388142712414 ], [ 424833.354229784454219, 4389067.489388142712414 ], [ 424832.354229784454219, 4389067.489388142712414 ], [ 424832.354229784454219, 4389068.489388142712414 ], [ 424831.354229784454219, 4389068.489388142712414 ], [ 424831.354229784454219, 4389069.489388142712414 ], [ 424830.354229784454219, 4389069.489388142712414 ], [ 424830.354229784454219, 4389070.489388142712414 ], [ 424829.354229784454219, 4389070.489388142712414 ], [ 424829.354229784454219, 4389071.489388142712414 ], [ 424828.354229784454219, 4389071.489388142712414 ], [ 424828.354229784454219, 4389072.489388142712414 ], [ 424827.354229784454219, 4389072.489388142712414 ], [ 424827.354229784454219, 4389073.489388142712414 ], [ 424826.354229784454219, 4389073.489388142712414 ], [ 424826.354229784454219, 4389074.489388142712414 ], [ 424825.354229784454219, 4389074.489388142712414 ], [ 424825.354229784454219, 4389075.489388142712414 ], [ 424824.354229784454219, 4389075.489388142712414 ], [ 424824.354229784454219, 4389076.489388142712414 ], [ 424823.354229784454219, 4389076.489388142712414 ], [ 424823.354229784454219, 4389077.489388142712414 ], [ 424821.354229784454219, 4389077.489388142712414 ], [ 424821.354229784454219, 4389078.489388142712414 ], [ 424820.354229784454219, 4389078.489388142712414 ], [ 424820.354229784454219, 4389079.489388142712414 ], [ 424818.354229784454219, 4389079.489388142712414 ], [ 424818.354229784454219, 4389080.489388142712414 ], [ 424817.354229784454219, 4389080.489388142712414 ], [ 424817.354229784454219, 4389081.489388142712414 ], [ 424815.354229784454219, 4389081.489388142712414 ], [ 424815.354229784454219, 4389082.489388142712414 ], [ 424813.354229784454219, 4389082.489388142712414 ], [ 424813.354229784454219, 4389083.489388142712414 ], [ 424812.354229784454219, 4389083.489388142712414 ], [ 424812.354229784454219, 4389084.489388142712414 ], [ 424810.354229784454219, 4389084.489388142712414 ], [ 424810.354229784454219, 4389085.489388142712414 ], [ 424808.354229784454219, 4389085.489388142712414 ], [ 424808.354229784454219, 4389086.489388142712414 ], [ 424806.354229784454219, 4389086.489388142712414 ], [ 424806.354229784454219, 4389087.489388142712414 ], [ 424804.354229784454219, 4389087.489388142712414 ], [ 424804.354229784454219, 4389088.489388142712414 ], [ 424802.354229784454219, 4389088.489388142712414 ], [ 424802.354229784454219, 4389089.489388142712414 ], [ 424799.354229784454219, 4389089.489388142712414 ], [ 424799.354229784454219, 4389090.489388142712414 ], [ 424797.354229784454219, 4389090.489388142712414 ], [ 424797.354229784454219, 4389091.489388142712414 ], [ 424795.354229784454219, 4389091.489388142712414 ], [ 424795.354229784454219, 4389092.489388142712414 ], [ 424792.354229784454219, 4389092.489388142712414 ], [ 424792.354229784454219, 4389093.489388142712414 ], [ 424790.354229784454219, 4389093.489388142712414 ], [ 424790.354229784454219, 4389094.489388142712414 ], [ 424788.354229784454219, 4389094.489388142712414 ], [ 424788.354229784454219, 4389095.489388142712414 ], [ 424785.354229784454219, 4389095.489388142712414 ], [ 424785.354229784454219, 4389096.489388142712414 ], [ 424782.354229784454219, 4389096.489388142712414 ], [ 424782.354229784454219, 4389097.489388142712414 ], [ 424780.354229784454219, 4389097.489388142712414 ], [ 424780.354229784454219, 4389098.489388142712414 ], [ 424779.354229784454219, 4389098.489388142712414 ], [ 424779.354229784454219, 4389099.489388142712414 ], [ 424777.354229784454219, 4389099.489388142712414 ], [ 424777.354229784454219, 4389100.489388142712414 ], [ 424776.354229784454219, 4389100.489388142712414 ], [ 424776.354229784454219, 4389101.489388142712414 ], [ 424775.354229784454219, 4389101.489388142712414 ], [ 424775.354229784454219, 4389102.489388142712414 ], [ 424774.354229784454219, 4389102.489388142712414 ], [ 424774.354229784454219, 4389103.489388142712414 ], [ 424773.354229784454219, 4389103.489388142712414 ], [ 424773.354229784454219, 4389104.489388142712414 ], [ 424771.354229784454219, 4389104.489388142712414 ], [ 424771.354229784454219, 4389105.489388142712414 ], [ 424770.354229784454219, 4389105.489388142712414 ], [ 424770.354229784454219, 4389106.489388142712414 ], [ 424769.354229784454219, 4389106.489388142712414 ], [ 424769.354229784454219, 4389107.489388142712414 ], [ 424768.354229784454219, 4389107.489388142712414 ], [ 424768.354229784454219, 4389108.489388142712414 ], [ 424767.354229784454219, 4389108.489388142712414 ], [ 424767.354229784454219, 4389110.489388142712414 ], [ 424766.354229784454219, 4389110.489388142712414 ], [ 424766.354229784454219, 4389111.489388142712414 ], [ 424765.354229784454219, 4389111.489388142712414 ], [ 424765.354229784454219, 4389113.489388142712414 ], [ 424764.354229784454219, 4389113.489388142712414 ], [ 424764.354229784454219, 4389114.489388142712414 ], [ 424763.354229784454219, 4389114.489388142712414 ], [ 424763.354229784454219, 4389115.489388142712414 ], [ 424762.354229784454219, 4389115.489388142712414 ], [ 424762.354229784454219, 4389117.489388142712414 ], [ 424761.354229784454219, 4389117.489388142712414 ], [ 424761.354229784454219, 4389118.489388142712414 ], [ 424760.354229784454219, 4389118.489388142712414 ], [ 424760.354229784454219, 4389120.489388142712414 ], [ 424759.354229784454219, 4389120.489388142712414 ], [ 424759.354229784454219, 4389122.489388142712414 ], [ 424758.354229784454219, 4389122.489388142712414 ], [ 424758.354229784454219, 4389125.489388142712414 ], [ 424757.354229784454219, 4389125.489388142712414 ], [ 424757.354229784454219, 4389127.489388142712414 ], [ 424756.354229784454219, 4389127.489388142712414 ], [ 424756.354229784454219, 4389129.489388142712414 ], [ 424755.354229784454219, 4389129.489388142712414 ], [ 424755.354229784454219, 4389131.489388142712414 ], [ 424754.354229784454219, 4389131.489388142712414 ], [ 424754.354229784454219, 4389132.489388142712414 ], [ 424753.354229784454219, 4389132.489388142712414 ], [ 424753.354229784454219, 4389133.489388142712414 ], [ 424752.354229784454219, 4389133.489388142712414 ], [ 424752.354229784454219, 4389135.489388142712414 ], [ 424751.354229784454219, 4389135.489388142712414 ], [ 424751.354229784454219, 4389136.489388142712414 ], [ 424750.354229784454219, 4389136.489388142712414 ], [ 424750.354229784454219, 4389137.489388142712414 ], [ 424749.354229784454219, 4389137.489388142712414 ], [ 424749.354229784454219, 4389138.489388142712414 ], [ 424748.354229784454219, 4389138.489388142712414 ], [ 424748.354229784454219, 4389139.489388142712414 ], [ 424747.354229784454219, 4389139.489388142712414 ], [ 424747.354229784454219, 4389140.489388142712414 ], [ 424746.354229784454219, 4389140.489388142712414 ], [ 424746.354229784454219, 4389141.489388142712414 ], [ 424745.354229784454219, 4389141.489388142712414 ], [ 424745.354229784454219, 4389142.489388142712414 ], [ 424744.354229784454219, 4389142.489388142712414 ], [ 424744.354229784454219, 4389143.489388142712414 ], [ 424743.354229784454219, 4389143.489388142712414 ], [ 424743.354229784454219, 4389144.489388142712414 ], [ 424742.354229784454219, 4389144.489388142712414 ], [ 424742.354229784454219, 4389145.489388142712414 ], [ 424741.354229784454219, 4389145.489388142712414 ], [ 424741.354229784454219, 4389146.489388142712414 ], [ 424739.354229784454219, 4389146.489388142712414 ], [ 424739.354229784454219, 4389147.489388142712414 ], [ 424736.354229784454219, 4389147.489388142712414 ], [ 424736.354229784454219, 4389148.489388142712414 ], [ 424733.354229784454219, 4389148.489388142712414 ], [ 424733.354229784454219, 4389149.489388142712414 ], [ 424729.354229784454219, 4389149.489388142712414 ], [ 424729.354229784454219, 4389148.489388142712414 ], [ 424727.354229784454219, 4389148.489388142712414 ], [ 424727.354229784454219, 4389149.489388142712414 ], [ 424728.354229784454219, 4389149.489388142712414 ], [ 424728.354229784454219, 4389150.489388142712414 ], [ 424725.354229784454219, 4389150.489388142712414 ], [ 424725.354229784454219, 4389149.489388142712414 ], [ 424723.354229784454219, 4389149.489388142712414 ], [ 424723.354229784454219, 4389150.489388142712414 ], [ 424724.354229784454219, 4389150.489388142712414 ], [ 424724.354229784454219, 4389151.489388142712414 ], [ 424720.354229784454219, 4389151.489388142712414 ], [ 424720.354229784454219, 4389150.489388142712414 ], [ 424718.354229784454219, 4389150.489388142712414 ], [ 424718.354229784454219, 4389151.489388142712414 ], [ 424719.354229784454219, 4389151.489388142712414 ], [ 424719.354229784454219, 4389152.489388142712414 ], [ 424715.354229784454219, 4389152.489388142712414 ], [ 424715.354229784454219, 4389151.489388142712414 ], [ 424713.354229784454219, 4389151.489388142712414 ], [ 424713.354229784454219, 4389152.489388142712414 ], [ 424714.354229784454219, 4389152.489388142712414 ], [ 424714.354229784454219, 4389153.489388142712414 ], [ 424711.354229784454219, 4389153.489388142712414 ], [ 424711.354229784454219, 4389152.489388142712414 ], [ 424709.354229784454219, 4389152.489388142712414 ], [ 424709.354229784454219, 4389154.489388142712414 ], [ 424704.354229784454219, 4389154.489388142712414 ], [ 424704.354229784454219, 4389155.489388142712414 ], [ 424698.354229784454219, 4389155.489388142712414 ], [ 424698.354229784454219, 4389156.489388142712414 ], [ 424688.354229784454219, 4389156.489388142712414 ], [ 424688.354229784454219, 4389157.489388142712414 ], [ 424679.354229784454219, 4389157.489388142712414 ], [ 424679.354229784454219, 4389158.489388142712414 ], [ 424671.354229784454219, 4389158.489388142712414 ], [ 424671.354229784454219, 4389159.489388142712414 ], [ 424666.354229784454219, 4389159.489388142712414 ], [ 424666.354229784454219, 4389160.489388142712414 ], [ 424660.354229784454219, 4389160.489388142712414 ], [ 424660.354229784454219, 4389161.489388142712414 ], [ 424659.354229784454219, 4389161.489388142712414 ], [ 424659.354229784454219, 4389160.489388142712414 ], [ 424658.354229784454219, 4389160.489388142712414 ], [ 424658.354229784454219, 4389161.489388142712414 ], [ 424651.354229784454219, 4389161.489388142712414 ], [ 424651.354229784454219, 4389162.489388142712414 ], [ 424643.354229784454219, 4389162.489388142712414 ], [ 424643.354229784454219, 4389163.489388142712414 ], [ 424636.354229784454219, 4389163.489388142712414 ], [ 424636.354229784454219, 4389164.489388142712414 ], [ 424619.354229784454219, 4389164.489388142712414 ], [ 424619.354229784454219, 4389163.489388142712414 ], [ 424612.354229784454219, 4389163.489388142712414 ], [ 424612.354229784454219, 4389164.489388142712414 ], [ 424607.354229784454219, 4389164.489388142712414 ], [ 424607.354229784454219, 4389165.489388142712414 ], [ 424597.354229784454219, 4389165.489388142712414 ] ], [ [ 424731.354229784454219, 4389148.489388142712414 ], [ 424733.354229784454219, 4389148.489388142712414 ], [ 424733.354229784454219, 4389147.489388142712414 ], [ 424731.354229784454219, 4389147.489388142712414 ], [ 424731.354229784454219, 4389148.489388142712414 ] ], [ [ 424735.354229784454219, 4389147.489388142712414 ], [ 424736.354229784454219, 4389147.489388142712414 ], [ 424736.354229784454219, 4389146.489388142712414 ], [ 424735.354229784454219, 4389146.489388142712414 ], [ 424735.354229784454219, 4389147.489388142712414 ] ], [ [ 424738.354229784454219, 4389146.489388142712414 ], [ 424739.354229784454219, 4389146.489388142712414 ], [ 424739.354229784454219, 4389145.489388142712414 ], [ 424738.354229784454219, 4389145.489388142712414 ], [ 424738.354229784454219, 4389146.489388142712414 ] ], [ [ 424831.354229784454219, 4388992.489388142712414 ], [ 424832.354229784454219, 4388992.489388142712414 ], [ 424832.354229784454219, 4388991.489388142712414 ], [ 424831.354229784454219, 4388991.489388142712414 ], [ 424831.354229784454219, 4388992.489388142712414 ] ], [ [ 424834.354229784454219, 4388989.489388142712414 ], [ 424835.354229784454219, 4388989.489388142712414 ], [ 424835.354229784454219, 4388988.489388142712414 ], [ 424837.354229784454219, 4388988.489388142712414 ], [ 424837.354229784454219, 4388989.489388142712414 ], [ 424838.354229784454219, 4388989.489388142712414 ], [ 424838.354229784454219, 4388987.489388142712414 ], [ 424840.354229784454219, 4388987.489388142712414 ], [ 424840.354229784454219, 4388986.489388142712414 ], [ 424842.354229784454219, 4388986.489388142712414 ], [ 424842.354229784454219, 4388985.489388142712414 ], [ 424844.354229784454219, 4388985.489388142712414 ], [ 424844.354229784454219, 4388984.489388142712414 ], [ 424845.354229784454219, 4388984.489388142712414 ], [ 424845.354229784454219, 4388982.489388142712414 ], [ 424846.354229784454219, 4388982.489388142712414 ], [ 424846.354229784454219, 4388980.489388142712414 ], [ 424847.354229784454219, 4388980.489388142712414 ], [ 424847.354229784454219, 4388977.489388142712414 ], [ 424848.354229784454219, 4388977.489388142712414 ], [ 424848.354229784454219, 4388975.489388142712414 ], [ 424849.354229784454219, 4388975.489388142712414 ], [ 424849.354229784454219, 4388972.489388142712414 ], [ 424850.354229784454219, 4388972.489388142712414 ], [ 424850.354229784454219, 4388970.489388142712414 ], [ 424851.354229784454219, 4388970.489388142712414 ], [ 424851.354229784454219, 4388968.489388142712414 ], [ 424852.354229784454219, 4388968.489388142712414 ], [ 424852.354229784454219, 4388966.489388142712414 ], [ 424853.354229784454219, 4388966.489388142712414 ], [ 424853.354229784454219, 4388964.489388142712414 ], [ 424854.354229784454219, 4388964.489388142712414 ], [ 424854.354229784454219, 4388962.489388142712414 ], [ 424855.354229784454219, 4388962.489388142712414 ], [ 424855.354229784454219, 4388960.489388142712414 ], [ 424856.354229784454219, 4388960.489388142712414 ], [ 424856.354229784454219, 4388958.489388142712414 ], [ 424857.354229784454219, 4388958.489388142712414 ], [ 424857.354229784454219, 4388956.489388142712414 ], [ 424858.354229784454219, 4388956.489388142712414 ], [ 424858.354229784454219, 4388953.489388142712414 ], [ 424859.354229784454219, 4388953.489388142712414 ], [ 424859.354229784454219, 4388951.489388142712414 ], [ 424860.354229784454219, 4388951.489388142712414 ], [ 424860.354229784454219, 4388947.489388142712414 ], [ 424861.354229784454219, 4388947.489388142712414 ], [ 424861.354229784454219, 4388941.489388142712414 ], [ 424862.354229784454219, 4388941.489388142712414 ], [ 424862.354229784454219, 4388933.489388142712414 ], [ 424861.354229784454219, 4388933.489388142712414 ], [ 424861.354229784454219, 4388927.489388142712414 ], [ 424860.354229784454219, 4388927.489388142712414 ], [ 424860.354229784454219, 4388923.489388142712414 ], [ 424859.354229784454219, 4388923.489388142712414 ], [ 424859.354229784454219, 4388920.489388142712414 ], [ 424858.354229784454219, 4388920.489388142712414 ], [ 424858.354229784454219, 4388917.489388142712414 ], [ 424857.354229784454219, 4388917.489388142712414 ], [ 424857.354229784454219, 4388915.489388142712414 ], [ 424856.354229784454219, 4388915.489388142712414 ], [ 424856.354229784454219, 4388913.489388142712414 ], [ 424855.354229784454219, 4388913.489388142712414 ], [ 424855.354229784454219, 4388910.489388142712414 ], [ 424854.354229784454219, 4388910.489388142712414 ], [ 424854.354229784454219, 4388908.489388142712414 ], [ 424853.354229784454219, 4388908.489388142712414 ], [ 424853.354229784454219, 4388906.489388142712414 ], [ 424852.354229784454219, 4388906.489388142712414 ], [ 424852.354229784454219, 4388903.489388142712414 ], [ 424851.354229784454219, 4388903.489388142712414 ], [ 424851.354229784454219, 4388900.489388142712414 ], [ 424850.354229784454219, 4388900.489388142712414 ], [ 424850.354229784454219, 4388897.489388142712414 ], [ 424849.354229784454219, 4388897.489388142712414 ], [ 424849.354229784454219, 4388894.489388142712414 ], [ 424848.354229784454219, 4388894.489388142712414 ], [ 424848.354229784454219, 4388889.489388142712414 ], [ 424847.354229784454219, 4388889.489388142712414 ], [ 424847.354229784454219, 4388880.489388142712414 ], [ 424846.354229784454219, 4388880.489388142712414 ], [ 424846.354229784454219, 4388863.489388142712414 ], [ 424845.354229784454219, 4388863.489388142712414 ], [ 424845.354229784454219, 4388865.489388142712414 ], [ 424844.354229784454219, 4388865.489388142712414 ], [ 424844.354229784454219, 4388867.489388142712414 ], [ 424843.354229784454219, 4388867.489388142712414 ], [ 424843.354229784454219, 4388870.489388142712414 ], [ 424842.354229784454219, 4388870.489388142712414 ], [ 424842.354229784454219, 4388872.489388142712414 ], [ 424841.354229784454219, 4388872.489388142712414 ], [ 424841.354229784454219, 4388875.489388142712414 ], [ 424840.354229784454219, 4388875.489388142712414 ], [ 424840.354229784454219, 4388877.489388142712414 ], [ 424839.354229784454219, 4388877.489388142712414 ], [ 424839.354229784454219, 4388879.489388142712414 ], [ 424838.354229784454219, 4388879.489388142712414 ], [ 424838.354229784454219, 4388882.489388142712414 ], [ 424837.354229784454219, 4388882.489388142712414 ], [ 424837.354229784454219, 4388884.489388142712414 ], [ 424836.354229784454219, 4388884.489388142712414 ], [ 424836.354229784454219, 4388886.489388142712414 ], [ 424835.354229784454219, 4388886.489388142712414 ], [ 424835.354229784454219, 4388888.489388142712414 ], [ 424834.354229784454219, 4388888.489388142712414 ], [ 424834.354229784454219, 4388890.489388142712414 ], [ 424833.354229784454219, 4388890.489388142712414 ], [ 424833.354229784454219, 4388892.489388142712414 ], [ 424832.354229784454219, 4388892.489388142712414 ], [ 424832.354229784454219, 4388894.489388142712414 ], [ 424831.354229784454219, 4388894.489388142712414 ], [ 424831.354229784454219, 4388896.489388142712414 ], [ 424830.354229784454219, 4388896.489388142712414 ], [ 424830.354229784454219, 4388898.489388142712414 ], [ 424829.354229784454219, 4388898.489388142712414 ], [ 424829.354229784454219, 4388899.489388142712414 ], [ 424828.354229784454219, 4388899.489388142712414 ], [ 424828.354229784454219, 4388902.489388142712414 ], [ 424827.354229784454219, 4388902.489388142712414 ], [ 424827.354229784454219, 4388906.489388142712414 ], [ 424826.354229784454219, 4388906.489388142712414 ], [ 424826.354229784454219, 4388909.489388142712414 ], [ 424825.354229784454219, 4388909.489388142712414 ], [ 424825.354229784454219, 4388913.489388142712414 ], [ 424824.354229784454219, 4388913.489388142712414 ], [ 424824.354229784454219, 4388918.489388142712414 ], [ 424823.354229784454219, 4388918.489388142712414 ], [ 424823.354229784454219, 4388924.489388142712414 ], [ 424822.354229784454219, 4388924.489388142712414 ], [ 424822.354229784454219, 4388933.489388142712414 ], [ 424823.354229784454219, 4388933.489388142712414 ], [ 424823.354229784454219, 4388934.489388142712414 ], [ 424822.354229784454219, 4388934.489388142712414 ], [ 424822.354229784454219, 4388936.489388142712414 ], [ 424823.354229784454219, 4388936.489388142712414 ], [ 424823.354229784454219, 4388950.489388142712414 ], [ 424824.354229784454219, 4388950.489388142712414 ], [ 424824.354229784454219, 4388955.489388142712414 ], [ 424823.354229784454219, 4388955.489388142712414 ], [ 424823.354229784454219, 4388972.489388142712414 ], [ 424824.354229784454219, 4388972.489388142712414 ], [ 424824.354229784454219, 4388973.489388142712414 ], [ 424825.354229784454219, 4388973.489388142712414 ], [ 424825.354229784454219, 4388975.489388142712414 ], [ 424824.354229784454219, 4388975.489388142712414 ], [ 424824.354229784454219, 4388976.489388142712414 ], [ 424825.354229784454219, 4388976.489388142712414 ], [ 424825.354229784454219, 4388977.489388142712414 ], [ 424826.354229784454219, 4388977.489388142712414 ], [ 424826.354229784454219, 4388979.489388142712414 ], [ 424827.354229784454219, 4388979.489388142712414 ], [ 424827.354229784454219, 4388980.489388142712414 ], [ 424828.354229784454219, 4388980.489388142712414 ], [ 424828.354229784454219, 4388979.489388142712414 ], [ 424829.354229784454219, 4388979.489388142712414 ], [ 424829.354229784454219, 4388980.489388142712414 ], [ 424830.354229784454219, 4388980.489388142712414 ], [ 424830.354229784454219, 4388981.489388142712414 ], [ 424831.354229784454219, 4388981.489388142712414 ], [ 424831.354229784454219, 4388983.489388142712414 ], [ 424832.354229784454219, 4388983.489388142712414 ], [ 424832.354229784454219, 4388985.489388142712414 ], [ 424833.354229784454219, 4388985.489388142712414 ], [ 424833.354229784454219, 4388987.489388142712414 ], [ 424834.354229784454219, 4388987.489388142712414 ], [ 424834.354229784454219, 4388989.489388142712414 ] ], [ [ 424826.354229784454219, 4388981.489388142712414 ], [ 424827.354229784454219, 4388981.489388142712414 ], [ 424827.354229784454219, 4388980.489388142712414 ], [ 424826.354229784454219, 4388980.489388142712414 ], [ 424826.354229784454219, 4388981.489388142712414 ] ], [ [ 424823.354229784454219, 4388975.489388142712414 ], [ 424824.354229784454219, 4388975.489388142712414 ], [ 424824.354229784454219, 4388974.489388142712414 ], [ 424823.354229784454219, 4388974.489388142712414 ], [ 424823.354229784454219, 4388975.489388142712414 ] ], [ [ 424822.354229784454219, 4388974.489388142712414 ], [ 424823.354229784454219, 4388974.489388142712414 ], [ 424823.354229784454219, 4388973.489388142712414 ], [ 424822.354229784454219, 4388973.489388142712414 ], [ 424822.354229784454219, 4388974.489388142712414 ] ], [ [ 424865.354229784454219, 4388896.489388142712414 ], [ 424866.354229784454219, 4388896.489388142712414 ], [ 424866.354229784454219, 4388892.489388142712414 ], [ 424865.354229784454219, 4388892.489388142712414 ], [ 424865.354229784454219, 4388896.489388142712414 ] ], [ [ 424863.354229784454219, 4388886.489388142712414 ], [ 424864.354229784454219, 4388886.489388142712414 ], [ 424864.354229784454219, 4388885.489388142712414 ], [ 424863.354229784454219, 4388885.489388142712414 ], [ 424863.354229784454219, 4388886.489388142712414 ] ], [ [ 424864.354229784454219, 4388885.489388142712414 ], [ 424865.354229784454219, 4388885.489388142712414 ], [ 424865.354229784454219, 4388878.489388142712414 ], [ 424866.354229784454219, 4388878.489388142712414 ], [ 424866.354229784454219, 4388869.489388142712414 ], [ 424865.354229784454219, 4388869.489388142712414 ], [ 424865.354229784454219, 4388865.489388142712414 ], [ 424864.354229784454219, 4388865.489388142712414 ], [ 424864.354229784454219, 4388872.489388142712414 ], [ 424863.354229784454219, 4388872.489388142712414 ], [ 424863.354229784454219, 4388873.489388142712414 ], [ 424862.354229784454219, 4388873.489388142712414 ], [ 424862.354229784454219, 4388874.489388142712414 ], [ 424863.354229784454219, 4388874.489388142712414 ], [ 424863.354229784454219, 4388875.489388142712414 ], [ 424864.354229784454219, 4388875.489388142712414 ], [ 424864.354229784454219, 4388885.489388142712414 ] ], [ [ 424862.354229784454219, 4388877.489388142712414 ], [ 424863.354229784454219, 4388877.489388142712414 ], [ 424863.354229784454219, 4388875.489388142712414 ], [ 424862.354229784454219, 4388875.489388142712414 ], [ 424862.354229784454219, 4388877.489388142712414 ] ], [ [ 424862.354229784454219, 4388872.489388142712414 ], [ 424863.354229784454219, 4388872.489388142712414 ], [ 424863.354229784454219, 4388868.489388142712414 ], [ 424862.354229784454219, 4388868.489388142712414 ], [ 424862.354229784454219, 4388872.489388142712414 ] ], [ [ 424846.354229784454219, 4388863.489388142712414 ], [ 424847.354229784454219, 4388863.489388142712414 ], [ 424847.354229784454219, 4388861.489388142712414 ], [ 424846.354229784454219, 4388861.489388142712414 ], [ 424846.354229784454219, 4388863.489388142712414 ] ], [ [ 424925.354229784454219, 4388649.489388142712414 ], [ 424926.354229784454219, 4388649.489388142712414 ], [ 424926.354229784454219, 4388648.489388142712414 ], [ 424925.354229784454219, 4388648.489388142712414 ], [ 424925.354229784454219, 4388649.489388142712414 ] ], [ [ 424926.354229784454219, 4388646.489388142712414 ], [ 424927.354229784454219, 4388646.489388142712414 ], [ 424927.354229784454219, 4388645.489388142712414 ], [ 424926.354229784454219, 4388645.489388142712414 ], [ 424926.354229784454219, 4388646.489388142712414 ] ], [ [ 424927.354229784454219, 4388643.489388142712414 ], [ 424928.354229784454219, 4388643.489388142712414 ], [ 424928.354229784454219, 4388642.489388142712414 ], [ 424927.354229784454219, 4388642.489388142712414 ], [ 424927.354229784454219, 4388643.489388142712414 ] ], [ [ 424928.354229784454219, 4388639.489388142712414 ], [ 424929.354229784454219, 4388639.489388142712414 ], [ 424929.354229784454219, 4388638.489388142712414 ], [ 424928.354229784454219, 4388638.489388142712414 ], [ 424928.354229784454219, 4388639.489388142712414 ] ], [ [ 424931.354229784454219, 4388625.489388142712414 ], [ 424932.354229784454219, 4388625.489388142712414 ], [ 424932.354229784454219, 4388621.489388142712414 ], [ 424931.354229784454219, 4388621.489388142712414 ], [ 424931.354229784454219, 4388625.489388142712414 ] ], [ [ 424932.354229784454219, 4388619.489388142712414 ], [ 424933.354229784454219, 4388619.489388142712414 ], [ 424933.354229784454219, 4388616.489388142712414 ], [ 424932.354229784454219, 4388616.489388142712414 ], [ 424932.354229784454219, 4388619.489388142712414 ] ], [ [ 424987.354229784454219, 4388599.489388142712414 ], [ 424988.354229784454219, 4388599.489388142712414 ], [ 424988.354229784454219, 4388598.489388142712414 ], [ 424987.354229784454219, 4388598.489388142712414 ], [ 424987.354229784454219, 4388599.489388142712414 ] ], [ [ 424988.354229784454219, 4388597.489388142712414 ], [ 424989.354229784454219, 4388597.489388142712414 ], [ 424989.354229784454219, 4388596.489388142712414 ], [ 424988.354229784454219, 4388596.489388142712414 ], [ 424988.354229784454219, 4388597.489388142712414 ] ], [ [ 424989.354229784454219, 4388595.489388142712414 ], [ 424990.354229784454219, 4388595.489388142712414 ], [ 424990.354229784454219, 4388594.489388142712414 ], [ 424989.354229784454219, 4388594.489388142712414 ], [ 424989.354229784454219, 4388595.489388142712414 ] ], [ [ 424981.354229784454219, 4388590.489388142712414 ], [ 424982.354229784454219, 4388590.489388142712414 ], [ 424982.354229784454219, 4388589.489388142712414 ], [ 424981.354229784454219, 4388589.489388142712414 ], [ 424981.354229784454219, 4388590.489388142712414 ] ], [ [ 424991.354229784454219, 4388588.489388142712414 ], [ 424992.354229784454219, 4388588.489388142712414 ], [ 424992.354229784454219, 4388587.489388142712414 ], [ 424991.354229784454219, 4388587.489388142712414 ], [ 424991.354229784454219, 4388588.489388142712414 ] ], [ [ 424982.354229784454219, 4388587.489388142712414 ], [ 424983.354229784454219, 4388587.489388142712414 ], [ 424983.354229784454219, 4388585.489388142712414 ], [ 424982.354229784454219, 4388585.489388142712414 ], [ 424982.354229784454219, 4388587.489388142712414 ] ], [ [ 424983.354229784454219, 4388582.489388142712414 ], [ 424984.354229784454219, 4388582.489388142712414 ], [ 424984.354229784454219, 4388581.489388142712414 ], [ 424983.354229784454219, 4388581.489388142712414 ], [ 424983.354229784454219, 4388582.489388142712414 ] ], [ [ 424907.354229784454219, 4388576.489388142712414 ], [ 424908.354229784454219, 4388576.489388142712414 ], [ 424908.354229784454219, 4388575.489388142712414 ], [ 424907.354229784454219, 4388575.489388142712414 ], [ 424907.354229784454219, 4388576.489388142712414 ] ], [ [ 424931.354229784454219, 4388572.489388142712414 ], [ 424932.354229784454219, 4388572.489388142712414 ], [ 424932.354229784454219, 4388571.489388142712414 ], [ 424931.354229784454219, 4388571.489388142712414 ], [ 424931.354229784454219, 4388572.489388142712414 ] ], [ [ 424906.354229784454219, 4388571.489388142712414 ], [ 424907.354229784454219, 4388571.489388142712414 ], [ 424907.354229784454219, 4388570.489388142712414 ], [ 424906.354229784454219, 4388570.489388142712414 ], [ 424906.354229784454219, 4388571.489388142712414 ] ], [ [ 424932.354229784454219, 4388568.489388142712414 ], [ 424934.354229784454219, 4388568.489388142712414 ], [ 424934.354229784454219, 4388566.489388142712414 ], [ 424936.354229784454219, 4388566.489388142712414 ], [ 424936.354229784454219, 4388563.489388142712414 ], [ 424937.354229784454219, 4388563.489388142712414 ], [ 424937.354229784454219, 4388557.489388142712414 ], [ 424938.354229784454219, 4388557.489388142712414 ], [ 424938.354229784454219, 4388549.489388142712414 ], [ 424937.354229784454219, 4388549.489388142712414 ], [ 424937.354229784454219, 4388535.489388142712414 ], [ 424938.354229784454219, 4388535.489388142712414 ], [ 424938.354229784454219, 4388534.489388142712414 ], [ 424937.354229784454219, 4388534.489388142712414 ], [ 424937.354229784454219, 4388532.489388142712414 ], [ 424938.354229784454219, 4388532.489388142712414 ], [ 424938.354229784454219, 4388527.489388142712414 ], [ 424939.354229784454219, 4388527.489388142712414 ], [ 424939.354229784454219, 4388521.489388142712414 ], [ 424940.354229784454219, 4388521.489388142712414 ], [ 424940.354229784454219, 4388512.489388142712414 ], [ 424939.354229784454219, 4388512.489388142712414 ], [ 424939.354229784454219, 4388497.489388142712414 ], [ 424938.354229784454219, 4388497.489388142712414 ], [ 424938.354229784454219, 4388484.489388142712414 ], [ 424937.354229784454219, 4388484.489388142712414 ], [ 424937.354229784454219, 4388478.489388142712414 ], [ 424936.354229784454219, 4388478.489388142712414 ], [ 424936.354229784454219, 4388471.489388142712414 ], [ 424935.354229784454219, 4388471.489388142712414 ], [ 424935.354229784454219, 4388462.489388142712414 ], [ 424934.354229784454219, 4388462.489388142712414 ], [ 424934.354229784454219, 4388458.489388142712414 ], [ 424933.354229784454219, 4388458.489388142712414 ], [ 424933.354229784454219, 4388455.489388142712414 ], [ 424932.354229784454219, 4388455.489388142712414 ], [ 424932.354229784454219, 4388452.489388142712414 ], [ 424931.354229784454219, 4388452.489388142712414 ], [ 424931.354229784454219, 4388450.489388142712414 ], [ 424930.354229784454219, 4388450.489388142712414 ], [ 424930.354229784454219, 4388456.489388142712414 ], [ 424931.354229784454219, 4388456.489388142712414 ], [ 424931.354229784454219, 4388461.489388142712414 ], [ 424930.354229784454219, 4388461.489388142712414 ], [ 424930.354229784454219, 4388476.489388142712414 ], [ 424931.354229784454219, 4388476.489388142712414 ], [ 424931.354229784454219, 4388480.489388142712414 ], [ 424932.354229784454219, 4388480.489388142712414 ], [ 424932.354229784454219, 4388484.489388142712414 ], [ 424933.354229784454219, 4388484.489388142712414 ], [ 424933.354229784454219, 4388493.489388142712414 ], [ 424934.354229784454219, 4388493.489388142712414 ], [ 424934.354229784454219, 4388494.489388142712414 ], [ 424933.354229784454219, 4388494.489388142712414 ], [ 424933.354229784454219, 4388495.489388142712414 ], [ 424934.354229784454219, 4388495.489388142712414 ], [ 424934.354229784454219, 4388522.489388142712414 ], [ 424933.354229784454219, 4388522.489388142712414 ], [ 424933.354229784454219, 4388523.489388142712414 ], [ 424934.354229784454219, 4388523.489388142712414 ], [ 424934.354229784454219, 4388524.489388142712414 ], [ 424933.354229784454219, 4388524.489388142712414 ], [ 424933.354229784454219, 4388531.489388142712414 ], [ 424934.354229784454219, 4388531.489388142712414 ], [ 424934.354229784454219, 4388532.489388142712414 ], [ 424933.354229784454219, 4388532.489388142712414 ], [ 424933.354229784454219, 4388534.489388142712414 ], [ 424934.354229784454219, 4388534.489388142712414 ], [ 424934.354229784454219, 4388539.489388142712414 ], [ 424935.354229784454219, 4388539.489388142712414 ], [ 424935.354229784454219, 4388545.489388142712414 ], [ 424934.354229784454219, 4388545.489388142712414 ], [ 424934.354229784454219, 4388544.489388142712414 ], [ 424933.354229784454219, 4388544.489388142712414 ], [ 424933.354229784454219, 4388537.489388142712414 ], [ 424932.354229784454219, 4388537.489388142712414 ], [ 424932.354229784454219, 4388541.489388142712414 ], [ 424931.354229784454219, 4388541.489388142712414 ], [ 424931.354229784454219, 4388551.489388142712414 ], [ 424930.354229784454219, 4388551.489388142712414 ], [ 424930.354229784454219, 4388555.489388142712414 ], [ 424929.354229784454219, 4388555.489388142712414 ], [ 424929.354229784454219, 4388556.489388142712414 ], [ 424930.354229784454219, 4388556.489388142712414 ], [ 424930.354229784454219, 4388557.489388142712414 ], [ 424932.354229784454219, 4388557.489388142712414 ], [ 424932.354229784454219, 4388558.489388142712414 ], [ 424931.354229784454219, 4388558.489388142712414 ], [ 424931.354229784454219, 4388559.489388142712414 ], [ 424930.354229784454219, 4388559.489388142712414 ], [ 424930.354229784454219, 4388560.489388142712414 ], [ 424931.354229784454219, 4388560.489388142712414 ], [ 424931.354229784454219, 4388564.489388142712414 ], [ 424933.354229784454219, 4388564.489388142712414 ], [ 424933.354229784454219, 4388565.489388142712414 ], [ 424932.354229784454219, 4388565.489388142712414 ], [ 424932.354229784454219, 4388568.489388142712414 ] ], [ [ 424923.354229784454219, 4388562.489388142712414 ], [ 424924.354229784454219, 4388562.489388142712414 ], [ 424924.354229784454219, 4388561.489388142712414 ], [ 424923.354229784454219, 4388561.489388142712414 ], [ 424923.354229784454219, 4388562.489388142712414 ] ], [ [ 424922.354229784454219, 4388559.489388142712414 ], [ 424923.354229784454219, 4388559.489388142712414 ], [ 424923.354229784454219, 4388553.489388142712414 ], [ 424924.354229784454219, 4388553.489388142712414 ], [ 424924.354229784454219, 4388551.489388142712414 ], [ 424925.354229784454219, 4388551.489388142712414 ], [ 424925.354229784454219, 4388552.489388142712414 ], [ 424926.354229784454219, 4388552.489388142712414 ], [ 424926.354229784454219, 4388547.489388142712414 ], [ 424927.354229784454219, 4388547.489388142712414 ], [ 424927.354229784454219, 4388543.489388142712414 ], [ 424928.354229784454219, 4388543.489388142712414 ], [ 424928.354229784454219, 4388533.489388142712414 ], [ 424929.354229784454219, 4388533.489388142712414 ], [ 424929.354229784454219, 4388516.489388142712414 ], [ 424928.354229784454219, 4388516.489388142712414 ], [ 424928.354229784454219, 4388515.489388142712414 ], [ 424929.354229784454219, 4388515.489388142712414 ], [ 424929.354229784454219, 4388514.489388142712414 ], [ 424928.354229784454219, 4388514.489388142712414 ], [ 424928.354229784454219, 4388507.489388142712414 ], [ 424927.354229784454219, 4388507.489388142712414 ], [ 424927.354229784454219, 4388513.489388142712414 ], [ 424926.354229784454219, 4388513.489388142712414 ], [ 424926.354229784454219, 4388518.489388142712414 ], [ 424925.354229784454219, 4388518.489388142712414 ], [ 424925.354229784454219, 4388522.489388142712414 ], [ 424924.354229784454219, 4388522.489388142712414 ], [ 424924.354229784454219, 4388526.489388142712414 ], [ 424923.354229784454219, 4388526.489388142712414 ], [ 424923.354229784454219, 4388533.489388142712414 ], [ 424922.354229784454219, 4388533.489388142712414 ], [ 424922.354229784454219, 4388548.489388142712414 ], [ 424921.354229784454219, 4388548.489388142712414 ], [ 424921.354229784454219, 4388547.489388142712414 ], [ 424920.354229784454219, 4388547.489388142712414 ], [ 424920.354229784454219, 4388537.489388142712414 ], [ 424919.354229784454219, 4388537.489388142712414 ], [ 424919.354229784454219, 4388550.489388142712414 ], [ 424918.354229784454219, 4388550.489388142712414 ], [ 424918.354229784454219, 4388552.489388142712414 ], [ 424921.354229784454219, 4388552.489388142712414 ], [ 424921.354229784454219, 4388551.489388142712414 ], [ 424922.354229784454219, 4388551.489388142712414 ], [ 424922.354229784454219, 4388559.489388142712414 ] ], [ [ 424908.354229784454219, 4388557.489388142712414 ], [ 424909.354229784454219, 4388557.489388142712414 ], [ 424909.354229784454219, 4388556.489388142712414 ], [ 424908.354229784454219, 4388556.489388142712414 ], [ 424908.354229784454219, 4388557.489388142712414 ] ], [ [ 424950.354229784454219, 4388556.489388142712414 ], [ 424952.354229784454219, 4388556.489388142712414 ], [ 424952.354229784454219, 4388554.489388142712414 ], [ 424951.354229784454219, 4388554.489388142712414 ], [ 424951.354229784454219, 4388553.489388142712414 ], [ 424950.354229784454219, 4388553.489388142712414 ], [ 424950.354229784454219, 4388551.489388142712414 ], [ 424948.354229784454219, 4388551.489388142712414 ], [ 424948.354229784454219, 4388552.489388142712414 ], [ 424949.354229784454219, 4388552.489388142712414 ], [ 424949.354229784454219, 4388553.489388142712414 ], [ 424948.354229784454219, 4388553.489388142712414 ], [ 424948.354229784454219, 4388555.489388142712414 ], [ 424949.354229784454219, 4388555.489388142712414 ], [ 424949.354229784454219, 4388554.489388142712414 ], [ 424950.354229784454219, 4388554.489388142712414 ], [ 424950.354229784454219, 4388556.489388142712414 ] ], [ [ 424908.354229784454219, 4388555.489388142712414 ], [ 424909.354229784454219, 4388555.489388142712414 ], [ 424909.354229784454219, 4388554.489388142712414 ], [ 424910.354229784454219, 4388554.489388142712414 ], [ 424910.354229784454219, 4388552.489388142712414 ], [ 424909.354229784454219, 4388552.489388142712414 ], [ 424909.354229784454219, 4388548.489388142712414 ], [ 424911.354229784454219, 4388548.489388142712414 ], [ 424911.354229784454219, 4388546.489388142712414 ], [ 424910.354229784454219, 4388546.489388142712414 ], [ 424910.354229784454219, 4388542.489388142712414 ], [ 424911.354229784454219, 4388542.489388142712414 ], [ 424911.354229784454219, 4388543.489388142712414 ], [ 424913.354229784454219, 4388543.489388142712414 ], [ 424913.354229784454219, 4388542.489388142712414 ], [ 424912.354229784454219, 4388542.489388142712414 ], [ 424912.354229784454219, 4388541.489388142712414 ], [ 424911.354229784454219, 4388541.489388142712414 ], [ 424911.354229784454219, 4388537.489388142712414 ], [ 424912.354229784454219, 4388537.489388142712414 ], [ 424912.354229784454219, 4388539.489388142712414 ], [ 424913.354229784454219, 4388539.489388142712414 ], [ 424913.354229784454219, 4388537.489388142712414 ], [ 424914.354229784454219, 4388537.489388142712414 ], [ 424914.354229784454219, 4388536.489388142712414 ], [ 424916.354229784454219, 4388536.489388142712414 ], [ 424916.354229784454219, 4388535.489388142712414 ], [ 424915.354229784454219, 4388535.489388142712414 ], [ 424915.354229784454219, 4388534.489388142712414 ], [ 424916.354229784454219, 4388534.489388142712414 ], [ 424916.354229784454219, 4388532.489388142712414 ], [ 424917.354229784454219, 4388532.489388142712414 ], [ 424917.354229784454219, 4388529.489388142712414 ], [ 424918.354229784454219, 4388529.489388142712414 ], [ 424918.354229784454219, 4388525.489388142712414 ], [ 424919.354229784454219, 4388525.489388142712414 ], [ 424919.354229784454219, 4388518.489388142712414 ], [ 424920.354229784454219, 4388518.489388142712414 ], [ 424920.354229784454219, 4388472.489388142712414 ], [ 424919.354229784454219, 4388472.489388142712414 ], [ 424919.354229784454219, 4388473.489388142712414 ], [ 424918.354229784454219, 4388473.489388142712414 ], [ 424918.354229784454219, 4388469.489388142712414 ], [ 424919.354229784454219, 4388469.489388142712414 ], [ 424919.354229784454219, 4388468.489388142712414 ], [ 424918.354229784454219, 4388468.489388142712414 ], [ 424918.354229784454219, 4388447.489388142712414 ], [ 424916.354229784454219, 4388447.489388142712414 ], [ 424916.354229784454219, 4388451.489388142712414 ], [ 424915.354229784454219, 4388451.489388142712414 ], [ 424915.354229784454219, 4388455.489388142712414 ], [ 424914.354229784454219, 4388455.489388142712414 ], [ 424914.354229784454219, 4388458.489388142712414 ], [ 424913.354229784454219, 4388458.489388142712414 ], [ 424913.354229784454219, 4388463.489388142712414 ], [ 424912.354229784454219, 4388463.489388142712414 ], [ 424912.354229784454219, 4388476.489388142712414 ], [ 424911.354229784454219, 4388476.489388142712414 ], [ 424911.354229784454219, 4388497.489388142712414 ], [ 424910.354229784454219, 4388497.489388142712414 ], [ 424910.354229784454219, 4388479.489388142712414 ], [ 424909.354229784454219, 4388479.489388142712414 ], [ 424909.354229784454219, 4388488.489388142712414 ], [ 424908.354229784454219, 4388488.489388142712414 ], [ 424908.354229784454219, 4388503.489388142712414 ], [ 424907.354229784454219, 4388503.489388142712414 ], [ 424907.354229784454219, 4388511.489388142712414 ], [ 424906.354229784454219, 4388511.489388142712414 ], [ 424906.354229784454219, 4388520.489388142712414 ], [ 424907.354229784454219, 4388520.489388142712414 ], [ 424907.354229784454219, 4388521.489388142712414 ], [ 424905.354229784454219, 4388521.489388142712414 ], [ 424905.354229784454219, 4388522.489388142712414 ], [ 424906.354229784454219, 4388522.489388142712414 ], [ 424906.354229784454219, 4388533.489388142712414 ], [ 424907.354229784454219, 4388533.489388142712414 ], [ 424907.354229784454219, 4388536.489388142712414 ], [ 424906.354229784454219, 4388536.489388142712414 ], [ 424906.354229784454219, 4388544.489388142712414 ], [ 424907.354229784454219, 4388544.489388142712414 ], [ 424907.354229784454219, 4388545.489388142712414 ], [ 424908.354229784454219, 4388545.489388142712414 ], [ 424908.354229784454219, 4388550.489388142712414 ], [ 424907.354229784454219, 4388550.489388142712414 ], [ 424907.354229784454219, 4388552.489388142712414 ], [ 424908.354229784454219, 4388552.489388142712414 ], [ 424908.354229784454219, 4388555.489388142712414 ] ], [ [ 424920.354229784454219, 4388554.489388142712414 ], [ 424921.354229784454219, 4388554.489388142712414 ], [ 424921.354229784454219, 4388553.489388142712414 ], [ 424920.354229784454219, 4388553.489388142712414 ], [ 424920.354229784454219, 4388554.489388142712414 ] ], [ [ 424944.354229784454219, 4388553.489388142712414 ], [ 424945.354229784454219, 4388553.489388142712414 ], [ 424945.354229784454219, 4388550.489388142712414 ], [ 424944.354229784454219, 4388550.489388142712414 ], [ 424944.354229784454219, 4388553.489388142712414 ] ], [ [ 424946.354229784454219, 4388553.489388142712414 ], [ 424947.354229784454219, 4388553.489388142712414 ], [ 424947.354229784454219, 4388551.489388142712414 ], [ 424948.354229784454219, 4388551.489388142712414 ], [ 424948.354229784454219, 4388550.489388142712414 ], [ 424946.354229784454219, 4388550.489388142712414 ], [ 424946.354229784454219, 4388553.489388142712414 ] ], [ [ 424905.354229784454219, 4388552.489388142712414 ], [ 424906.354229784454219, 4388552.489388142712414 ], [ 424906.354229784454219, 4388551.489388142712414 ], [ 424905.354229784454219, 4388551.489388142712414 ], [ 424905.354229784454219, 4388552.489388142712414 ] ], [ [ 424905.354229784454219, 4388548.489388142712414 ], [ 424906.354229784454219, 4388548.489388142712414 ], [ 424906.354229784454219, 4388547.489388142712414 ], [ 424905.354229784454219, 4388547.489388142712414 ], [ 424905.354229784454219, 4388548.489388142712414 ] ], [ [ 424912.354229784454219, 4388548.489388142712414 ], [ 424913.354229784454219, 4388548.489388142712414 ], [ 424913.354229784454219, 4388547.489388142712414 ], [ 424912.354229784454219, 4388547.489388142712414 ], [ 424912.354229784454219, 4388548.489388142712414 ] ], [ [ 424947.354229784454219, 4388547.489388142712414 ], [ 424949.354229784454219, 4388547.489388142712414 ], [ 424949.354229784454219, 4388545.489388142712414 ], [ 424948.354229784454219, 4388545.489388142712414 ], [ 424948.354229784454219, 4388543.489388142712414 ], [ 424949.354229784454219, 4388543.489388142712414 ], [ 424949.354229784454219, 4388542.489388142712414 ], [ 424948.354229784454219, 4388542.489388142712414 ], [ 424948.354229784454219, 4388540.489388142712414 ], [ 424947.354229784454219, 4388540.489388142712414 ], [ 424947.354229784454219, 4388547.489388142712414 ] ], [ [ 424906.354229784454219, 4388546.489388142712414 ], [ 424907.354229784454219, 4388546.489388142712414 ], [ 424907.354229784454219, 4388545.489388142712414 ], [ 424906.354229784454219, 4388545.489388142712414 ], [ 424906.354229784454219, 4388546.489388142712414 ] ], [ [ 424949.354229784454219, 4388544.489388142712414 ], [ 424950.354229784454219, 4388544.489388142712414 ], [ 424950.354229784454219, 4388543.489388142712414 ], [ 424949.354229784454219, 4388543.489388142712414 ], [ 424949.354229784454219, 4388544.489388142712414 ] ], [ [ 424949.354229784454219, 4388542.489388142712414 ], [ 424950.354229784454219, 4388542.489388142712414 ], [ 424950.354229784454219, 4388541.489388142712414 ], [ 424949.354229784454219, 4388541.489388142712414 ], [ 424949.354229784454219, 4388542.489388142712414 ] ], [ [ 424913.354229784454219, 4388540.489388142712414 ], [ 424914.354229784454219, 4388540.489388142712414 ], [ 424914.354229784454219, 4388539.489388142712414 ], [ 424913.354229784454219, 4388539.489388142712414 ], [ 424913.354229784454219, 4388540.489388142712414 ] ], [ [ 424949.354229784454219, 4388540.489388142712414 ], [ 424950.354229784454219, 4388540.489388142712414 ], [ 424950.354229784454219, 4388539.489388142712414 ], [ 424949.354229784454219, 4388539.489388142712414 ], [ 424949.354229784454219, 4388540.489388142712414 ] ], [ [ 424914.354229784454219, 4388538.489388142712414 ], [ 424915.354229784454219, 4388538.489388142712414 ], [ 424915.354229784454219, 4388537.489388142712414 ], [ 424914.354229784454219, 4388537.489388142712414 ], [ 424914.354229784454219, 4388538.489388142712414 ] ], [ [ 424949.354229784454219, 4388537.489388142712414 ], [ 424950.354229784454219, 4388537.489388142712414 ], [ 424950.354229784454219, 4388532.489388142712414 ], [ 424949.354229784454219, 4388532.489388142712414 ], [ 424949.354229784454219, 4388533.489388142712414 ], [ 424948.354229784454219, 4388533.489388142712414 ], [ 424948.354229784454219, 4388536.489388142712414 ], [ 424949.354229784454219, 4388536.489388142712414 ], [ 424949.354229784454219, 4388537.489388142712414 ] ], [ [ 424920.354229784454219, 4388536.489388142712414 ], [ 424921.354229784454219, 4388536.489388142712414 ], [ 424921.354229784454219, 4388534.489388142712414 ], [ 424920.354229784454219, 4388534.489388142712414 ], [ 424920.354229784454219, 4388536.489388142712414 ] ], [ [ 424950.354229784454219, 4388525.489388142712414 ], [ 424951.354229784454219, 4388525.489388142712414 ], [ 424951.354229784454219, 4388524.489388142712414 ], [ 424950.354229784454219, 4388524.489388142712414 ], [ 424950.354229784454219, 4388525.489388142712414 ] ], [ [ 424954.354229784454219, 4388525.489388142712414 ], [ 424955.354229784454219, 4388525.489388142712414 ], [ 424955.354229784454219, 4388524.489388142712414 ], [ 424954.354229784454219, 4388524.489388142712414 ], [ 424954.354229784454219, 4388525.489388142712414 ] ], [ [ 424949.354229784454219, 4388523.489388142712414 ], [ 424950.354229784454219, 4388523.489388142712414 ], [ 424950.354229784454219, 4388521.489388142712414 ], [ 424949.354229784454219, 4388521.489388142712414 ], [ 424949.354229784454219, 4388523.489388142712414 ] ], [ [ 424954.354229784454219, 4388522.489388142712414 ], [ 424955.354229784454219, 4388522.489388142712414 ], [ 424955.354229784454219, 4388515.489388142712414 ], [ 424954.354229784454219, 4388515.489388142712414 ], [ 424954.354229784454219, 4388522.489388142712414 ] ], [ [ 424950.354229784454219, 4388521.489388142712414 ], [ 424951.354229784454219, 4388521.489388142712414 ], [ 424951.354229784454219, 4388518.489388142712414 ], [ 424950.354229784454219, 4388518.489388142712414 ], [ 424950.354229784454219, 4388509.489388142712414 ], [ 424949.354229784454219, 4388509.489388142712414 ], [ 424949.354229784454219, 4388500.489388142712414 ], [ 424948.354229784454219, 4388500.489388142712414 ], [ 424948.354229784454219, 4388502.489388142712414 ], [ 424947.354229784454219, 4388502.489388142712414 ], [ 424947.354229784454219, 4388501.489388142712414 ], [ 424946.354229784454219, 4388501.489388142712414 ], [ 424946.354229784454219, 4388503.489388142712414 ], [ 424948.354229784454219, 4388503.489388142712414 ], [ 424948.354229784454219, 4388506.489388142712414 ], [ 424947.354229784454219, 4388506.489388142712414 ], [ 424947.354229784454219, 4388513.489388142712414 ], [ 424948.354229784454219, 4388513.489388142712414 ], [ 424948.354229784454219, 4388517.489388142712414 ], [ 424947.354229784454219, 4388517.489388142712414 ], [ 424947.354229784454219, 4388519.489388142712414 ], [ 424948.354229784454219, 4388519.489388142712414 ], [ 424948.354229784454219, 4388520.489388142712414 ], [ 424950.354229784454219, 4388520.489388142712414 ], [ 424950.354229784454219, 4388521.489388142712414 ] ], [ [ 424953.354229784454219, 4388509.489388142712414 ], [ 424954.354229784454219, 4388509.489388142712414 ], [ 424954.354229784454219, 4388508.489388142712414 ], [ 424953.354229784454219, 4388508.489388142712414 ], [ 424953.354229784454219, 4388509.489388142712414 ] ], [ [ 424927.354229784454219, 4388506.489388142712414 ], [ 424928.354229784454219, 4388506.489388142712414 ], [ 424928.354229784454219, 4388505.489388142712414 ], [ 424927.354229784454219, 4388505.489388142712414 ], [ 424927.354229784454219, 4388506.489388142712414 ] ], [ [ 424947.354229784454219, 4388500.489388142712414 ], [ 424948.354229784454219, 4388500.489388142712414 ], [ 424948.354229784454219, 4388475.489388142712414 ], [ 424947.354229784454219, 4388475.489388142712414 ], [ 424947.354229784454219, 4388490.489388142712414 ], [ 424946.354229784454219, 4388490.489388142712414 ], [ 424946.354229784454219, 4388492.489388142712414 ], [ 424945.354229784454219, 4388492.489388142712414 ], [ 424945.354229784454219, 4388493.489388142712414 ], [ 424946.354229784454219, 4388493.489388142712414 ], [ 424946.354229784454219, 4388494.489388142712414 ], [ 424947.354229784454219, 4388494.489388142712414 ], [ 424947.354229784454219, 4388500.489388142712414 ] ], [ [ 424945.354229784454219, 4388497.489388142712414 ], [ 424946.354229784454219, 4388497.489388142712414 ], [ 424946.354229784454219, 4388496.489388142712414 ], [ 424945.354229784454219, 4388496.489388142712414 ], [ 424945.354229784454219, 4388497.489388142712414 ] ], [ [ 424945.354229784454219, 4388495.489388142712414 ], [ 424946.354229784454219, 4388495.489388142712414 ], [ 424946.354229784454219, 4388494.489388142712414 ], [ 424945.354229784454219, 4388494.489388142712414 ], [ 424945.354229784454219, 4388495.489388142712414 ] ], [ [ 424910.354229784454219, 4388476.489388142712414 ], [ 424911.354229784454219, 4388476.489388142712414 ], [ 424911.354229784454219, 4388470.489388142712414 ], [ 424910.354229784454219, 4388470.489388142712414 ], [ 424910.354229784454219, 4388476.489388142712414 ] ], [ [ 424946.354229784454219, 4388468.489388142712414 ], [ 424947.354229784454219, 4388468.489388142712414 ], [ 424947.354229784454219, 4388467.489388142712414 ], [ 424946.354229784454219, 4388467.489388142712414 ], [ 424946.354229784454219, 4388468.489388142712414 ] ], [ [ 424945.354229784454219, 4388464.489388142712414 ], [ 424946.354229784454219, 4388464.489388142712414 ], [ 424946.354229784454219, 4388459.489388142712414 ], [ 424945.354229784454219, 4388459.489388142712414 ], [ 424945.354229784454219, 4388464.489388142712414 ] ], [ [ 424944.354229784454219, 4388455.489388142712414 ], [ 424945.354229784454219, 4388455.489388142712414 ], [ 424945.354229784454219, 4388451.489388142712414 ], [ 424944.354229784454219, 4388451.489388142712414 ], [ 424944.354229784454219, 4388455.489388142712414 ] ], [ [ 424929.354229784454219, 4388448.489388142712414 ], [ 424930.354229784454219, 4388448.489388142712414 ], [ 424930.354229784454219, 4388447.489388142712414 ], [ 424929.354229784454219, 4388447.489388142712414 ], [ 424929.354229784454219, 4388448.489388142712414 ] ], [ [ 424943.354229784454219, 4388448.489388142712414 ], [ 424944.354229784454219, 4388448.489388142712414 ], [ 424944.354229784454219, 4388446.489388142712414 ], [ 424943.354229784454219, 4388446.489388142712414 ], [ 424943.354229784454219, 4388448.489388142712414 ] ] ] } }
]
}
