{
"type": "FeatureCollection",
"name": "most_likely_path",
"crs": { "type": "name", "properties": { "name": "urn:ogc:def:crs:EPSG::6342" } },
"features": [
{ "type": "Feature", "properties": { "p_threshold": 0.5 }, "geometry": { "type": "LineString", "coordinates": [ [ 424610.854229784454219, 4389165.989388142712414 ], [ 424611.854229784454219, 4389165.989388142712414 ], [ 424609.854229784454219, 4389164.989388142712414 ], [ 424612.854229784454219, 4389164.989388142712414 ], [ 424608.854229784454219, 4389163.989388142712414 ], [ 424613.854229784454219, 4389163.989388142712414 ], [ 424607.854229784454219, 4389162.989388142712414 ], [ 424614.854229784454219, 4389162.989388142712414 ], [ 424606.854229784454219, 4389161.989388142712414 ], [ 424615.854229784454219, 4389161.989388142712414 ], [ 424605.854229784454219, 4389160.989388142712414 ], [ 424615.854229784454219, 4389160.989388142712414 ], [ 424604.854229784454219, 4389159.989388142712414 ], [ 424615.854229784454219, 4389159.989388142712414 ], [ 424603.854229784454219, 4389158.989388142712414 ], [ 424615.854229784454219, 4389158.989388142712414 ], [ 424603.854229784454219, 4389157.989388142712414 ], [ 424615.854229784454219, 4389157.989388142712414 ], [ 424603.854229784454219, 4389156.989388142712414 ], [ 424615.854229784454219, 4389156.989388142712414 ], [ 424603.854229784454219, 4389155.989388142712414 ], [ 424615.854229784454219, 4389155.989388142712414 ], [ 424603.854229784454219, 4389154.989388142712414 ], [ 424615.854229784454219, 4389154.989388142712414 ], [ 424603.854229784454219, 4389153.989388142712414 ], [ 424615.854229784454219, 4389153.989388142712414 ], [ 424604.854229784454219, 4389152.989388142712414 ], [ 424615.854229784454219, 4389152.989388142712414 ], [ 424605.854229784454219, 4389151.989388142712414 ], [ 424615.854229784454219, 4389151.989388142712414 ], [ 424606.854229784454219, 4389150.989388142712414 ], [ 424615.854229784454219, 4389150.989388142712414 ], [ 424607.854229784454219, 4389149.989388142712414 ], [ 424615.854229784454219, 4389149.989388142712414 ], [ 424608.854229784454219, 4389148.989388142712414 ], [ 424615.854229784454219, 4389148.989388142712414 ], [ 424609.854229784454219, 4389147.989388142712414 ], [ 424615.854229784454219, 4389147.989388142712414 ], [ 424610.854229784454219, 4389146.989388142712414 ], [ 424615.854229784454219, 4389146.989388142712414 ], [ 424611.854229784454219, 4389145.989388142712414 ], [ 424615.854229784454219, 4389145.989388142712414 ], [ 424612.854229784454219, 4389144.989388142712414 ], [ 424615.854229784454219, 4389144.989388142712414 ], [ 424613.854229784454219, 4389143.989388142712414 ], [ 424615.854229784454219, 4389143.989388142712414 ], [ 424614.854229784454219, 4389142.989388142712414 ], [ 424615.854229784454219, 4389142.989388142712414 ], [ 424615.854229784454219, 4389141.989388142712414 ], [ 424616.854229784454219, 4389140.989388142712414 ], [ 424616.854229784454219, 4389139.989388142712414 ], [ 424616.854229784454219, 4389138.989388142712414 ], [ 424617.854229784454219, 4389138.989388142712414 ], [ 424618.854229784454219, 4389138.989388142712414 ], [ 424619.854229784454219, 4389138.989388142712414 ], [ 424620.854229784454219, 4389138.989388142712414 ], [ 424615.854229784454219, 4389137.989388142712414 ], [ 424621.854229784454219, 4389137.989388142712414 ], [ 424614.854229784454219, 4389136.989388142712414 ], [ 424622.854229784454219, 4389136.989388142712414 ], [ 424623.854229784454219, 4389136.989388142712414 ], [ 424624.854229784454219, 4389136.989388142712414 ], [ 424625.854229784454219, 4389136.989388142712414 ], [ 424613.854229784454219, 4389135.989388142712414 ], [ 424626.854229784454219, 4389135.989388142712414 ], [ 424627.854229784454219, 4389135.989388142712414 ], [ 424612.854229784454219, 4389134.989388142712414 ], [ 424628.854229784454219, 4389134.989388142712414 ], [ 424629.854229784454219, 4389134.989388142712414 ], [ 424630.854229784454219, 4389134.989388142712414 ], [ 424605.854229784454219, 4389133.989388142712414 ], [ 424606.854229784454219, 4389133.989388142712414 ], [ 424611.854229784454219, 4389133.989388142712414 ], [ 424631.854229784454219, 4389133.989388142712414 ], [ 424632.854229784454219, 4389133.989388142712414 ], [ 424633.854229784454219, 4389133.989388142712414 ], [ 424600.854229784454219, 4389132.989388142712414 ], [ 424601.854229784454219, 4389132.989388142712414 ], [ 424602.854229784454219, 4389132.989388142712414 ], [ 424603.854229784454219, 4389132.989388142712414 ], [ 424604.854229784454219, 4389132.989388142712414 ], [ 424607.854229784454219, 4389132.989388142712414 ], [ 424608.854229784454219, 4389132.989388142712414 ], [ 424609.854229784454219, 4389132.989388142712414 ], [ 424610.854229784454219, 4389132.989388142712414 ], [ 424634.854229784454219, 4389132.989388142712414 ], [ 424635.854229784454219, 4389132.989388142712414 ], [ 424598.854229784454219, 4389131.989388142712414 ], [ 424599.854229784454219, 4389131.989388142712414 ], [ 424636.854229784454219, 4389131.989388142712414 ], [ 424637.854229784454219, 4389131.989388142712414 ], [ 424591.854229784454219, 4389130.989388142712414 ], [ 424597.854229784454219, 4389130.989388142712414 ], [ 424638.854229784454219, 4389130.989388142712414 ], [ 424639.854229784454219, 4389130.989388142712414 ], [ 424640.854229784454219, 4389130.989388142712414 ], [ 424592.854229784454219, 4389129.989388142712414 ], [ 424593.854229784454219, 4389129.989388142712414 ], [ 424594.854229784454219, 4389129.989388142712414 ], [ 424595.854229784454219, 4389129.989388142712414 ], [ 424596.854229784454219, 4389129.989388142712414 ], [ 424641.854229784454219, 4389129.989388142712414 ], [ 424642.854229784454219, 4389129.989388142712414 ], [ 424643.854229784454219, 4389129.989388142712414 ], [ 424644.854229784454219, 4389128.989388142712414 ], [ 424645.854229784454219, 4389128.989388142712414 ], [ 424646.854229784454219, 4389127.989388142712414 ], [ 424647.854229784454219, 4389127.989388142712414 ], [ 424648.854229784454219, 4389127.989388142712414 ], [ 424649.854229784454219, 4389127.989388142712414 ], [ 424650.854229784454219, 4389126.989388142712414 ], [ 424651.854229784454219, 4389126.989388142712414 ], [ 424652.854229784454219, 4389125.989388142712414 ], [ 424653.854229784454219, 4389125.989388142712414 ], [ 424654.854229784454219, 4389125.989388142712414 ], [ 424655.854229784454219, 4389125.989388142712414 ], [ 424656.854229784454219, 4389124.989388142712414 ], [ 424657.854229784454219, 4389124.989388142712414 ], [ 424658.854229784454219, 4389124.989388142712414 ], [ 424659.854229784454219, 4389123.989388142712414 ], [ 424660.854229784454219, 4389123.989388142712414 ], [ 424661.854229784454219, 4389123.989388142712414 ], [ 424662.854229784454219, 4389122.989388142712414 ], [ 424663.854229784454219, 4389122.989388142712414 ], [ 424664.854229784454219, 4389122.989388142712414 ], [ 424665.854229784454219, 4389122.989388142712414 ], [ 424666.854229784454219, 4389121.989388142712414 ], [ 424667.854229784454219, 4389121.989388142712414 ], [ 424668.854229784454219, 4389120.989388142712414 ], [ 424669.854229784454219, 4389120.989388142712414 ], [ 424670.854229784454219, 4389120.989388142712414 ], [ 424671.854229784454219, 4389120.989388142712414 ], [ 424672.854229784454219, 4389119.989388142712414 ], [ 424673.854229784454219, 4389119.989388142712414 ], [ 424674.854229784454219, 4389118.989388142712414 ], [ 424675.854229784454219, 4389118.989388142712414 ], [ 424676.854229784454219, 4389117.989388142712414 ], [ 424677.854229784454219, 4389117.989388142712414 ], [ 424678.854229784454219, 4389117.989388142712414 ], [ 424679.854229784454219, 4389116.989388142712414 ], [ 424680.854229784454219, 4389116.989388142712414 ], [ 424681.854229784454219, 4389115.989388142712414 ], [ 424682.854229784454219, 4389115.989388142712414 ], [ 424683.854229784454219, 4389115.989388142712414 ], [ 424684.854229784454219, 4389114.989388142712414 ], [ 424685.854229784454219, 4389114.989388142712414 ], [ 424686.854229784454219, 4389113.989388142712414 ], [ 424687.854229784454219, 4389113.989388142712414 ], [ 424688.854229784454219, 4389113.989388142712414 ], [ 424689.854229784454219, 4389112.989388142712414 ], [ 424690.854229784454219, 4389112.989388142712414 ], [ 424691.854229784454219, 4389112.989388142712414 ], [ 424692.854229784454219, 4389111.989388142712414 ], [ 424693.854229784454219, 4389111.989388142712414 ], [ 424694.854229784454219, 4389110.989388142712414 ], [ 424695.854229784454219, 4389110.989388142712414 ], [ 424696.854229784454219, 4389109.989388142712414 ], [ 424697.854229784454219, 4389109.989388142712414 ], [ 424698.854229784454219, 4389109.989388142712414 ], [ 424699.854229784454219, 4389108.989388142712414 ], [ 424700.854229784454219, 4389108.989388142712414 ], [ 424701.854229784454219, 4389107.989388142712414 ], [ 424702.854229784454219, 4389107.989388142712414 ], [ 424703.854229784454219, 4389106.989388142712414 ], [ 424704.854229784454219, 4389106.989388142712414 ], [ 424705.854229784454219, 4389105.989388142712414 ], [ 424706.854229784454219, 4389105.989388142712414 ], [ 424707.854229784454219, 4389104.989388142712414 ], [ 424708.854229784454219, 4389103.989388142712414 ], [ 424709.854229784454219, 4389102.989388142712414 ], [ 424710.854229784454219, 4389102.989388142712414 ], [ 424711.854229784454219, 4389101.989388142712414 ], [ 424712.854229784454219, 4389100.989388142712414 ], [ 424713.854229784454219, 4389100.989388142712414 ], [ 424714.854229784454219, 4389099.989388142712414 ], [ 424715.854229784454219, 4389098.989388142712414 ], [ 424716.854229784454219, 4389097.989388142712414 ], [ 424717.854229784454219, 4389096.989388142712414 ], [ 424718.854229784454219, 4389095.989388142712414 ], [ 424719.854229784454219, 4389094.989388142712414 ], [ 424720.854229784454219, 4389093.989388142712414 ], [ 424721.854229784454219, 4389093.989388142712414 ], [ 424722.854229784454219, 4389092.989388142712414 ], [ 424723.854229784454219, 4389091.989388142712414 ], [ 424723.854229784454219, 4389090.989388142712414 ], [ 424724.854229784454219, 4389089.989388142712414 ], [ 424725.854229784454219, 4389088.989388142712414 ], [ 424726.854229784454219, 4389087.989388142712414 ], [ 424727.854229784454219, 4389086.989388142712414 ], [ 424728.854229784454219, 4389085.989388142712414 ], [ 424729.854229784454219, 4389084.989388142712414 ], [ 424730.854229784454219, 4389083.989388142712414 ], [ 424731.854229784454219, 4389082.989388142712414 ], [ 424732.854229784454219, 4389081.989388142712414 ], [ 424733.854229784454219, 4389080.989388142712414 ], [ 424734.854229784454219, 4389080.989388142712414 ], [ 424735.854229784454219, 4389079.989388142712414 ], [ 424736.854229784454219, 4389078.989388142712414 ], [ 424737.854229784454219, 4389077.989388142712414 ], [ 424738.854229784454219, 4389077.989388142712414 ], [ 424739.854229784454219, 4389076.989388142712414 ], [ 424740.854229784454219, 4389075.989388142712414 ], [ 424741.854229784454219, 4389074.989388142712414 ], [ 424742.854229784454219, 4389074.989388142712414 ], [ 424743.854229784454219, 4389073.989388142712414 ], [ 424744.854229784454219, 4389073.989388142712414 ], [ 424745.854229784454219, 4389072.989388142712414 ], [ 424746.854229784454219, 4389071.989388142712414 ], [ 424747.854229784454219, 4389071.989388142712414 ], [ 424748.854229784454219, 4389070.989388142712414 ], [ 424749.854229784454219, 4389069.989388142712414 ], [ 424750.854229784454219, 4389069.989388142712414 ], [ 424751.854229784454219, 4389068.989388142712414 ], [ 424752.854229784454219, 4389067.989388142712414 ], [ 424753.854229784454219, 4389067.989388142712414 ], [ 424754.854229784454219, 4389066.989388142712414 ], [ 424755.854229784454219, 4389066.989388142712414 ], [ 424756.854229784454219, 4389065.989388142712414 ], [ 424757.854229784454219, 4389065.989388142712414 ], [ 424758.854229784454219, 4389065.989388142712414 ], [ 424759.854229784454219, 4389064.989388142712414 ], [ 424760.854229784454219, 4389064.989388142712414 ], [ 424761.854229784454219, 4389063.989388142712414 ], [ 424762.854229784454219, 4389063.989388142712414 ], [ 424763.854229784454219, 4389062.989388142712414 ], [ 424764.854229784454219, 4389062.989388142712414 ], [ 424765.854229784454219, 4389062.989388142712414 ], [ 424766.854229784454219, 4389061.989388142712414 ], [ 424767.854229784454219, 4389060.989388142712414 ], [ 424768.854229784454219, 4389060.989388142712414 ], [ 424769.854229784454219, 4389059.989388142712414 ], [ 424770.854229784454219, 4389059.989388142712414 ], [ 424771.854229784454219, 4389058.989388142712414 ], [ 424772.854229784454219, 4389058.989388142712414 ], [ 424773.854229784454219, 4389058.989388142712414 ], [ 424774.854229784454219, 4389057.989388142712414 ], [ 424775.854229784454219, 4389057.989388142712414 ], [ 424776.854229784454219, 4389056.989388142712414 ], [ 424777.854229784454219, 4389056.989388142712414 ], [ 424778.854229784454219, 4389055.989388142712414 ], [ 424779.854229784454219, 4389055.989388142712414 ], [ 424780.854229784454219, 4389054.989388142712414 ], [ 424781.854229784454219, 4389054.989388142712414 ], [ 424782.854229784454219, 4389054.989388142712414 ], [ 424783.854229784454219, 4389053.989388142712414 ], [ 424784.854229784454219, 4389053.989388142712414 ], [ 424785.854229784454219, 4389052.989388142712414 ], [ 424786.854229784454219, 4389052.989388142712414 ], [ 424787.854229784454219, 4389051.989388142712414 ], [ 424788.854229784454219, 4389051.989388142712414 ], [ 424789.854229784454219, 4389050.989388142712414 ], [ 424790.854229784454219, 4389050.989388142712414 ], [ 424791.854229784454219, 4389049.989388142712414 ], [ 424792.854229784454219, 4389049.989388142712414 ], [ 424793.854229784454219, 4389048.989388142712414 ], [ 424794.854229784454219, 4389048.989388142712414 ], [ 424795.854229784454219, 4389047.989388142712414 ], [ 424796.854229784454219, 4389046.989388142712414 ], [ 424797.854229784454219, 4389046.989388142712414 ], [ 424798.854229784454219, 4389045.989388142712414 ], [ 424799.854229784454219, 4389044.989388142712414 ], [ 424800.854229784454219, 4389044.989388142712414 ], [ 424801.854229784454219, 4389043.989388142712414 ], [ 424802.854229784454219, 4389042.989388142712414 ], [ 424803.854229784454219, 4389041.989388142712414 ], [ 424804.854229784454219, 4389040.989388142712414 ], [ 424805.854229784454219, 4389039.989388142712414 ], [ 424806.854229784454219, 4389038.989388142712414 ], [ 424807.854229784454219, 4389037.989388142712414 ], [ 424808.854229784454219, 4389036.989388142712414 ], [ 424808.854229784454219, 4389035.989388142712414 ], [ 424809.854229784454219, 4389034.989388142712414 ], [ 424810.854229784454219, 4389033.989388142712414 ], [ 424811.854229784454219, 4389032.989388142712414 ], [ 424812.854229784454219, 4389031.989388142712414 ], [ 424812.854229784454219, 4389030.989388142712414 ], [ 424813.854229784454219, 4389029.989388142712414 ], [ 424813.854229784454219, 4389028.989388142712414 ], [ 424813.854229784454219, 4389027.989388142712414 ], [ 424814.854229784454219, 4389026.989388142712414 ], [ 424815.854229784454219, 4389025.989388142712414 ], [ 424815.854229784454219, 4389024.989388142712414 ], [ 424815.854229784454219, 4389023.989388142712414 ], [ 424816.854229784454219, 4389022.989388142712414 ], [ 424816.854229784454219, 4389021.989388142712414 ], [ 424816.854229784454219, 4389020.989388142712414 ], [ 424817.854229784454219, 4389019.989388142712414 ], [ 424817.854229784454219, 4389018.989388142712414 ], [ 424817.854229784454219, 4389017.989388142712414 ], [ 424817.854229784454219, 4389016.989388142712414 ], [ 424816.854229784454219, 4389015.989388142712414 ], [ 424817.854229784454219, 4389015.989388142712414 ], [ 424818.854229784454219, 4389015.989388142712414 ], [ 424819.854229784454219, 4389015.989388142712414 ], [ 424815.854229784454219, 4389014.989388142712414 ], [ 424820.854229784454219, 4389014.989388142712414 ], [ 424821.854229784454219, 4389014.989388142712414 ], [ 424814.854229784454219, 4389013.989388142712414 ], [ 424822.854229784454219, 4389013.989388142712414 ], [ 424813.854229784454219, 4389012.989388142712414 ], [ 424823.854229784454219, 4389012.989388142712414 ], [ 424824.854229784454219, 4389012.989388142712414 ], [ 424812.854229784454219, 4389011.989388142712414 ], [ 424825.854229784454219, 4389011.989388142712414 ], [ 424826.854229784454219, 4389011.989388142712414 ], [ 424811.854229784454219, 4389010.989388142712414 ], [ 424827.854229784454219, 4389010.989388142712414 ], [ 424811.854229784454219, 4389009.989388142712414 ], [ 424828.854229784454219, 4389009.989388142712414 ], [ 424811.854229784454219, 4389008.989388142712414 ], [ 424829.854229784454219, 4389008.989388142712414 ], [ 424830.854229784454219, 4389008.989388142712414 ], [ 424811.854229784454219, 4389007.989388142712414 ], [ 424831.854229784454219, 4389007.989388142712414 ], [ 424832.854229784454219, 4389007.989388142712414 ], [ 424811.854229784454219, 4389006.989388142712414 ], [ 424833.854229784454219, 4389006.989388142712414 ], [ 424811.854229784454219, 4389005.989388142712414 ], [ 424834.854229784454219, 4389005.989388142712414 ], [ 424835.854229784454219, 4389005.989388142712414 ], [ 424811.854229784454219, 4389004.989388142712414 ], [ 424836.854229784454219, 4389004.989388142712414 ], [ 424811.854229784454219, 4389003.989388142712414 ], [ 424837.854229784454219, 4389003.989388142712414 ], [ 424811.854229784454219, 4389002.989388142712414 ], [ 424838.854229784454219, 4389002.989388142712414 ], [ 424839.854229784454219, 4389002.989388142712414 ], [ 424810.854229784454219, 4389001.989388142712414 ], [ 424840.854229784454219, 4389001.989388142712414 ], [ 424810.854229784454219, 4389000.989388142712414 ], [ 424841.854229784454219, 4389000.989388142712414 ], [ 424810.854229784454219, 4388999.989388142712414 ], [ 424842.854229784454219, 4388999.989388142712414 ], [ 424843.854229784454219, 4388999.989388142712414 ], [ 424810.854229784454219, 4388998.989388142712414 ], [ 424844.854229784454219, 4388998.989388142712414 ], [ 424810.854229784454219, 4388997.989388142712414 ], [ 424845.854229784454219, 4388997.989388142712414 ], [ 424846.854229784454219, 4388997.989388142712414 ], [ 424810.854229784454219, 4388996.989388142712414 ], [ 424847.854229784454219, 4388996.989388142712414 ], [ 424809.854229784454219, 4388995.989388142712414 ], [ 424848.854229784454219, 4388995.989388142712414 ], [ 424809.854229784454219, 4388994.989388142712414 ], [ 424849.854229784454219, 4388994.989388142712414 ], [ 424809.854229784454219, 4388993.989388142712414 ], [ 424850.854229784454219, 4388993.989388142712414 ], [ 424809.854229784454219, 4388992.989388142712414 ], [ 424851.854229784454219, 4388992.989388142712414 ], [ 424808.854229784454219, 4388991.989388142712414 ], [ 424852.854229784454219, 4388991.989388142712414 ], [ 424808.854229784454219, 4388990.989388142712414 ], [ 424852.854229784454219, 4388990.989388142712414 ], [ 424808.854229784454219, 4388989.989388142712414 ], [ 424853.854229784454219, 4388989.989388142712414 ], [ 424808.854229784454219, 4388988.989388142712414 ], [ 424853.854229784454219, 4388988.989388142712414 ], [ 424807.854229784454219, 4388987.989388142712414 ], [ 424854.854229784454219, 4388987.989388142712414 ], [ 424807.854229784454219, 4388986.989388142712414 ], [ 424854.854229784454219, 4388986.989388142712414 ], [ 424807.854229784454219, 4388985.989388142712414 ], [ 424854.854229784454219, 4388985.989388142712414 ], [ 424807.854229784454219, 4388984.989388142712414 ], [ 424855.854229784454219, 4388984.989388142712414 ], [ 424807.854229784454219, 4388983.989388142712414 ], [ 424855.854229784454219, 4388983.989388142712414 ], [ 424807.854229784454219, 4388982.989388142712414 ], [ 424856.854229784454219, 4388982.989388142712414 ], [ 424807.854229784454219, 4388981.989388142712414 ], [ 424856.854229784454219, 4388981.989388142712414 ], [ 424807.854229784454219, 4388980.989388142712414 ], [ 424857.854229784454219, 4388980.989388142712414 ], [ 424807.854229784454219, 4388979.989388142712414 ], [ 424857.854229784454219, 4388979.989388142712414 ], [ 424807.854229784454219, 4388978.989388142712414 ], [ 424858.854229784454219, 4388978.989388142712414 ], [ 424807.854229784454219, 4388977.989388142712414 ], [ 424858.854229784454219, 4388977.989388142712414 ], [ 424807.854229784454219, 4388976.989388142712414 ], [ 424859.854229784454219, 4388976.989388142712414 ], [ 424807.854229784454219, 4388975.989388142712414 ], [ 424860.854229784454219, 4388975.989388142712414 ], [ 424807.854229784454219, 4388974.989388142712414 ], [ 424860.854229784454219, 4388974.989388142712414 ], [ 424807.854229784454219, 4388973.989388142712414 ], [ 424861.854229784454219, 4388973.989388142712414 ], [ 424807.854229784454219, 4388972.989388142712414 ], [ 424861.854229784454219, 4388972.989388142712414 ], [ 424807.854229784454219, 4388971.989388142712414 ], [ 424862.854229784454219, 4388971.989388142712414 ], [ 424807.854229784454219, 4388970.989388142712414 ], [ 424862.854229784454219, 4388970.989388142712414 ], [ 424807.854229784454219, 4388969.989388142712414 ], [ 424863.854229784454219, 4388969.989388142712414 ], [ 424807.854229784454219, 4388968.989388142712414 ], [ 424863.854229784454219, 4388968.989388142712414 ], [ 424807.854229784454219, 4388967.989388142712414 ], [ 424864.854229784454219, 4388967.989388142712414 ], [ 424807.854229784454219, 4388966.989388142712414 ], [ 424865.854229784454219, 4388966.989388142712414 ], [ 424808.854229784454219, 4388965.989388142712414 ], [ 424865.854229784454219, 4388965.989388142712414 ], [ 424808.854229784454219, 4388964.989388142712414 ], [ 424866.854229784454219, 4388964.989388142712414 ], [ 424808.854229784454219, 4388963.989388142712414 ], [ 424866.854229784454219, 4388963.989388142712414 ], [ 424808.854229784454219, 4388962.989388142712414 ], [ 424866.854229784454219, 4388962.989388142712414 ], [ 424808.854229784454219, 4388961.989388142712414 ], [ 424867.854229784454219, 4388961.989388142712414 ], [ 424808.854229784454219, 4388960.989388142712414 ], [ 424868.854229784454219, 4388960.989388142712414 ], [ 424808.854229784454219, 4388959.989388142712414 ], [ 424868.854229784454219, 4388959.989388142712414 ], [ 424808.854229784454219, 4388958.989388142712414 ], [ 424869.854229784454219, 4388958.989388142712414 ], [ 424808.854229784454219, 4388957.989388142712414 ], [ 424869.854229784454219, 4388957.989388142712414 ], [ 424808.854229784454219, 4388956.989388142712414 ], [ 424870.854229784454219, 4388956.989388142712414 ], [ 424808.854229784454219, 4388955.989388142712414 ], [ 424870.854229784454219, 4388955.989388142712414 ], [ 424808.854229784454219, 4388954.989388142712414 ], [ 424871.854229784454219, 4388954.989388142712414 ], [ 424808.854229784454219, 4388953.989388142712414 ], [ 424871.854229784454219, 4388953.989388142712414 ], [ 424808.854229784454219, 4388952.989388142712414 ], [ 424871.854229784454219, 4388952.989388142712414 ], [ 424808.854229784454219, 4388951.989388142712414 ], [ 424871.854229784454219, 4388951.989388142712414 ], [ 424808.854229784454219, 4388950.989388142712414 ], [ 424872.854229784454219, 4388950.989388142712414 ], [ 424808.854229784454219, 4388949.989388142712414 ], [ 424872.854229784454219, 4388949.989388142712414 ], [ 424808.854229784454219, 4388948.989388142712414 ], [ 424872.854229784454219, 4388948.989388142712414 ], [ 424808.854229784454219, 4388947.989388142712414 ], [ 424872.854229784454219, 4388947.989388142712414 ], [ 424808.854229784454219, 4388946.989388142712414 ], [ 424872.854229784454219, 4388946.989388142712414 ], [ 424808.854229784454219, 4388945.989388142712414 ], [ 424872.854229784454219, 4388945.989388142712414 ], [ 424808.854229784454219, 4388944.989388142712414 ], [ 424873.854229784454219, 4388944.989388142712414 ], [ 424808.854229784454219, 4388943.989388142712414 ], [ 424872.854229784454219, 4388943.989388142712414 ], [ 424808.854229784454219, 4388942.989388142712414 ], [ 424872.854229784454219, 4388942.989388142712414 ], [ 424808.854229784454219, 4388941.989388142712414 ], [ 424872.854229784454219, 4388941.989388142712414 ], [ 424808.854229784454219, 4388940.989388142712414 ], [ 424872.854229784454219, 4388940.989388142712414 ], [ 424808.854229784454219, 4388939.989388142712414 ], [ 424872.854229784454219, 4388939.989388142712414 ], [ 424808.854229784454219, 4388938.989388142712414 ], [ 424872.854229784454219, 4388938.989388142712414 ], [ 424808.854229784454219, 4388937.989388142712414 ], [ 424872.854229784454219, 4388937.989388142712414 ], [ 424808.854229784454219, 4388936.989388142712414 ], [ 424872.854229784454219, 4388936.989388142712414 ], [ 424808.854229784454219, 4388935.989388142712414 ], [ 424872.854229784454219, 4388935.989388142712414 ], [ 424808.854229784454219, 4388934.989388142712414 ], [ 424872.854229784454219, 4388934.989388142712414 ], [ 424809.854229784454219, 4388933.989388142712414 ], [ 424872.854229784454219, 4388933.989388142712414 ], [ 424809.854229784454219, 4388932.989388142712414 ], [ 424872.854229784454219, 4388932.989388142712414 ], [ 424809.854229784454219, 4388931.989388142712414 ], [ 424871.854229784454219, 4388931.989388142712414 ], [ 424809.854229784454219, 4388930.989388142712414 ], [ 424871.854229784454219, 4388930.989388142712414 ], [ 424809.854229784454219, 4388929.989388142712414 ], [ 424871.854229784454219, 4388929.989388142712414 ], [ 424809.854229784454219, 4388928.989388142712414 ], [ 424871.854229784454219, 4388928.989388142712414 ], [ 424809.854229784454219, 4388927.989388142712414 ], [ 424871.854229784454219, 4388927.989388142712414 ], [ 424809.854229784454219, 4388926.989388142712414 ], [ 424871.854229784454219, 4388926.989388142712414 ], [ 424809.854229784454219, 4388925.989388142712414 ], [ 424871.854229784454219, 4388925.989388142712414 ], [ 424809.854229784454219, 4388924.989388142712414 ], [ 424871.854229784454219, 4388924.989388142712414 ], [ 424809.854229784454219, 4388923.989388142712414 ], [ 424871.854229784454219, 4388923.989388142712414 ], [ 424809.854229784454219, 4388922.989388142712414 ], [ 424871.854229784454219, 4388922.989388142712414 ], [ 424809.854229784454219, 4388921.989388142712414 ], [ 424871.854229784454219, 4388921.989388142712414 ], [ 424809.854229784454219, 4388920.989388142712414 ], [ 424871.854229784454219, 4388920.989388142712414 ], [ 424810.854229784454219, 4388919.989388142712414 ], [ 424870.854229784454219, 4388919.989388142712414 ], [ 424810.854229784454219, 4388918.989388142712414 ], [ 424870.854229784454219, 4388918.989388142712414 ], [ 424810.854229784454219, 4388917.989388142712414 ], [ 424870.854229784454219, 4388917.989388142712414 ], [ 424810.854229784454219, 4388916.989388142712414 ], [ 424870.854229784454219, 4388916.989388142712414 ], [ 424810.854229784454219, 4388915.989388142712414 ], [ 424870.854229784454219, 4388915.989388142712414 ], [ 424810.854229784454219, 4388914.989388142712414 ], [ 424869.854229784454219, 4388914.989388142712414 ], [ 424810.854229784454219, 4388913.989388142712414 ], [ 424869.854229784454219, 4388913.989388142712414 ], [ 424810.854229784454219, 4388912.989388142712414 ], [ 424869.854229784454219, 4388912.989388142712414 ], [ 424810.854229784454219, 4388911.989388142712414 ], [ 424869.854229784454219, 4388911.989388142712414 ], [ 424810.854229784454219, 4388910.989388142712414 ], [ 424868.854229784454219, 4388910.989388142712414 ], [ 424811.854229784454219, 4388909.989388142712414 ], [ 424868.854229784454219, 4388909.989388142712414 ], [ 424811.854229784454219, 4388908.989388142712414 ], [ 424868.854229784454219, 4388908.989388142712414 ], [ 424811.854229784454219, 4388907.989388142712414 ], [ 424867.854229784454219, 4388907.989388142712414 ], [ 424811.854229784454219, 4388906.989388142712414 ], [ 424867.854229784454219, 4388906.989388142712414 ], [ 424812.854229784454219, 4388905.989388142712414 ], [ 424867.854229784454219, 4388905.989388142712414 ], [ 424812.854229784454219, 4388904.989388142712414 ], [ 424867.854229784454219, 4388904.989388142712414 ], [ 424812.854229784454219, 4388903.989388142712414 ], [ 424867.854229784454219, 4388903.989388142712414 ], [ 424812.854229784454219, 4388902.989388142712414 ], [ 424866.854229784454219, 4388902.989388142712414 ], [ 424812.854229784454219, 4388901.989388142712414 ], [ 424866.854229784454219, 4388901.989388142712414 ], [ 424813.854229784454219, 4388900.989388142712414 ], [ 424866.854229784454219, 4388900.989388142712414 ], [ 424813.854229784454219, 4388899.989388142712414 ], [ 424865.854229784454219, 4388899.989388142712414 ], [ 424813.854229784454219, 4388898.989388142712414 ], [ 424865.854229784454219, 4388898.989388142712414 ], [ 424813.854229784454219, 4388897.989388142712414 ], [ 424864.854229784454219, 4388897.989388142712414 ], [ 424814.854229784454219, 4388896.989388142712414 ], [ 424864.854229784454219, 4388896.989388142712414 ], [ 424814.854229784454219, 4388895.989388142712414 ], [ 424864.854229784454219, 4388895.989388142712414 ], [ 424814.854229784454219, 4388894.989388142712414 ], [ 424864.854229784454219, 4388894.989388142712414 ], [ 424814.854229784454219, 4388893.989388142712414 ], [ 424863.854229784454219, 4388893.989388142712414 ], [ 424815.854229784454219, 4388892.989388142712414 ], [ 424863.854229784454219, 4388892.989388142712414 ], [ 424815.854229784454219, 4388891.989388142712414 ], [ 424861.854229784454219, 4388891.989388142712414 ], [ 424862.854229784454219, 4388891.989388142712414 ], [ 424864.854229784454219, 4388891.989388142712414 ], [ 424815.854229784454219, 4388890.989388142712414 ], [ 424859.854229784454219, 4388890.989388142712414 ], [ 424860.854229784454219, 4388890.989388142712414 ], [ 424865.854229784454219, 4388890.989388142712414 ], [ 424816.854229784454219, 4388889.989388142712414 ], [ 424858.854229784454219, 4388889.989388142712414 ], [ 424866.854229784454219, 4388889.989388142712414 ], [ 424816.854229784454219, 4388888.989388142712414 ], [ 424856.854229784454219, 4388888.989388142712414 ], [ 424857.854229784454219, 4388888.989388142712414 ], [ 424867.854229784454219, 4388888.989388142712414 ], [ 424816.854229784454219, 4388887.989388142712414 ], [ 424855.854229784454219, 4388887.989388142712414 ], [ 424868.854229784454219, 4388887.989388142712414 ], [ 424817.854229784454219, 4388886.989388142712414 ], [ 424855.854229784454219, 4388886.989388142712414 ], [ 424869.854229784454219, 4388886.989388142712414 ], [ 424817.854229784454219, 4388885.989388142712414 ], [ 424855.854229784454219, 4388885.989388142712414 ], [ 424870.854229784454219, 4388885.989388142712414 ], [ 424818.854229784454219, 4388884.989388142712414 ], [ 424855.854229784454219, 4388884.989388142712414 ], [ 424870.854229784454219, 4388884.989388142712414 ], [ 424818.854229784454219, 4388883.989388142712414 ], [ 424855.854229784454219, 4388883.989388142712414 ], [ 424870.854229784454219, 4388883.989388142712414 ], [ 424819.854229784454219, 4388882.989388142712414 ], [ 424855.854229784454219, 4388882.989388142712414 ], [ 424870.854229784454219, 4388882.989388142712414 ], [ 424819.854229784454219, 4388881.989388142712414 ], [ 424855.854229784454219, 4388881.989388142712414 ], [ 424869.854229784454219, 4388881.989388142712414 ], [ 424819.854229784454219, 4388880.989388142712414 ], [ 424855.854229784454219, 4388880.989388142712414 ], [ 424869.854229784454219, 4388880.989388142712414 ], [ 424820.854229784454219, 4388879.989388142712414 ], [ 424855.854229784454219, 4388879.989388142712414 ], [ 424869.854229784454219, 4388879.989388142712414 ], [ 424820.854229784454219, 4388878.989388142712414 ], [ 424854.854229784454219, 4388878.989388142712414 ], [ 424869.854229784454219, 4388878.989388142712414 ], [ 424821.854229784454219, 4388877.989388142712414 ], [ 424854.854229784454219, 4388877.989388142712414 ], [ 424869.854229784454219, 4388877.989388142712414 ], [ 424821.854229784454219, 4388876.989388142712414 ], [ 424854.854229784454219, 4388876.989388142712414 ], [ 424869.854229784454219, 4388876.989388142712414 ], [ 424821.854229784454219, 4388875.989388142712414 ], [ 424854.854229784454219, 4388875.989388142712414 ], [ 424869.854229784454219, 4388875.989388142712414 ], [ 424822.854229784454219, 4388874.989388142712414 ], [ 424854.854229784454219, 4388874.989388142712414 ], [ 424869.854229784454219, 4388874.989388142712414 ], [ 424822.854229784454219, 4388873.989388142712414 ], [ 424854.854229784454219, 4388873.989388142712414 ], [ 424869.854229784454219, 4388873.989388142712414 ], [ 424823.854229784454219, 4388872.989388142712414 ], [ 424854.854229784454219, 4388872.989388142712414 ], [ 424869.854229784454219, 4388872.989388142712414 ], [ 424823.854229784454219, 4388871.989388142712414 ], [ 424854.854229784454219, 4388871.989388142712414 ], [ 424868.854229784454219, 4388871.989388142712414 ], [ 424823.854229784454219, 4388870.989388142712414 ], [ 424854.854229784454219, 4388870.989388142712414 ], [ 424868.854229784454219, 4388870.989388142712414 ], [ 424824.854229784454219, 4388869.989388142712414 ], [ 424854.854229784454219, 4388869.989388142712414 ], [ 424868.854229784454219, 4388869.989388142712414 ], [ 424824.854229784454219, 4388868.989388142712414 ], [ 424854.854229784454219, 4388868.989388142712414 ], [ 424868.854229784454219, 4388868.989388142712414 ], [ 424825.854229784454219, 4388867.989388142712414 ], [ 424854.854229784454219, 4388867.989388142712414 ], [ 424868.854229784454219, 4388867.989388142712414 ], [ 424825.854229784454219, 4388866.989388142712414 ], [ 424854.854229784454219, 4388866.989388142712414 ], [ 424868.854229784454219, 4388866.989388142712414 ], [ 424826.854229784454219, 4388865.989388142712414 ], [ 424854.854229784454219, 4388865.989388142712414 ], [ 424868.854229784454219, 4388865.989388142712414 ], [ 424826.854229784454219, 4388864.989388142712414 ], [ 424854.854229784454219, 4388864.989388142712414 ], [ 424868.854229784454219, 4388864.989388142712414 ], [ 424826.854229784454219, 4388863.989388142712414 ], [ 424854.854229784454219, 4388863.989388142712414 ], [ 424868.854229784454219, 4388863.989388142712414 ], [ 424827.854229784454219, 4388862.989388142712414 ], [ 424854.854229784454219, 4388862.989388142712414 ], [ 424867.854229784454219, 4388862.989388142712414 ], [ 424827.854229784454219, 4388861.989388142712414 ], [ 424854.854229784454219, 4388861.989388142712414 ], [ 424866.854229784454219, 4388861.989388142712414 ], [ 424827.854229784454219, 4388860.989388142712414 ], [ 424854.854229784454219, 4388860.989388142712414 ], [ 424865.854229784454219, 4388860.989388142712414 ], [ 424828.854229784454219, 4388859.989388142712414 ], [ 424854.854229784454219, 4388859.989388142712414 ], [ 424864.854229784454219, 4388859.989388142712414 ], [ 424828.854229784454219, 4388858.989388142712414 ], [ 424854.854229784454219, 4388858.989388142712414 ], [ 424862.854229784454219, 4388858.989388142712414 ], [ 424863.854229784454219, 4388858.989388142712414 ], [ 424829.854229784454219, 4388857.989388142712414 ], [ 424854.854229784454219, 4388857.989388142712414 ], [ 424861.854229784454219, 4388857.989388142712414 ], [ 424829.854229784454219, 4388856.989388142712414 ], [ 424855.854229784454219, 4388856.989388142712414 ], [ 424860.854229784454219, 4388856.989388142712414 ], [ 424829.854229784454219, 4388855.989388142712414 ], [ 424856.854229784454219, 4388855.989388142712414 ], [ 424858.854229784454219, 4388855.989388142712414 ], [ 424859.854229784454219, 4388855.989388142712414 ], [ 424830.854229784454219, 4388854.989388142712414 ], [ 424857.854229784454219, 4388854.989388142712414 ], [ 424830.854229784454219, 4388853.989388142712414 ], [ 424857.854229784454219, 4388853.989388142712414 ], [ 424830.854229784454219, 4388852.989388142712414 ], [ 424856.854229784454219, 4388852.989388142712414 ], [ 424831.854229784454219, 4388851.989388142712414 ], [ 424855.854229784454219, 4388851.989388142712414 ], [ 424832.854229784454219, 4388850.989388142712414 ], [ 424854.854229784454219, 4388850.989388142712414 ], [ 424833.854229784454219, 4388849.989388142712414 ], [ 424853.854229784454219, 4388849.989388142712414 ], [ 424834.854229784454219, 4388848.989388142712414 ], [ 424835.854229784454219, 4388848.989388142712414 ], [ 424852.854229784454219, 4388848.989388142712414 ], [ 424836.854229784454219, 4388847.989388142712414 ], [ 424837.854229784454219, 4388847.989388142712414 ], [ 424851.854229784454219, 4388847.989388142712414 ], [ 424838.854229784454219, 4388846.989388142712414 ], [ 424839.854229784454219, 4388846.989388142712414 ], [ 424850.854229784454219, 4388846.989388142712414 ], [ 424840.854229784454219, 4388845.989388142712414 ], [ 424841.854229784454219, 4388845.989388142712414 ], [ 424849.854229784454219, 4388845.989388142712414 ], [ 424842.854229784454219, 4388844.989388142712414 ], [ 424848.854229784454219, 4388844.989388142712414 ], [ 424843.854229784454219, 4388843.989388142712414 ], [ 424844.854229784454219, 4388843.989388142712414 ], [ 424847.854229784454219, 4388843.989388142712414 ], [ 424845.854229784454219, 4388842.989388142712414 ], [ 424846.854229784454219, 4388842.989388142712414 ], [ 424846.854229784454219, 4388841.989388142712414 ], [ 424846.854229784454219, 4388840.989388142712414 ], [ 424846.854229784454219, 4388839.989388142712414 ], [ 424847.854229784454219, 4388838.989388142712414 ], [ 424847.854229784454219, 4388837.989388142712414 ], [ 424847.854229784454219, 4388836.989388142712414 ], [ 424847.854229784454219, 4388835.989388142712414 ], [ 424847.854229784454219, 4388834.989388142712414 ], [ 424847.854229784454219, 4388833.989388142712414 ], [ 424848.854229784454219, 4388832.989388142712414 ], [ 424848.854229784454219, 4388831.989388142712414 ], [ 424848.854229784454219, 4388830.989388142712414 ], [ 424848.854229784454219, 4388829.989388142712414 ], [ 424848.854229784454219, 4388828.989388142712414 ], [ 424848.854229784454219, 4388827.989388142712414 ], [ 424849.854229784454219, 4388826.989388142712414 ], [ 424849.854229784454219, 4388825.989388142712414 ], [ 424849.854229784454219, 4388824.989388142712414 ], [ 424849.854229784454219, 4388823.989388142712414 ], [ 424849.854229784454219, 4388822.989388142712414 ], [ 424850.854229784454219, 4388821.989388142712414 ], [ 424850.854229784454219, 4388820.989388142712414 ], [ 424851.854229784454219, 4388819.989388142712414 ], [ 424851.854229784454219, 4388818.989388142712414 ], [ 424852.854229784454219, 4388817.989388142712414 ], [ 424852.854229784454219, 4388816.989388142712414 ], [ 424853.854229784454219, 4388815.989388142712414 ], [ 424853.854229784454219, 4388814.989388142712414 ], [ 424853.854229784454219, 4388813.989388142712414 ], [ 424853.854229784454219, 4388812.989388142712414 ], [ 424854.854229784454219, 4388811.989388142712414 ], [ 424855.854229784454219, 4388810.989388142712414 ], [ 424855.854229784454219, 4388809.989388142712414 ], [ 424856.854229784454219, 4388808.989388142712414 ], [ 424856.854229784454219, 4388807.989388142712414 ], [ 424857.854229784454219, 4388806.989388142712414 ], [ 424857.854229784454219, 4388805.989388142712414 ], [ 424858.854229784454219, 4388804.989388142712414 ], [ 424858.854229784454219, 4388803.989388142712414 ], [ 424859.854229784454219, 4388802.989388142712414 ], [ 424859.854229784454219, 4388801.989388142712414 ], [ 424860.854229784454219, 4388800.989388142712414 ], [ 424860.854229784454219, 4388799.989388142712414 ], [ 424861.854229784454219, 4388798.989388142712414 ], [ 424862.854229784454219, 4388797.989388142712414 ], [ 424862.854229784454219, 4388796.989388142712414 ], [ 424863.854229784454219, 4388795.989388142712414 ], [ 424863.854229784454219, 4388794.989388142712414 ], [ 424864.854229784454219, 4388793.989388142712414 ], [ 424864.854229784454219, 4388792.989388142712414 ], [ 424865.854229784454219, 4388791.989388142712414 ], [ 424865.854229784454219, 4388790.989388142712414 ], [ 424866.854229784454219, 4388789.989388142712414 ], [ 424866.854229784454219, 4388788.989388142712414 ], [ 424867.854229784454219, 4388787.989388142712414 ], [ 424867.854229784454219, 4388786.989388142712414 ], [ 424868.854229784454219, 4388785.989388142712414 ], [ 424868.854229784454219, 4388784.989388142712414 ], [ 424868.854229784454219, 4388783.989388142712414 ], [ 424869.854229784454219, 4388782.989388142712414 ], [ 424869.854229784454219, 4388781.989388142712414 ], [ 424869.854229784454219, 4388780.989388142712414 ], [ 424870.854229784454219, 4388779.989388142712414 ], [ 424870.854229784454219, 4388778.989388142712414 ], [ 424870.854229784454219, 4388777.989388142712414 ], [ 424870.854229784454219, 4388776.989388142712414 ], [ 424871.854229784454219, 4388775.989388142712414 ], [ 424871.854229784454219, 4388774.989388142712414 ], [ 424871.854229784454219, 4388773.989388142712414 ], [ 424872.854229784454219, 4388772.989388142712414 ], [ 424872.854229784454219, 4388771.989388142712414 ], [ 424872.854229784454219, 4388770.989388142712414 ], [ 424873.854229784454219, 4388769.989388142712414 ], [ 424873.854229784454219, 4388768.989388142712414 ], [ 424873.854229784454219, 4388767.989388142712414 ], [ 424874.854229784454219, 4388766.989388142712414 ], [ 424874.854229784454219, 4388765.989388142712414 ], [ 424875.854229784454219, 4388764.989388142712414 ], [ 424875.854229784454219, 4388763.989388142712414 ], [ 424875.854229784454219, 4388762.989388142712414 ], [ 424876.854229784454219, 4388761.989388142712414 ], [ 424876.854229784454219, 4388760.989388142712414 ], [ 424876.854229784454219, 4388759.989388142712414 ], [ 424877.854229784454219, 4388758.989388142712414 ], [ 424877.854229784454219, 4388757.989388142712414 ], [ 424878.854229784454219, 4388756.989388142712414 ], [ 424878.854229784454219, 4388755.989388142712414 ], [ 424879.854229784454219, 4388754.989388142712414 ], [ 424879.854229784454219, 4388753.989388142712414 ], [ 424879.854229784454219, 4388752.989388142712414 ], [ 424880.854229784454219, 4388751.989388142712414 ], [ 424880.854229784454219, 4388750.989388142712414 ], [ 424880.854229784454219, 4388749.989388142712414 ], [ 424881.854229784454219, 4388748.989388142712414 ], [ 424881.854229784454219, 4388747.989388142712414 ], [ 424881.854229784454219, 4388746.989388142712414 ], [ 424881.854229784454219, 4388745.989388142712414 ], [ 424882.854229784454219, 4388744.989388142712414 ], [ 424882.854229784454219, 4388743.989388142712414 ], [ 424882.854229784454219, 4388742.989388142712414 ], [ 424883.854229784454219, 4388741.989388142712414 ], [ 424883.854229784454219, 4388740.989388142712414 ], [ 424884.854229784454219, 4388739.989388142712414 ], [ 424884.854229784454219, 4388738.989388142712414 ], [ 424885.854229784454219, 4388737.989388142712414 ], [ 424885.854229784454219, 4388736.989388142712414 ], [ 424885.854229784454219, 4388735.989388142712414 ], [ 424886.854229784454219, 4388734.989388142712414 ], [ 424887.854229784454219, 4388733.989388142712414 ], [ 424887.854229784454219, 4388732.989388142712414 ], [ 424887.854229784454219, 4388731.989388142712414 ], [ 424887.854229784454219, 4388730.989388142712414 ], [ 424888.854229784454219, 4388729.989388142712414 ], [ 424889.854229784454219, 4388728.989388142712414 ], [ 424889.854229784454219, 4388727.989388142712414 ], [ 424889.854229784454219, 4388726.989388142712414 ], [ 424889.854229784454219, 4388725.989388142712414 ], [ 424890.854229784454219, 4388724.989388142712414 ], [ 424891.854229784454219, 4388723.989388142712414 ], [ 424891.854229784454219, 4388722.989388142712414 ], [ 424891.854229784454219, 4388721.989388142712414 ], [ 424892.854229784454219, 4388720.989388142712414 ], [ 424892.854229784454219, 4388719.989388142712414 ], [ 424892.854229784454219, 4388718.989388142712414 ], [ 424893.854229784454219, 4388717.989388142712414 ], [ 424894.854229784454219, 4388716.989388142712414 ], [ 424894.854229784454219, 4388715.989388142712414 ], [ 424895.854229784454219, 4388714.989388142712414 ], [ 424895.854229784454219, 4388713.989388142712414 ], [ 424895.854229784454219, 4388712.989388142712414 ], [ 424896.854229784454219, 4388711.989388142712414 ], [ 424896.854229784454219, 4388710.989388142712414 ], [ 424896.854229784454219, 4388709.989388142712414 ], [ 424897.854229784454219, 4388708.989388142712414 ], [ 424897.854229784454219, 4388707.989388142712414 ], [ 424898.854229784454219, 4388706.989388142712414 ], [ 424898.854229784454219, 4388705.989388142712414 ], [ 424898.854229784454219, 4388704.989388142712414 ], [ 424899.854229784454219, 4388703.989388142712414 ], [ 424899.854229784454219, 4388702.989388142712414 ], [ 424899.854229784454219, 4388701.989388142712414 ], [ 424899.854229784454219, 4388700.989388142712414 ], [ 424900.854229784454219, 4388699.989388142712414 ], [ 424900.854229784454219, 4388698.989388142712414 ], [ 424900.854229784454219, 4388697.989388142712414 ], [ 424901.854229784454219, 4388696.989388142712414 ], [ 424901.854229784454219, 4388695.989388142712414 ], [ 424901.854229784454219, 4388694.989388142712414 ], [ 424901.854229784454219, 4388693.989388142712414 ], [ 424901.854229784454219, 4388692.989388142712414 ], [ 424902.854229784454219, 4388691.989388142712414 ], [ 424902.854229784454219, 4388690.989388142712414 ], [ 424902.854229784454219, 4388689.989388142712414 ], [ 424902.854229784454219, 4388688.989388142712414 ], [ 424903.854229784454219, 4388687.989388142712414 ], [ 424903.854229784454219, 4388686.989388142712414 ], [ 424903.854229784454219, 4388685.989388142712414 ], [ 424903.854229784454219, 4388684.989388142712414 ], [ 424904.854229784454219, 4388683.989388142712414 ], [ 424904.854229784454219, 4388682.989388142712414 ], [ 424904.854229784454219, 4388681.989388142712414 ], [ 424904.854229784454219, 4388680.989388142712414 ], [ 424904.854229784454219, 4388679.989388142712414 ], [ 424904.854229784454219, 4388678.989388142712414 ], [ 424905.854229784454219, 4388677.989388142712414 ], [ 424905.854229784454219, 4388676.989388142712414 ], [ 424905.854229784454219, 4388675.989388142712414 ], [ 424905.854229784454219, 4388674.989388142712414 ], [ 424905.854229784454219, 4388673.989388142712414 ], [ 424905.854229784454219, 4388672.989388142712414 ], [ 424906.854229784454219, 4388671.989388142712414 ], [ 424906.854229784454219, 4388670.989388142712414 ], [ 424906.854229784454219, 4388669.989388142712414 ], [ 424906.854229784454219, 4388668.989388142712414 ], [ 424906.854229784454219, 4388667.989388142712414 ], [ 424906.854229784454219, 4388666.989388142712414 ], [ 424906.854229784454219, 4388665.989388142712414 ], [ 424906.854229784454219, 4388664.989388142712414 ], [ 424906.854229784454219, 4388663.989388142712414 ], [ 424906.854229784454219, 4388662.989388142712414 ], [ 424906.854229784454219, 4388661.989388142712414 ], [ 424907.854229784454219, 4388660.989388142712414 ], [ 424907.854229784454219, 4388659.989388142712414 ], [ 424907.854229784454219, 4388658.989388142712414 ], [ 424907.854229784454219, 4388657.989388142712414 ], [ 424907.854229784454219, 4388656.989388142712414 ], [ 424907.854229784454219, 4388655.989388142712414 ], [ 424907.854229784454219, 4388654.989388142712414 ], [ 424907.854229784454219, 4388653.989388142712414 ], [ 424907.854229784454219, 4388652.989388142712414 ], [ 424907.854229784454219, 4388651.989388142712414 ], [ 424908.854229784454219, 4388650.989388142712414 ], [ 424908.854229784454219, 4388649.989388142712414 ], [ 424908.854229784454219, 4388648.989388142712414 ], [ 424908.854229784454219, 4388647.989388142712414 ], [ 424908.854229784454219, 4388646.989388142712414 ], [ 424908.854229784454219, 4388645.989388142712414 ], [ 424909.854229784454219, 4388644.989388142712414 ], [ 424909.854229784454219, 4388643.989388142712414 ], [ 424909.854229784454219, 4388642.989388142712414 ], [ 424909.854229784454219, 4388641.989388142712414 ], [ 424909.854229784454219, 4388640.989388142712414 ], [ 424909.854229784454219, 4388639.989388142712414 ], [ 424910.854229784454219, 4388638.989388142712414 ], [ 424910.854229784454219, 4388637.989388142712414 ], [ 424910.854229784454219, 4388636.989388142712414 ], [ 424910.854229784454219, 4388635.989388142712414 ], [ 424910.854229784454219, 4388634.989388142712414 ], [ 424911.854229784454219, 4388633.989388142712414 ], [ 424911.854229784454219, 4388632.989388142712414 ], [ 424911.854229784454219, 4388631.989388142712414 ], [ 424911.854229784454219, 4388630.989388142712414 ], [ 424911.854229784454219, 4388629.989388142712414 ], [ 424912.854229784454219, 4388628.989388142712414 ], [ 424912.854229784454219, 4388627.989388142712414 ], [ 424912.854229784454219, 4388626.989388142712414 ], [ 424912.854229784454219, 4388625.989388142712414 ], [ 424912.854229784454219, 4388624.989388142712414 ], [ 424913.854229784454219, 4388623.989388142712414 ], [ 424913.854229784454219, 4388622.989388142712414 ], [ 424913.854229784454219, 4388621.989388142712414 ], [ 424913.854229784454219, 4388620.989388142712414 ], [ 424914.854229784454219, 4388619.989388142712414 ], [ 424914.854229784454219, 4388618.989388142712414 ], [ 424914.854229784454219, 4388617.989388142712414 ], [ 424915.854229784454219, 4388616.989388142712414 ], [ 424915.854229784454219, 4388615.989388142712414 ], [ 424915.854229784454219, 4388614.989388142712414 ], [ 424916.854229784454219, 4388613.989388142712414 ], [ 424916.854229784454219, 4388612.989388142712414 ], [ 424917.854229784454219, 4388611.989388142712414 ], [ 424917.854229784454219, 4388610.989388142712414 ], [ 424917.854229784454219, 4388609.989388142712414 ], [ 424918.854229784454219, 4388608.989388142712414 ], [ 424918.854229784454219, 4388607.989388142712414 ], [ 424917.854229784454219, 4388606.989388142712414 ], [ 424918.854229784454219, 4388606.989388142712414 ], [ 424919.854229784454219, 4388606.989388142712414 ], [ 424920.854229784454219, 4388606.989388142712414 ], [ 424921.854229784454219, 4388606.989388142712414 ], [ 424916.854229784454219, 4388605.989388142712414 ], [ 424922.854229784454219, 4388605.989388142712414 ], [ 424923.854229784454219, 4388605.989388142712414 ], [ 424924.854229784454219, 4388605.989388142712414 ], [ 424915.854229784454219, 4388604.989388142712414 ], [ 424925.854229784454219, 4388604.989388142712414 ], [ 424926.854229784454219, 4388604.989388142712414 ], [ 424914.854229784454219, 4388603.989388142712414 ], [ 424927.854229784454219, 4388603.989388142712414 ], [ 424928.854229784454219, 4388603.989388142712414 ], [ 424913.854229784454219, 4388602.989388142712414 ], [ 424929.854229784454219, 4388602.989388142712414 ], [ 424930.854229784454219, 4388602.989388142712414 ], [ 424912.854229784454219, 4388601.989388142712414 ], [ 424931.854229784454219, 4388601.989388142712414 ], [ 424932.854229784454219, 4388601.989388142712414 ], [ 424911.854229784454219, 4388600.989388142712414 ], [ 424933.854229784454219, 4388600.989388142712414 ], [ 424934.854229784454219, 4388600.989388142712414 ], [ 424910.854229784454219, 4388599.989388142712414 ], [ 424935.854229784454219, 4388599.989388142712414 ], [ 424936.854229784454219, 4388599.989388142712414 ], [ 424909.854229784454219, 4388598.989388142712414 ], [ 424937.854229784454219, 4388598.989388142712414 ], [ 424938.854229784454219, 4388598.989388142712414 ], [ 424908.854229784454219, 4388597.989388142712414 ], [ 424939.854229784454219, 4388597.989388142712414 ], [ 424940.854229784454219, 4388597.989388142712414 ], [ 424907.854229784454219, 4388596.989388142712414 ], [ 424941.854229784454219, 4388596.989388142712414 ], [ 424942.854229784454219, 4388596.989388142712414 ], [ 424906.854229784454219, 4388595.989388142712414 ], [ 424943.854229784454219, 4388595.989388142712414 ], [ 424944.854229784454219, 4388595.989388142712414 ], [ 424906.854229784454219, 4388594.989388142712414 ], [ 424945.854229784454219, 4388594.989388142712414 ], [ 424946.854229784454219, 4388594.989388142712414 ], [ 424905.854229784454219, 4388593.989388142712414 ], [ 424947.854229784454219, 4388593.989388142712414 ], [ 424948.854229784454219, 4388593.989388142712414 ], [ 424949.854229784454219, 4388593.989388142712414 ], [ 424905.854229784454219, 4388592.989388142712414 ], [ 424950.854229784454219, 4388592.989388142712414 ], [ 424951.854229784454219, 4388592.989388142712414 ], [ 424904.854229784454219, 4388591.989388142712414 ], [ 424905.854229784454219, 4388591.989388142712414 ], [ 424906.854229784454219, 4388591.989388142712414 ], [ 424952.854229784454219, 4388591.989388142712414 ], [ 424953.854229784454219, 4388591.989388142712414 ], [ 424903.854229784454219, 4388590.989388142712414 ], [ 424907.854229784454219, 4388590.989388142712414 ], [ 424954.854229784454219, 4388590.989388142712414 ], [ 424955.854229784454219, 4388590.989388142712414 ], [ 424903.854229784454219, 4388589.989388142712414 ], [ 424908.854229784454219, 4388589.989388142712414 ], [ 424956.854229784454219, 4388589.989388142712414 ], [ 424957.854229784454219, 4388589.989388142712414 ], [ 424902.854229784454219, 4388588.989388142712414 ], [ 424909.854229784454219, 4388588.989388142712414 ], [ 424958.854229784454219, 4388588.989388142712414 ], [ 424959.854229784454219, 4388588.989388142712414 ], [ 424902.854229784454219, 4388587.989388142712414 ], [ 424910.854229784454219, 4388587.989388142712414 ], [ 424960.854229784454219, 4388587.989388142712414 ], [ 424902.854229784454219, 4388586.989388142712414 ], [ 424911.854229784454219, 4388586.989388142712414 ], [ 424961.854229784454219, 4388586.989388142712414 ], [ 424902.854229784454219, 4388585.989388142712414 ], [ 424912.854229784454219, 4388585.989388142712414 ], [ 424962.854229784454219, 4388585.989388142712414 ], [ 424902.854229784454219, 4388584.989388142712414 ], [ 424913.854229784454219, 4388584.989388142712414 ], [ 424962.854229784454219, 4388584.989388142712414 ], [ 424902.854229784454219, 4388583.989388142712414 ], [ 424914.854229784454219, 4388583.989388142712414 ], [ 424963.854229784454219, 4388583.989388142712414 ], [ 424902.854229784454219, 4388582.989388142712414 ], [ 424915.854229784454219, 4388582.989388142712414 ], [ 424963.854229784454219, 4388582.989388142712414 ], [ 424902.854229784454219, 4388581.989388142712414 ], [ 424916.854229784454219, 4388581.989388142712414 ], [ 424963.854229784454219, 4388581.989388142712414 ], [ 424902.854229784454219, 4388580.989388142712414 ], [ 424917.854229784454219, 4388580.989388142712414 ], [ 424963.854229784454219, 4388580.989388142712414 ], [ 424901.854229784454219, 4388579.989388142712414 ], [ 424902.854229784454219, 4388579.989388142712414 ], [ 424903.854229784454219, 4388579.989388142712414 ], [ 424918.854229784454219, 4388579.989388142712414 ], [ 424963.854229784454219, 4388579.989388142712414 ], [ 424900.854229784454219, 4388578.989388142712414 ], [ 424904.854229784454219, 4388578.989388142712414 ], [ 424919.854229784454219, 4388578.989388142712414 ], [ 424963.854229784454219, 4388578.989388142712414 ], [ 424900.854229784454219, 4388577.989388142712414 ], [ 424905.854229784454219, 4388577.989388142712414 ], [ 424920.854229784454219, 4388577.989388142712414 ], [ 424964.854229784454219, 4388577.989388142712414 ], [ 424900.854229784454219, 4388576.989388142712414 ], [ 424906.854229784454219, 4388576.989388142712414 ], [ 424921.854229784454219, 4388576.989388142712414 ], [ 424964.854229784454219, 4388576.989388142712414 ], [ 424900.854229784454219, 4388575.989388142712414 ], [ 424907.854229784454219, 4388575.989388142712414 ], [ 424922.854229784454219, 4388575.989388142712414 ], [ 424964.854229784454219, 4388575.989388142712414 ], [ 424899.854229784454219, 4388574.989388142712414 ], [ 424900.854229784454219, 4388574.989388142712414 ], [ 424908.854229784454219, 4388574.989388142712414 ], [ 424923.854229784454219, 4388574.989388142712414 ], [ 424964.854229784454219, 4388574.989388142712414 ], [ 424898.854229784454219, 4388573.989388142712414 ], [ 424901.854229784454219, 4388573.989388142712414 ], [ 424909.854229784454219, 4388573.989388142712414 ], [ 424924.854229784454219, 4388573.989388142712414 ], [ 424964.854229784454219, 4388573.989388142712414 ], [ 424897.854229784454219, 4388572.989388142712414 ], [ 424902.854229784454219, 4388572.989388142712414 ], [ 424910.854229784454219, 4388572.989388142712414 ], [ 424925.854229784454219, 4388572.989388142712414 ], [ 424964.854229784454219, 4388572.989388142712414 ], [ 424896.854229784454219, 4388571.989388142712414 ], [ 424903.854229784454219, 4388571.989388142712414 ], [ 424911.854229784454219, 4388571.989388142712414 ], [ 424926.854229784454219, 4388571.989388142712414 ], [ 424964.854229784454219, 4388571.989388142712414 ], [ 424895.854229784454219, 4388570.989388142712414 ], [ 424904.854229784454219, 4388570.989388142712414 ], [ 424912.854229784454219, 4388570.989388142712414 ], [ 424927.854229784454219, 4388570.989388142712414 ], [ 424964.854229784454219, 4388570.989388142712414 ], [ 424895.854229784454219, 4388569.989388142712414 ], [ 424905.854229784454219, 4388569.989388142712414 ], [ 424913.854229784454219, 4388569.989388142712414 ], [ 424928.854229784454219, 4388569.989388142712414 ], [ 424965.854229784454219, 4388569.989388142712414 ], [ 424894.854229784454219, 4388568.989388142712414 ], [ 424906.854229784454219, 4388568.989388142712414 ], [ 424914.854229784454219, 4388568.989388142712414 ], [ 424929.854229784454219, 4388568.989388142712414 ], [ 424965.854229784454219, 4388568.989388142712414 ], [ 424894.854229784454219, 4388567.989388142712414 ], [ 424907.854229784454219, 4388567.989388142712414 ], [ 424915.854229784454219, 4388567.989388142712414 ], [ 424930.854229784454219, 4388567.989388142712414 ], [ 424965.854229784454219, 4388567.989388142712414 ], [ 424894.854229784454219, 4388566.989388142712414 ], [ 424908.854229784454219, 4388566.989388142712414 ], [ 424916.854229784454219, 4388566.989388142712414 ], [ 424931.854229784454219, 4388566.989388142712414 ], [ 424965.854229784454219, 4388566.989388142712414 ], [ 424894.854229784454219, 4388565.989388142712414 ], [ 424909.854229784454219, 4388565.989388142712414 ], [ 424917.854229784454219, 4388565.989388142712414 ], [ 424932.854229784454219, 4388565.989388142712414 ], [ 424965.854229784454219, 4388565.989388142712414 ], [ 424894.854229784454219, 4388564.989388142712414 ], [ 424910.854229784454219, 4388564.989388142712414 ], [ 424918.854229784454219, 4388564.989388142712414 ], [ 424933.854229784454219, 4388564.989388142712414 ], [ 424965.854229784454219, 4388564.989388142712414 ], [ 424894.854229784454219, 4388563.989388142712414 ], [ 424911.854229784454219, 4388563.989388142712414 ], [ 424919.854229784454219, 4388563.989388142712414 ], [ 424933.854229784454219, 4388563.989388142712414 ], [ 424965.854229784454219, 4388563.989388142712414 ], [ 424894.854229784454219, 4388562.989388142712414 ], [ 424912.854229784454219, 4388562.989388142712414 ], [ 424920.854229784454219, 4388562.989388142712414 ], [ 424933.854229784454219, 4388562.989388142712414 ], [ 424934.854229784454219, 4388562.989388142712414 ], [ 424966.854229784454219, 4388562.989388142712414 ], [ 424894.854229784454219, 4388561.989388142712414 ], [ 424913.854229784454219, 4388561.989388142712414 ], [ 424921.854229784454219, 4388561.989388142712414 ], [ 424933.854229784454219, 4388561.989388142712414 ], [ 424935.854229784454219, 4388561.989388142712414 ], [ 424966.854229784454219, 4388561.989388142712414 ], [ 424893.854229784454219, 4388560.989388142712414 ], [ 424894.854229784454219, 4388560.989388142712414 ], [ 424895.854229784454219, 4388560.989388142712414 ], [ 424914.854229784454219, 4388560.989388142712414 ], [ 424922.854229784454219, 4388560.989388142712414 ], [ 424934.854229784454219, 4388560.989388142712414 ], [ 424966.854229784454219, 4388560.989388142712414 ], [ 424892.854229784454219, 4388559.989388142712414 ], [ 424896.854229784454219, 4388559.989388142712414 ], [ 424915.854229784454219, 4388559.989388142712414 ], [ 424923.854229784454219, 4388559.989388142712414 ], [ 424966.854229784454219, 4388559.989388142712414 ], [ 424891.854229784454219, 4388558.989388142712414 ], [ 424897.854229784454219, 4388558.989388142712414 ], [ 424916.854229784454219, 4388558.989388142712414 ], [ 424924.854229784454219, 4388558.989388142712414 ], [ 424966.854229784454219, 4388558.989388142712414 ], [ 424890.854229784454219, 4388557.989388142712414 ], [ 424898.854229784454219, 4388557.989388142712414 ], [ 424917.854229784454219, 4388557.989388142712414 ], [ 424925.854229784454219, 4388557.989388142712414 ], [ 424966.854229784454219, 4388557.989388142712414 ], [ 424889.854229784454219, 4388556.989388142712414 ], [ 424899.854229784454219, 4388556.989388142712414 ], [ 424918.854229784454219, 4388556.989388142712414 ], [ 424926.854229784454219, 4388556.989388142712414 ], [ 424966.854229784454219, 4388556.989388142712414 ], [ 424889.854229784454219, 4388555.989388142712414 ], [ 424900.854229784454219, 4388555.989388142712414 ], [ 424919.854229784454219, 4388555.989388142712414 ], [ 424927.854229784454219, 4388555.989388142712414 ], [ 424928.854229784454219, 4388555.989388142712414 ], [ 424929.854229784454219, 4388555.989388142712414 ], [ 424930.854229784454219, 4388555.989388142712414 ], [ 424931.854229784454219, 4388555.989388142712414 ], [ 424932.854229784454219, 4388555.989388142712414 ], [ 424933.854229784454219, 4388555.989388142712414 ], [ 424934.854229784454219, 4388555.989388142712414 ], [ 424935.854229784454219, 4388555.989388142712414 ], [ 424936.854229784454219, 4388555.989388142712414 ], [ 424937.854229784454219, 4388555.989388142712414 ], [ 424938.854229784454219, 4388555.989388142712414 ], [ 424939.854229784454219, 4388555.989388142712414 ], [ 424940.854229784454219, 4388555.989388142712414 ], [ 424941.854229784454219, 4388555.989388142712414 ], [ 424942.854229784454219, 4388555.989388142712414 ], [ 424943.854229784454219, 4388555.989388142712414 ], [ 424944.854229784454219, 4388555.989388142712414 ], [ 424945.854229784454219, 4388555.989388142712414 ], [ 424946.854229784454219, 4388555.989388142712414 ], [ 424947.854229784454219, 4388555.989388142712414 ], [ 424948.854229784454219, 4388555.989388142712414 ], [ 424949.854229784454219, 4388555.989388142712414 ], [ 424950.854229784454219, 4388555.989388142712414 ], [ 424951.854229784454219, 4388555.989388142712414 ], [ 424952.854229784454219, 4388555.989388142712414 ], [ 424953.854229784454219, 4388555.989388142712414 ], [ 424954.854229784454219, 4388555.989388142712414 ], [ 424955.854229784454219, 4388555.989388142712414 ], [ 424956.854229784454219, 4388555.989388142712414 ], [ 424957.854229784454219, 4388555.989388142712414 ], [ 424958.854229784454219, 4388555.989388142712414 ], [ 424959.854229784454219, 4388555.989388142712414 ], [ 424960.854229784454219, 4388555.989388142712414 ], [ 424961.854229784454219, 4388555.989388142712414 ], [ 424962.854229784454219, 4388555.989388142712414 ], [ 424963.854229784454219, 4388555.989388142712414 ], [ 424964.854229784454219, 4388555.989388142712414 ], [ 424965.854229784454219, 4388555.989388142712414 ], [ 424966.854229784454219, 4388555.989388142712414 ], [ 424889.854229784454219, 4388554.989388142712414 ], [ 424901.854229784454219, 4388554.989388142712414 ], [ 424920.854229784454219, 4388554.989388142712414 ], [ 424929.854229784454219, 4388554.989388142712414 ], [ 424966.854229784454219, 4388554.989388142712414 ], [ 424967.854229784454219, 4388554.989388142712414 ], [ 424889.854229784454219, 4388553.989388142712414 ], [ 424902.854229784454219, 4388553.989388142712414 ], [ 424921.854229784454219, 4388553.989388142712414 ], [ 424930.854229784454219, 4388553.989388142712414 ], [ 424965.854229784454219, 4388553.989388142712414 ], [ 424968.854229784454219, 4388553.989388142712414 ], [ 424889.854229784454219, 4388552.989388142712414 ], [ 424903.854229784454219, 4388552.989388142712414 ], [ 424921.854229784454219, 4388552.989388142712414 ], [ 424930.854229784454219, 4388552.989388142712414 ], [ 424964.854229784454219, 4388552.989388142712414 ], [ 424969.854229784454219, 4388552.989388142712414 ], [ 424889.854229784454219, 4388551.989388142712414 ], [ 424904.854229784454219, 4388551.989388142712414 ], [ 424920.854229784454219, 4388551.989388142712414 ], [ 424921.854229784454219, 4388551.989388142712414 ], [ 424922.854229784454219, 4388551.989388142712414 ], [ 424923.854229784454219, 4388551.989388142712414 ], [ 424930.854229784454219, 4388551.989388142712414 ], [ 424963.854229784454219, 4388551.989388142712414 ], [ 424969.854229784454219, 4388551.989388142712414 ], [ 424889.854229784454219, 4388550.989388142712414 ], [ 424905.854229784454219, 4388550.989388142712414 ], [ 424920.854229784454219, 4388550.989388142712414 ], [ 424922.854229784454219, 4388550.989388142712414 ], [ 424924.854229784454219, 4388550.989388142712414 ], [ 424930.854229784454219, 4388550.989388142712414 ], [ 424962.854229784454219, 4388550.989388142712414 ], [ 424969.854229784454219, 4388550.989388142712414 ], [ 424889.854229784454219, 4388549.989388142712414 ], [ 424906.854229784454219, 4388549.989388142712414 ], [ 424920.854229784454219, 4388549.989388142712414 ], [ 424923.854229784454219, 4388549.989388142712414 ], [ 424931.854229784454219, 4388549.989388142712414 ], [ 424961.854229784454219, 4388549.989388142712414 ], [ 424968.854229784454219, 4388549.989388142712414 ], [ 424969.854229784454219, 4388549.989388142712414 ], [ 424889.854229784454219, 4388548.989388142712414 ], [ 424907.854229784454219, 4388548.989388142712414 ], [ 424920.854229784454219, 4388548.989388142712414 ], [ 424931.854229784454219, 4388548.989388142712414 ], [ 424960.854229784454219, 4388548.989388142712414 ], [ 424967.854229784454219, 4388548.989388142712414 ], [ 424970.854229784454219, 4388548.989388142712414 ], [ 424889.854229784454219, 4388547.989388142712414 ], [ 424908.854229784454219, 4388547.989388142712414 ], [ 424921.854229784454219, 4388547.989388142712414 ], [ 424931.854229784454219, 4388547.989388142712414 ], [ 424959.854229784454219, 4388547.989388142712414 ], [ 424966.854229784454219, 4388547.989388142712414 ], [ 424971.854229784454219, 4388547.989388142712414 ], [ 424889.854229784454219, 4388546.989388142712414 ], [ 424909.854229784454219, 4388546.989388142712414 ], [ 424921.854229784454219, 4388546.989388142712414 ], [ 424931.854229784454219, 4388546.989388142712414 ], [ 424958.854229784454219, 4388546.989388142712414 ], [ 424965.854229784454219, 4388546.989388142712414 ], [ 424972.854229784454219, 4388546.989388142712414 ], [ 424889.854229784454219, 4388545.989388142712414 ], [ 424910.854229784454219, 4388545.989388142712414 ], [ 424921.854229784454219, 4388545.989388142712414 ], [ 424931.854229784454219, 4388545.989388142712414 ], [ 424932.854229784454219, 4388545.989388142712414 ], [ 424933.854229784454219, 4388545.989388142712414 ], [ 424934.854229784454219, 4388545.989388142712414 ], [ 424935.854229784454219, 4388545.989388142712414 ], [ 424936.854229784454219, 4388545.989388142712414 ], [ 424937.854229784454219, 4388545.989388142712414 ], [ 424938.854229784454219, 4388545.989388142712414 ], [ 424939.854229784454219, 4388545.989388142712414 ], [ 424940.854229784454219, 4388545.989388142712414 ], [ 424941.854229784454219, 4388545.989388142712414 ], [ 424942.854229784454219, 4388545.989388142712414 ], [ 424943.854229784454219, 4388545.989388142712414 ], [ 424944.854229784454219, 4388545.989388142712414 ], [ 424945.854229784454219, 4388545.989388142712414 ], [ 424946.854229784454219, 4388545.989388142712414 ], [ 424947.854229784454219, 4388545.989388142712414 ], [ 424948.854229784454219, 4388545.989388142712414 ], [ 424949.854229784454219, 4388545.989388142712414 ], [ 424950.854229784454219, 4388545.989388142712414 ], [ 424951.854229784454219, 4388545.989388142712414 ], [ 424952.854229784454219, 4388545.989388142712414 ], [ 424953.854229784454219, 4388545.989388142712414 ], [ 424954.854229784454219, 4388545.989388142712414 ], [ 424955.854229784454219, 4388545.989388142712414 ], [ 424956.854229784454219, 4388545.989388142712414 ], [ 424957.854229784454219, 4388545.989388142712414 ], [ 424964.854229784454219, 4388545.989388142712414 ], [ 424973.854229784454219, 4388545.989388142712414 ], [ 424889.854229784454219, 4388544.989388142712414 ], [ 424911.854229784454219, 4388544.989388142712414 ], [ 424921.854229784454219, 4388544.989388142712414 ], [ 424930.854229784454219, 4388544.989388142712414 ], [ 424963.854229784454219, 4388544.989388142712414 ], [ 424974.854229784454219, 4388544.989388142712414 ], [ 424888.854229784454219, 4388543.989388142712414 ], [ 424889.854229784454219, 4388543.989388142712414 ], [ 424912.854229784454219, 4388543.989388142712414 ], [ 424921.854229784454219, 4388543.989388142712414 ], [ 424930.854229784454219, 4388543.989388142712414 ], [ 424962.854229784454219, 4388543.989388142712414 ], [ 424974.854229784454219, 4388543.989388142712414 ], [ 424887.854229784454219, 4388542.989388142712414 ], [ 424890.854229784454219, 4388542.989388142712414 ], [ 424913.854229784454219, 4388542.989388142712414 ], [ 424921.854229784454219, 4388542.989388142712414 ], [ 424930.854229784454219, 4388542.989388142712414 ], [ 424961.854229784454219, 4388542.989388142712414 ], [ 424974.854229784454219, 4388542.989388142712414 ], [ 424887.854229784454219, 4388541.989388142712414 ], [ 424891.854229784454219, 4388541.989388142712414 ], [ 424913.854229784454219, 4388541.989388142712414 ], [ 424921.854229784454219, 4388541.989388142712414 ], [ 424930.854229784454219, 4388541.989388142712414 ], [ 424960.854229784454219, 4388541.989388142712414 ], [ 424974.854229784454219, 4388541.989388142712414 ], [ 424887.854229784454219, 4388540.989388142712414 ], [ 424892.854229784454219, 4388540.989388142712414 ], [ 424913.854229784454219, 4388540.989388142712414 ], [ 424921.854229784454219, 4388540.989388142712414 ], [ 424931.854229784454219, 4388540.989388142712414 ], [ 424959.854229784454219, 4388540.989388142712414 ], [ 424974.854229784454219, 4388540.989388142712414 ], [ 424887.854229784454219, 4388539.989388142712414 ], [ 424893.854229784454219, 4388539.989388142712414 ], [ 424912.854229784454219, 4388539.989388142712414 ], [ 424913.854229784454219, 4388539.989388142712414 ], [ 424914.854229784454219, 4388539.989388142712414 ], [ 424921.854229784454219, 4388539.989388142712414 ], [ 424931.854229784454219, 4388539.989388142712414 ], [ 424958.854229784454219, 4388539.989388142712414 ], [ 424974.854229784454219, 4388539.989388142712414 ], [ 424887.854229784454219, 4388538.989388142712414 ], [ 424894.854229784454219, 4388538.989388142712414 ], [ 424911.854229784454219, 4388538.989388142712414 ], [ 424915.854229784454219, 4388538.989388142712414 ], [ 424920.854229784454219, 4388538.989388142712414 ], [ 424930.854229784454219, 4388538.989388142712414 ], [ 424957.854229784454219, 4388538.989388142712414 ], [ 424974.854229784454219, 4388538.989388142712414 ], [ 424887.854229784454219, 4388537.989388142712414 ], [ 424895.854229784454219, 4388537.989388142712414 ], [ 424910.854229784454219, 4388537.989388142712414 ], [ 424915.854229784454219, 4388537.989388142712414 ], [ 424919.854229784454219, 4388537.989388142712414 ], [ 424930.854229784454219, 4388537.989388142712414 ], [ 424956.854229784454219, 4388537.989388142712414 ], [ 424974.854229784454219, 4388537.989388142712414 ], [ 424887.854229784454219, 4388536.989388142712414 ], [ 424896.854229784454219, 4388536.989388142712414 ], [ 424909.854229784454219, 4388536.989388142712414 ], [ 424914.854229784454219, 4388536.989388142712414 ], [ 424915.854229784454219, 4388536.989388142712414 ], [ 424916.854229784454219, 4388536.989388142712414 ], [ 424917.854229784454219, 4388536.989388142712414 ], [ 424918.854229784454219, 4388536.989388142712414 ], [ 424919.854229784454219, 4388536.989388142712414 ], [ 424930.854229784454219, 4388536.989388142712414 ], [ 424955.854229784454219, 4388536.989388142712414 ], [ 424974.854229784454219, 4388536.989388142712414 ], [ 424887.854229784454219, 4388535.989388142712414 ], [ 424897.854229784454219, 4388535.989388142712414 ], [ 424909.854229784454219, 4388535.989388142712414 ], [ 424913.854229784454219, 4388535.989388142712414 ], [ 424919.854229784454219, 4388535.989388142712414 ], [ 424930.854229784454219, 4388535.989388142712414 ], [ 424954.854229784454219, 4388535.989388142712414 ], [ 424974.854229784454219, 4388535.989388142712414 ], [ 424887.854229784454219, 4388534.989388142712414 ], [ 424898.854229784454219, 4388534.989388142712414 ], [ 424909.854229784454219, 4388534.989388142712414 ], [ 424913.854229784454219, 4388534.989388142712414 ], [ 424919.854229784454219, 4388534.989388142712414 ], [ 424930.854229784454219, 4388534.989388142712414 ], [ 424953.854229784454219, 4388534.989388142712414 ], [ 424974.854229784454219, 4388534.989388142712414 ], [ 424887.854229784454219, 4388533.989388142712414 ], [ 424899.854229784454219, 4388533.989388142712414 ], [ 424900.854229784454219, 4388533.989388142712414 ], [ 424901.854229784454219, 4388533.989388142712414 ], [ 424902.854229784454219, 4388533.989388142712414 ], [ 424903.854229784454219, 4388533.989388142712414 ], [ 424904.854229784454219, 4388533.989388142712414 ], [ 424905.854229784454219, 4388533.989388142712414 ], [ 424906.854229784454219, 4388533.989388142712414 ], [ 424907.854229784454219, 4388533.989388142712414 ], [ 424908.854229784454219, 4388533.989388142712414 ], [ 424909.854229784454219, 4388533.989388142712414 ], [ 424913.854229784454219, 4388533.989388142712414 ], [ 424919.854229784454219, 4388533.989388142712414 ], [ 424930.854229784454219, 4388533.989388142712414 ], [ 424952.854229784454219, 4388533.989388142712414 ], [ 424974.854229784454219, 4388533.989388142712414 ], [ 424887.854229784454219, 4388532.989388142712414 ], [ 424909.854229784454219, 4388532.989388142712414 ], [ 424913.854229784454219, 4388532.989388142712414 ], [ 424920.854229784454219, 4388532.989388142712414 ], [ 424930.854229784454219, 4388532.989388142712414 ], [ 424951.854229784454219, 4388532.989388142712414 ], [ 424974.854229784454219, 4388532.989388142712414 ], [ 424887.854229784454219, 4388531.989388142712414 ], [ 424909.854229784454219, 4388531.989388142712414 ], [ 424913.854229784454219, 4388531.989388142712414 ], [ 424920.854229784454219, 4388531.989388142712414 ], [ 424930.854229784454219, 4388531.989388142712414 ], [ 424950.854229784454219, 4388531.989388142712414 ], [ 424974.854229784454219, 4388531.989388142712414 ], [ 424887.854229784454219, 4388530.989388142712414 ], [ 424909.854229784454219, 4388530.989388142712414 ], [ 424913.854229784454219, 4388530.989388142712414 ], [ 424920.854229784454219, 4388530.989388142712414 ], [ 424930.854229784454219, 4388530.989388142712414 ], [ 424949.854229784454219, 4388530.989388142712414 ], [ 424974.854229784454219, 4388530.989388142712414 ], [ 424887.854229784454219, 4388529.989388142712414 ], [ 424909.854229784454219, 4388529.989388142712414 ], [ 424914.854229784454219, 4388529.989388142712414 ], [ 424920.854229784454219, 4388529.989388142712414 ], [ 424930.854229784454219, 4388529.989388142712414 ], [ 424948.854229784454219, 4388529.989388142712414 ], [ 424974.854229784454219, 4388529.989388142712414 ], [ 424887.854229784454219, 4388528.989388142712414 ], [ 424909.854229784454219, 4388528.989388142712414 ], [ 424914.854229784454219, 4388528.989388142712414 ], [ 424920.854229784454219, 4388528.989388142712414 ], [ 424930.854229784454219, 4388528.989388142712414 ], [ 424947.854229784454219, 4388528.989388142712414 ], [ 424974.854229784454219, 4388528.989388142712414 ], [ 424887.854229784454219, 4388527.989388142712414 ], [ 424909.854229784454219, 4388527.989388142712414 ], [ 424915.854229784454219, 4388527.989388142712414 ], [ 424916.854229784454219, 4388527.989388142712414 ], [ 424917.854229784454219, 4388527.989388142712414 ], [ 424918.854229784454219, 4388527.989388142712414 ], [ 424919.854229784454219, 4388527.989388142712414 ], [ 424920.854229784454219, 4388527.989388142712414 ], [ 424930.854229784454219, 4388527.989388142712414 ], [ 424946.854229784454219, 4388527.989388142712414 ], [ 424974.854229784454219, 4388527.989388142712414 ], [ 424887.854229784454219, 4388526.989388142712414 ], [ 424909.854229784454219, 4388526.989388142712414 ], [ 424915.854229784454219, 4388526.989388142712414 ], [ 424920.854229784454219, 4388526.989388142712414 ], [ 424930.854229784454219, 4388526.989388142712414 ], [ 424945.854229784454219, 4388526.989388142712414 ], [ 424974.854229784454219, 4388526.989388142712414 ], [ 424887.854229784454219, 4388525.989388142712414 ], [ 424909.854229784454219, 4388525.989388142712414 ], [ 424916.854229784454219, 4388525.989388142712414 ], [ 424920.854229784454219, 4388525.989388142712414 ], [ 424930.854229784454219, 4388525.989388142712414 ], [ 424944.854229784454219, 4388525.989388142712414 ], [ 424974.854229784454219, 4388525.989388142712414 ], [ 424887.854229784454219, 4388524.989388142712414 ], [ 424909.854229784454219, 4388524.989388142712414 ], [ 424917.854229784454219, 4388524.989388142712414 ], [ 424918.854229784454219, 4388524.989388142712414 ], [ 424919.854229784454219, 4388524.989388142712414 ], [ 424920.854229784454219, 4388524.989388142712414 ], [ 424930.854229784454219, 4388524.989388142712414 ], [ 424944.854229784454219, 4388524.989388142712414 ], [ 424974.854229784454219, 4388524.989388142712414 ], [ 424887.854229784454219, 4388523.989388142712414 ], [ 424909.854229784454219, 4388523.989388142712414 ], [ 424920.854229784454219, 4388523.989388142712414 ], [ 424930.854229784454219, 4388523.989388142712414 ], [ 424943.854229784454219, 4388523.989388142712414 ], [ 424974.854229784454219, 4388523.989388142712414 ], [ 424887.854229784454219, 4388522.989388142712414 ], [ 424909.854229784454219, 4388522.989388142712414 ], [ 424920.854229784454219, 4388522.989388142712414 ], [ 424930.854229784454219, 4388522.989388142712414 ], [ 424943.854229784454219, 4388522.989388142712414 ], [ 424974.854229784454219, 4388522.989388142712414 ], [ 424887.854229784454219, 4388521.989388142712414 ], [ 424909.854229784454219, 4388521.989388142712414 ], [ 424920.854229784454219, 4388521.989388142712414 ], [ 424930.854229784454219, 4388521.989388142712414 ], [ 424943.854229784454219, 4388521.989388142712414 ], [ 424974.854229784454219, 4388521.989388142712414 ], [ 424887.854229784454219, 4388520.989388142712414 ], [ 424909.854229784454219, 4388520.989388142712414 ], [ 424921.854229784454219, 4388520.989388142712414 ], [ 424930.854229784454219, 4388520.989388142712414 ], [ 424943.854229784454219, 4388520.989388142712414 ], [ 424974.854229784454219, 4388520.989388142712414 ], [ 424887.854229784454219, 4388519.989388142712414 ], [ 424909.854229784454219, 4388519.989388142712414 ], [ 424921.854229784454219, 4388519.989388142712414 ], [ 424930.854229784454219, 4388519.989388142712414 ], [ 424943.854229784454219, 4388519.989388142712414 ], [ 424974.854229784454219, 4388519.989388142712414 ], [ 424887.854229784454219, 4388518.989388142712414 ], [ 424910.854229784454219, 4388518.989388142712414 ], [ 424921.854229784454219, 4388518.989388142712414 ], [ 424930.854229784454219, 4388518.989388142712414 ], [ 424943.854229784454219, 4388518.989388142712414 ], [ 424974.854229784454219, 4388518.989388142712414 ], [ 424887.854229784454219, 4388517.989388142712414 ], [ 424910.854229784454219, 4388517.989388142712414 ], [ 424921.854229784454219, 4388517.989388142712414 ], [ 424930.854229784454219, 4388517.989388142712414 ], [ 424943.854229784454219, 4388517.989388142712414 ], [ 424974.854229784454219, 4388517.989388142712414 ], [ 424887.854229784454219, 4388516.989388142712414 ], [ 424910.854229784454219, 4388516.989388142712414 ], [ 424921.854229784454219, 4388516.989388142712414 ], [ 424930.854229784454219, 4388516.989388142712414 ], [ 424943.854229784454219, 4388516.989388142712414 ], [ 424974.854229784454219, 4388516.989388142712414 ], [ 424887.854229784454219, 4388515.989388142712414 ], [ 424910.854229784454219, 4388515.989388142712414 ], [ 424921.854229784454219, 4388515.989388142712414 ], [ 424930.854229784454219, 4388515.989388142712414 ], [ 424943.854229784454219, 4388515.989388142712414 ], [ 424974.854229784454219, 4388515.989388142712414 ], [ 424887.854229784454219, 4388514.989388142712414 ], [ 424910.854229784454219, 4388514.989388142712414 ], [ 424921.854229784454219, 4388514.989388142712414 ], [ 424930.854229784454219, 4388514.989388142712414 ], [ 424943.854229784454219, 4388514.989388142712414 ], [ 424944.854229784454219, 4388514.989388142712414 ], [ 424945.854229784454219, 4388514.989388142712414 ], [ 424946.854229784454219, 4388514.989388142712414 ], [ 424947.854229784454219, 4388514.989388142712414 ], [ 424948.854229784454219, 4388514.989388142712414 ], [ 424949.854229784454219, 4388514.989388142712414 ], [ 424950.854229784454219, 4388514.989388142712414 ], [ 424951.854229784454219, 4388514.989388142712414 ], [ 424952.854229784454219, 4388514.989388142712414 ], [ 424953.854229784454219, 4388514.989388142712414 ], [ 424954.854229784454219, 4388514.989388142712414 ], [ 424955.854229784454219, 4388514.989388142712414 ], [ 424956.854229784454219, 4388514.989388142712414 ], [ 424957.854229784454219, 4388514.989388142712414 ], [ 424958.854229784454219, 4388514.989388142712414 ], [ 424959.854229784454219, 4388514.989388142712414 ], [ 424960.854229784454219, 4388514.989388142712414 ], [ 424961.854229784454219, 4388514.989388142712414 ], [ 424962.854229784454219, 4388514.989388142712414 ], [ 424963.854229784454219, 4388514.989388142712414 ], [ 424964.854229784454219, 4388514.989388142712414 ], [ 424965.854229784454219, 4388514.989388142712414 ], [ 424966.854229784454219, 4388514.989388142712414 ], [ 424967.854229784454219, 4388514.989388142712414 ], [ 424968.854229784454219, 4388514.989388142712414 ], [ 424969.854229784454219, 4388514.989388142712414 ], [ 424970.854229784454219, 4388514.989388142712414 ], [ 424971.854229784454219, 4388514.989388142712414 ], [ 424972.854229784454219, 4388514.989388142712414 ], [ 424973.854229784454219, 4388514.989388142712414 ], [ 424974.854229784454219, 4388514.989388142712414 ], [ 424887.854229784454219, 4388513.989388142712414 ], [ 424911.854229784454219, 4388513.989388142712414 ], [ 424921.854229784454219, 4388513.989388142712414 ], [ 424930.854229784454219, 4388513.989388142712414 ], [ 424943.854229784454219, 4388513.989388142712414 ], [ 424974.854229784454219, 4388513.989388142712414 ], [ 424887.854229784454219, 4388512.989388142712414 ], [ 424911.854229784454219, 4388512.989388142712414 ], [ 424922.854229784454219, 4388512.989388142712414 ], [ 424930.854229784454219, 4388512.989388142712414 ], [ 424943.854229784454219, 4388512.989388142712414 ], [ 424974.854229784454219, 4388512.989388142712414 ], [ 424887.854229784454219, 4388511.989388142712414 ], [ 424911.854229784454219, 4388511.989388142712414 ], [ 424922.854229784454219, 4388511.989388142712414 ], [ 424930.854229784454219, 4388511.989388142712414 ], [ 424943.854229784454219, 4388511.989388142712414 ], [ 424974.854229784454219, 4388511.989388142712414 ], [ 424887.854229784454219, 4388510.989388142712414 ], [ 424911.854229784454219, 4388510.989388142712414 ], [ 424922.854229784454219, 4388510.989388142712414 ], [ 424930.854229784454219, 4388510.989388142712414 ], [ 424943.854229784454219, 4388510.989388142712414 ], [ 424974.854229784454219, 4388510.989388142712414 ], [ 424887.854229784454219, 4388509.989388142712414 ], [ 424911.854229784454219, 4388509.989388142712414 ], [ 424922.854229784454219, 4388509.989388142712414 ], [ 424930.854229784454219, 4388509.989388142712414 ], [ 424943.854229784454219, 4388509.989388142712414 ], [ 424974.854229784454219, 4388509.989388142712414 ], [ 424887.854229784454219, 4388508.989388142712414 ], [ 424911.854229784454219, 4388508.989388142712414 ], [ 424922.854229784454219, 4388508.989388142712414 ], [ 424930.854229784454219, 4388508.989388142712414 ], [ 424943.854229784454219, 4388508.989388142712414 ], [ 424974.854229784454219, 4388508.989388142712414 ], [ 424887.854229784454219, 4388507.989388142712414 ], [ 424911.854229784454219, 4388507.989388142712414 ], [ 424922.854229784454219, 4388507.989388142712414 ], [ 424929.854229784454219, 4388507.989388142712414 ], [ 424943.854229784454219, 4388507.989388142712414 ], [ 424974.854229784454219, 4388507.989388142712414 ], [ 424887.854229784454219, 4388506.989388142712414 ], [ 424912.854229784454219, 4388506.989388142712414 ], [ 424922.854229784454219, 4388506.989388142712414 ], [ 424928.854229784454219, 4388506.989388142712414 ], [ 424942.854229784454219, 4388506.989388142712414 ], [ 424943.854229784454219, 4388506.989388142712414 ], [ 424944.854229784454219, 4388506.989388142712414 ], [ 424945.854229784454219, 4388506.989388142712414 ], [ 424946.854229784454219, 4388506.989388142712414 ], [ 424947.854229784454219, 4388506.989388142712414 ], [ 424974.854229784454219, 4388506.989388142712414 ], [ 424887.854229784454219, 4388505.989388142712414 ], [ 424912.854229784454219, 4388505.989388142712414 ], [ 424923.854229784454219, 4388505.989388142712414 ], [ 424927.854229784454219, 4388505.989388142712414 ], [ 424942.854229784454219, 4388505.989388142712414 ], [ 424948.854229784454219, 4388505.989388142712414 ], [ 424949.854229784454219, 4388505.989388142712414 ], [ 424950.854229784454219, 4388505.989388142712414 ], [ 424951.854229784454219, 4388505.989388142712414 ], [ 424952.854229784454219, 4388505.989388142712414 ], [ 424953.854229784454219, 4388505.989388142712414 ], [ 424954.854229784454219, 4388505.989388142712414 ], [ 424955.854229784454219, 4388505.989388142712414 ], [ 424956.854229784454219, 4388505.989388142712414 ], [ 424957.854229784454219, 4388505.989388142712414 ], [ 424958.854229784454219, 4388505.989388142712414 ], [ 424959.854229784454219, 4388505.989388142712414 ], [ 424960.854229784454219, 4388505.989388142712414 ], [ 424961.854229784454219, 4388505.989388142712414 ], [ 424962.854229784454219, 4388505.989388142712414 ], [ 424963.854229784454219, 4388505.989388142712414 ], [ 424964.854229784454219, 4388505.989388142712414 ], [ 424965.854229784454219, 4388505.989388142712414 ], [ 424966.854229784454219, 4388505.989388142712414 ], [ 424967.854229784454219, 4388505.989388142712414 ], [ 424968.854229784454219, 4388505.989388142712414 ], [ 424969.854229784454219, 4388505.989388142712414 ], [ 424970.854229784454219, 4388505.989388142712414 ], [ 424971.854229784454219, 4388505.989388142712414 ], [ 424972.854229784454219, 4388505.989388142712414 ], [ 424973.854229784454219, 4388505.989388142712414 ], [ 424887.854229784454219, 4388504.989388142712414 ], [ 424912.854229784454219, 4388504.989388142712414 ], [ 424924.854229784454219, 4388504.989388142712414 ], [ 424926.854229784454219, 4388504.989388142712414 ], [ 424942.854229784454219, 4388504.989388142712414 ], [ 424973.854229784454219, 4388504.989388142712414 ], [ 424887.854229784454219, 4388503.989388142712414 ], [ 424912.854229784454219, 4388503.989388142712414 ], [ 424925.854229784454219, 4388503.989388142712414 ], [ 424942.854229784454219, 4388503.989388142712414 ], [ 424973.854229784454219, 4388503.989388142712414 ], [ 424887.854229784454219, 4388502.989388142712414 ], [ 424912.854229784454219, 4388502.989388142712414 ], [ 424925.854229784454219, 4388502.989388142712414 ], [ 424942.854229784454219, 4388502.989388142712414 ], [ 424973.854229784454219, 4388502.989388142712414 ], [ 424887.854229784454219, 4388501.989388142712414 ], [ 424912.854229784454219, 4388501.989388142712414 ], [ 424926.854229784454219, 4388501.989388142712414 ], [ 424942.854229784454219, 4388501.989388142712414 ], [ 424973.854229784454219, 4388501.989388142712414 ], [ 424887.854229784454219, 4388500.989388142712414 ], [ 424912.854229784454219, 4388500.989388142712414 ], [ 424926.854229784454219, 4388500.989388142712414 ], [ 424942.854229784454219, 4388500.989388142712414 ], [ 424973.854229784454219, 4388500.989388142712414 ], [ 424887.854229784454219, 4388499.989388142712414 ], [ 424912.854229784454219, 4388499.989388142712414 ], [ 424926.854229784454219, 4388499.989388142712414 ], [ 424942.854229784454219, 4388499.989388142712414 ], [ 424973.854229784454219, 4388499.989388142712414 ], [ 424887.854229784454219, 4388498.989388142712414 ], [ 424912.854229784454219, 4388498.989388142712414 ], [ 424926.854229784454219, 4388498.989388142712414 ], [ 424941.854229784454219, 4388498.989388142712414 ], [ 424942.854229784454219, 4388498.989388142712414 ], [ 424943.854229784454219, 4388498.989388142712414 ], [ 424944.854229784454219, 4388498.989388142712414 ], [ 424945.854229784454219, 4388498.989388142712414 ], [ 424946.854229784454219, 4388498.989388142712414 ], [ 424947.854229784454219, 4388498.989388142712414 ], [ 424948.854229784454219, 4388498.989388142712414 ], [ 424949.854229784454219, 4388498.989388142712414 ], [ 424950.854229784454219, 4388498.989388142712414 ], [ 424951.854229784454219, 4388498.989388142712414 ], [ 424952.854229784454219, 4388498.989388142712414 ], [ 424953.854229784454219, 4388498.989388142712414 ], [ 424954.854229784454219, 4388498.989388142712414 ], [ 424955.854229784454219, 4388498.989388142712414 ], [ 424956.854229784454219, 4388498.989388142712414 ], [ 424957.854229784454219, 4388498.989388142712414 ], [ 424958.854229784454219, 4388498.989388142712414 ], [ 424959.854229784454219, 4388498.989388142712414 ], [ 424960.854229784454219, 4388498.989388142712414 ], [ 424961.854229784454219, 4388498.989388142712414 ], [ 424962.854229784454219, 4388498.989388142712414 ], [ 424963.854229784454219, 4388498.989388142712414 ], [ 424964.854229784454219, 4388498.989388142712414 ], [ 424965.854229784454219, 4388498.989388142712414 ], [ 424966.854229784454219, 4388498.989388142712414 ], [ 424967.854229784454219, 4388498.989388142712414 ], [ 424968.854229784454219, 4388498.989388142712414 ], [ 424969.854229784454219, 4388498.989388142712414 ], [ 424970.854229784454219, 4388498.989388142712414 ], [ 424971.854229784454219, 4388498.989388142712414 ], [ 424972.854229784454219, 4388498.989388142712414 ], [ 424973.854229784454219, 4388498.989388142712414 ], [ 424888.854229784454219, 4388497.989388142712414 ], [ 424912.854229784454219, 4388497.989388142712414 ], [ 424926.854229784454219, 4388497.989388142712414 ], [ 424941.854229784454219, 4388497.989388142712414 ], [ 424973.854229784454219, 4388497.989388142712414 ], [ 424888.854229784454219, 4388496.989388142712414 ], [ 424912.854229784454219, 4388496.989388142712414 ], [ 424926.854229784454219, 4388496.989388142712414 ], [ 424941.854229784454219, 4388496.989388142712414 ], [ 424973.854229784454219, 4388496.989388142712414 ], [ 424888.854229784454219, 4388495.989388142712414 ], [ 424912.854229784454219, 4388495.989388142712414 ], [ 424926.854229784454219, 4388495.989388142712414 ], [ 424941.854229784454219, 4388495.989388142712414 ], [ 424973.854229784454219, 4388495.989388142712414 ], [ 424888.854229784454219, 4388494.989388142712414 ], [ 424912.854229784454219, 4388494.989388142712414 ], [ 424926.854229784454219, 4388494.989388142712414 ], [ 424941.854229784454219, 4388494.989388142712414 ], [ 424973.854229784454219, 4388494.989388142712414 ], [ 424888.854229784454219, 4388493.989388142712414 ], [ 424912.854229784454219, 4388493.989388142712414 ], [ 424925.854229784454219, 4388493.989388142712414 ], [ 424941.854229784454219, 4388493.989388142712414 ], [ 424973.854229784454219, 4388493.989388142712414 ], [ 424888.854229784454219, 4388492.989388142712414 ], [ 424912.854229784454219, 4388492.989388142712414 ], [ 424925.854229784454219, 4388492.989388142712414 ], [ 424941.854229784454219, 4388492.989388142712414 ], [ 424973.854229784454219, 4388492.989388142712414 ], [ 424888.854229784454219, 4388491.989388142712414 ], [ 424912.854229784454219, 4388491.989388142712414 ], [ 424925.854229784454219, 4388491.989388142712414 ], [ 424941.854229784454219, 4388491.989388142712414 ], [ 424973.854229784454219, 4388491.989388142712414 ], [ 424888.854229784454219, 4388490.989388142712414 ], [ 424912.854229784454219, 4388490.989388142712414 ], [ 424925.854229784454219, 4388490.989388142712414 ], [ 424941.854229784454219, 4388490.989388142712414 ], [ 424973.854229784454219, 4388490.989388142712414 ], [ 424888.854229784454219, 4388489.989388142712414 ], [ 424912.854229784454219, 4388489.989388142712414 ], [ 424925.854229784454219, 4388489.989388142712414 ], [ 424941.854229784454219, 4388489.989388142712414 ], [ 424973.854229784454219, 4388489.989388142712414 ], [ 424888.854229784454219, 4388488.989388142712414 ], [ 424912.854229784454219, 4388488.989388142712414 ], [ 424925.854229784454219, 4388488.989388142712414 ], [ 424941.854229784454219, 4388488.989388142712414 ], [ 424973.854229784454219, 4388488.989388142712414 ], [ 424888.854229784454219, 4388487.989388142712414 ], [ 424912.854229784454219, 4388487.989388142712414 ], [ 424925.854229784454219, 4388487.989388142712414 ], [ 424941.854229784454219, 4388487.989388142712414 ], [ 424973.854229784454219, 4388487.989388142712414 ], [ 424888.854229784454219, 4388486.989388142712414 ], [ 424912.854229784454219, 4388486.989388142712414 ], [ 424925.854229784454219, 4388486.989388142712414 ], [ 424941.854229784454219, 4388486.989388142712414 ], [ 424973.854229784454219, 4388486.989388142712414 ], [ 424888.854229784454219, 4388485.989388142712414 ], [ 424912.854229784454219, 4388485.989388142712414 ], [ 424925.854229784454219, 4388485.989388142712414 ], [ 424941.854229784454219, 4388485.989388142712414 ], [ 424973.854229784454219, 4388485.989388142712414 ], [ 424888.854229784454219, 4388484.989388142712414 ], [ 424912.854229784454219, 4388484.989388142712414 ], [ 424925.854229784454219, 4388484.989388142712414 ], [ 424942.854229784454219, 4388484.989388142712414 ], [ 424973.854229784454219, 4388484.989388142712414 ], [ 424888.854229784454219, 4388483.989388142712414 ], [ 424912.854229784454219, 4388483.989388142712414 ], [ 424924.854229784454219, 4388483.989388142712414 ], [ 424943.854229784454219, 4388483.989388142712414 ], [ 424973.854229784454219, 4388483.989388142712414 ], [ 424888.854229784454219, 4388482.989388142712414 ], [ 424912.854229784454219, 4388482.989388142712414 ], [ 424924.854229784454219, 4388482.989388142712414 ], [ 424944.854229784454219, 4388482.989388142712414 ], [ 424973.854229784454219, 4388482.989388142712414 ], [ 424888.854229784454219, 4388481.989388142712414 ], [ 424912.854229784454219, 4388481.989388142712414 ], [ 424924.854229784454219, 4388481.989388142712414 ], [ 424945.854229784454219, 4388481.989388142712414 ], [ 424974.854229784454219, 4388481.989388142712414 ], [ 424888.854229784454219, 4388480.989388142712414 ], [ 424912.854229784454219, 4388480.989388142712414 ], [ 424924.854229784454219, 4388480.989388142712414 ], [ 424946.854229784454219, 4388480.989388142712414 ], [ 424974.854229784454219, 4388480.989388142712414 ], [ 424888.854229784454219, 4388479.989388142712414 ], [ 424912.854229784454219, 4388479.989388142712414 ], [ 424924.854229784454219, 4388479.989388142712414 ], [ 424947.854229784454219, 4388479.989388142712414 ], [ 424974.854229784454219, 4388479.989388142712414 ], [ 424888.854229784454219, 4388478.989388142712414 ], [ 424912.854229784454219, 4388478.989388142712414 ], [ 424924.854229784454219, 4388478.989388142712414 ], [ 424948.854229784454219, 4388478.989388142712414 ], [ 424974.854229784454219, 4388478.989388142712414 ], [ 424888.854229784454219, 4388477.989388142712414 ], [ 424912.854229784454219, 4388477.989388142712414 ], [ 424924.854229784454219, 4388477.989388142712414 ], [ 424949.854229784454219, 4388477.989388142712414 ], [ 424974.854229784454219, 4388477.989388142712414 ], [ 424888.854229784454219, 4388476.989388142712414 ], [ 424912.854229784454219, 4388476.989388142712414 ], [ 424924.854229784454219, 4388476.989388142712414 ], [ 424950.854229784454219, 4388476.989388142712414 ], [ 424974.854229784454219, 4388476.989388142712414 ], [ 424888.854229784454219, 4388475.989388142712414 ], [ 424912.854229784454219, 4388475.989388142712414 ], [ 424924.854229784454219, 4388475.989388142712414 ], [ 424951.854229784454219, 4388475.989388142712414 ], [ 424974.854229784454219, 4388475.989388142712414 ], [ 424888.854229784454219, 4388474.989388142712414 ], [ 424912.854229784454219, 4388474.989388142712414 ], [ 424924.854229784454219, 4388474.989388142712414 ], [ 424952.854229784454219, 4388474.989388142712414 ], [ 424974.854229784454219, 4388474.989388142712414 ], [ 424888.854229784454219, 4388473.989388142712414 ], [ 424912.854229784454219, 4388473.989388142712414 ], [ 424924.854229784454219, 4388473.989388142712414 ], [ 424953.854229784454219, 4388473.989388142712414 ], [ 424974.854229784454219, 4388473.989388142712414 ], [ 424888.854229784454219, 4388472.989388142712414 ], [ 424912.854229784454219, 4388472.989388142712414 ], [ 424924.854229784454219, 4388472.989388142712414 ], [ 424954.854229784454219, 4388472.989388142712414 ], [ 424974.854229784454219, 4388472.989388142712414 ], [ 424888.854229784454219, 4388471.989388142712414 ], [ 424912.854229784454219, 4388471.989388142712414 ], [ 424924.854229784454219, 4388471.989388142712414 ], [ 424955.854229784454219, 4388471.989388142712414 ], [ 424975.854229784454219, 4388471.989388142712414 ], [ 424888.854229784454219, 4388470.989388142712414 ], [ 424910.854229784454219, 4388470.989388142712414 ], [ 424911.854229784454219, 4388470.989388142712414 ], [ 424912.854229784454219, 4388470.989388142712414 ], [ 424924.854229784454219, 4388470.989388142712414 ], [ 424956.854229784454219, 4388470.989388142712414 ], [ 424975.854229784454219, 4388470.989388142712414 ], [ 424888.854229784454219, 4388469.989388142712414 ], [ 424909.854229784454219, 4388469.989388142712414 ], [ 424913.854229784454219, 4388469.989388142712414 ], [ 424924.854229784454219, 4388469.989388142712414 ], [ 424957.854229784454219, 4388469.989388142712414 ], [ 424975.854229784454219, 4388469.989388142712414 ], [ 424888.854229784454219, 4388468.989388142712414 ], [ 424908.854229784454219, 4388468.989388142712414 ], [ 424914.854229784454219, 4388468.989388142712414 ], [ 424924.854229784454219, 4388468.989388142712414 ], [ 424958.854229784454219, 4388468.989388142712414 ], [ 424975.854229784454219, 4388468.989388142712414 ], [ 424888.854229784454219, 4388467.989388142712414 ], [ 424907.854229784454219, 4388467.989388142712414 ], [ 424914.854229784454219, 4388467.989388142712414 ], [ 424924.854229784454219, 4388467.989388142712414 ], [ 424959.854229784454219, 4388467.989388142712414 ], [ 424975.854229784454219, 4388467.989388142712414 ], [ 424888.854229784454219, 4388466.989388142712414 ], [ 424906.854229784454219, 4388466.989388142712414 ], [ 424914.854229784454219, 4388466.989388142712414 ], [ 424924.854229784454219, 4388466.989388142712414 ], [ 424960.854229784454219, 4388466.989388142712414 ], [ 424975.854229784454219, 4388466.989388142712414 ], [ 424888.854229784454219, 4388465.989388142712414 ], [ 424905.854229784454219, 4388465.989388142712414 ], [ 424915.854229784454219, 4388465.989388142712414 ], [ 424924.854229784454219, 4388465.989388142712414 ], [ 424961.854229784454219, 4388465.989388142712414 ], [ 424975.854229784454219, 4388465.989388142712414 ], [ 424888.854229784454219, 4388464.989388142712414 ], [ 424904.854229784454219, 4388464.989388142712414 ], [ 424915.854229784454219, 4388464.989388142712414 ], [ 424924.854229784454219, 4388464.989388142712414 ], [ 424962.854229784454219, 4388464.989388142712414 ], [ 424975.854229784454219, 4388464.989388142712414 ], [ 424888.854229784454219, 4388463.989388142712414 ], [ 424903.854229784454219, 4388463.989388142712414 ], [ 424915.854229784454219, 4388463.989388142712414 ], [ 424924.854229784454219, 4388463.989388142712414 ], [ 424963.854229784454219, 4388463.989388142712414 ], [ 424976.854229784454219, 4388463.989388142712414 ], [ 424888.854229784454219, 4388462.989388142712414 ], [ 424902.854229784454219, 4388462.989388142712414 ], [ 424915.854229784454219, 4388462.989388142712414 ], [ 424924.854229784454219, 4388462.989388142712414 ], [ 424964.854229784454219, 4388462.989388142712414 ], [ 424976.854229784454219, 4388462.989388142712414 ], [ 424888.854229784454219, 4388461.989388142712414 ], [ 424901.854229784454219, 4388461.989388142712414 ], [ 424916.854229784454219, 4388461.989388142712414 ], [ 424924.854229784454219, 4388461.989388142712414 ], [ 424965.854229784454219, 4388461.989388142712414 ], [ 424976.854229784454219, 4388461.989388142712414 ], [ 424888.854229784454219, 4388460.989388142712414 ], [ 424900.854229784454219, 4388460.989388142712414 ], [ 424917.854229784454219, 4388460.989388142712414 ], [ 424924.854229784454219, 4388460.989388142712414 ], [ 424966.854229784454219, 4388460.989388142712414 ], [ 424968.854229784454219, 4388460.989388142712414 ], [ 424969.854229784454219, 4388460.989388142712414 ], [ 424970.854229784454219, 4388460.989388142712414 ], [ 424971.854229784454219, 4388460.989388142712414 ], [ 424972.854229784454219, 4388460.989388142712414 ], [ 424973.854229784454219, 4388460.989388142712414 ], [ 424974.854229784454219, 4388460.989388142712414 ], [ 424975.854229784454219, 4388460.989388142712414 ], [ 424976.854229784454219, 4388460.989388142712414 ], [ 424888.854229784454219, 4388459.989388142712414 ], [ 424899.854229784454219, 4388459.989388142712414 ], [ 424918.854229784454219, 4388459.989388142712414 ], [ 424919.854229784454219, 4388459.989388142712414 ], [ 424920.854229784454219, 4388459.989388142712414 ], [ 424921.854229784454219, 4388459.989388142712414 ], [ 424922.854229784454219, 4388459.989388142712414 ], [ 424923.854229784454219, 4388459.989388142712414 ], [ 424966.854229784454219, 4388459.989388142712414 ], [ 424967.854229784454219, 4388459.989388142712414 ], [ 424977.854229784454219, 4388459.989388142712414 ], [ 424888.854229784454219, 4388458.989388142712414 ], [ 424898.854229784454219, 4388458.989388142712414 ], [ 424923.854229784454219, 4388458.989388142712414 ], [ 424966.854229784454219, 4388458.989388142712414 ], [ 424978.854229784454219, 4388458.989388142712414 ], [ 424979.854229784454219, 4388458.989388142712414 ], [ 424980.854229784454219, 4388458.989388142712414 ], [ 424981.854229784454219, 4388458.989388142712414 ], [ 424982.854229784454219, 4388458.989388142712414 ], [ 424983.854229784454219, 4388458.989388142712414 ], [ 424888.854229784454219, 4388457.989388142712414 ], [ 424897.854229784454219, 4388457.989388142712414 ], [ 424923.854229784454219, 4388457.989388142712414 ], [ 424965.854229784454219, 4388457.989388142712414 ], [ 424979.854229784454219, 4388457.989388142712414 ], [ 424984.854229784454219, 4388457.989388142712414 ], [ 424985.854229784454219, 4388457.989388142712414 ], [ 424986.854229784454219, 4388457.989388142712414 ], [ 424987.854229784454219, 4388457.989388142712414 ], [ 424988.854229784454219, 4388457.989388142712414 ], [ 424989.854229784454219, 4388457.989388142712414 ], [ 424990.854229784454219, 4388457.989388142712414 ], [ 424991.854229784454219, 4388457.989388142712414 ], [ 424992.854229784454219, 4388457.989388142712414 ], [ 424993.854229784454219, 4388457.989388142712414 ], [ 424888.854229784454219, 4388456.989388142712414 ], [ 424896.854229784454219, 4388456.989388142712414 ], [ 424923.854229784454219, 4388456.989388142712414 ], [ 424965.854229784454219, 4388456.989388142712414 ], [ 424980.854229784454219, 4388456.989388142712414 ], [ 424994.854229784454219, 4388456.989388142712414 ], [ 424995.854229784454219, 4388456.989388142712414 ], [ 424996.854229784454219, 4388456.989388142712414 ], [ 424888.854229784454219, 4388455.989388142712414 ], [ 424895.854229784454219, 4388455.989388142712414 ], [ 424923.854229784454219, 4388455.989388142712414 ], [ 424961.854229784454219, 4388455.989388142712414 ], [ 424962.854229784454219, 4388455.989388142712414 ], [ 424963.854229784454219, 4388455.989388142712414 ], [ 424964.854229784454219, 4388455.989388142712414 ], [ 424981.854229784454219, 4388455.989388142712414 ], [ 424997.854229784454219, 4388455.989388142712414 ], [ 424998.854229784454219, 4388455.989388142712414 ], [ 424888.854229784454219, 4388454.989388142712414 ], [ 424894.854229784454219, 4388454.989388142712414 ], [ 424923.854229784454219, 4388454.989388142712414 ], [ 424959.854229784454219, 4388454.989388142712414 ], [ 424960.854229784454219, 4388454.989388142712414 ], [ 424964.854229784454219, 4388454.989388142712414 ], [ 424982.854229784454219, 4388454.989388142712414 ], [ 424999.854229784454219, 4388454.989388142712414 ], [ 425000.854229784454219, 4388454.989388142712414 ], [ 425001.854229784454219, 4388454.989388142712414 ], [ 425002.854229784454219, 4388454.989388142712414 ], [ 425003.854229784454219, 4388454.989388142712414 ], [ 425004.854229784454219, 4388454.989388142712414 ], [ 424887.854229784454219, 4388453.989388142712414 ], [ 424893.854229784454219, 4388453.989388142712414 ], [ 424923.854229784454219, 4388453.989388142712414 ], [ 424958.854229784454219, 4388453.989388142712414 ], [ 424964.854229784454219, 4388453.989388142712414 ], [ 424983.854229784454219, 4388453.989388142712414 ], [ 425005.854229784454219, 4388453.989388142712414 ], [ 425006.854229784454219, 4388453.989388142712414 ], [ 425007.854229784454219, 4388453.989388142712414 ], [ 424887.854229784454219, 4388452.989388142712414 ], [ 424892.854229784454219, 4388452.989388142712414 ], [ 424923.854229784454219, 4388452.989388142712414 ], [ 424957.854229784454219, 4388452.989388142712414 ], [ 424964.854229784454219, 4388452.989388142712414 ], [ 424984.854229784454219, 4388452.989388142712414 ], [ 425008.854229784454219, 4388452.989388142712414 ], [ 424887.854229784454219, 4388451.989388142712414 ], [ 424891.854229784454219, 4388451.989388142712414 ], [ 424923.854229784454219, 4388451.989388142712414 ], [ 424955.854229784454219, 4388451.989388142712414 ], [ 424956.854229784454219, 4388451.989388142712414 ], [ 424964.854229784454219, 4388451.989388142712414 ], [ 424985.854229784454219, 4388451.989388142712414 ], [ 425009.854229784454219, 4388451.989388142712414 ], [ 425010.854229784454219, 4388451.989388142712414 ], [ 424888.854229784454219, 4388450.989388142712414 ], [ 424889.854229784454219, 4388450.989388142712414 ], [ 424890.854229784454219, 4388450.989388142712414 ], [ 424923.854229784454219, 4388450.989388142712414 ], [ 424954.854229784454219, 4388450.989388142712414 ], [ 424964.854229784454219, 4388450.989388142712414 ], [ 424986.854229784454219, 4388450.989388142712414 ], [ 424889.854229784454219, 4388449.989388142712414 ], [ 424923.854229784454219, 4388449.989388142712414 ], [ 424953.854229784454219, 4388449.989388142712414 ], [ 424963.854229784454219, 4388449.989388142712414 ], [ 424987.854229784454219, 4388449.989388142712414 ], [ 424889.854229784454219, 4388448.989388142712414 ], [ 424923.854229784454219, 4388448.989388142712414 ], [ 424952.854229784454219, 4388448.989388142712414 ], [ 424963.854229784454219, 4388448.989388142712414 ], [ 424988.854229784454219, 4388448.989388142712414 ], [ 424889.854229784454219, 4388447.989388142712414 ], [ 424923.854229784454219, 4388447.989388142712414 ], [ 424950.854229784454219, 4388447.989388142712414 ], [ 424951.854229784454219, 4388447.989388142712414 ], [ 424963.854229784454219, 4388447.989388142712414 ], [ 424989.854229784454219, 4388447.989388142712414 ], [ 424889.854229784454219, 4388446.989388142712414 ], [ 424923.854229784454219, 4388446.989388142712414 ], [ 424949.854229784454219, 4388446.989388142712414 ], [ 424963.854229784454219, 4388446.989388142712414 ], [ 424990.854229784454219, 4388446.989388142712414 ], [ 424889.854229784454219, 4388445.989388142712414 ], [ 424924.854229784454219, 4388445.989388142712414 ], [ 424948.854229784454219, 4388445.989388142712414 ], [ 424963.854229784454219, 4388445.989388142712414 ], [ 424991.854229784454219, 4388445.989388142712414 ], [ 424888.854229784454219, 4388444.989388142712414 ], [ 424925.854229784454219, 4388444.989388142712414 ], [ 424946.854229784454219, 4388444.989388142712414 ], [ 424947.854229784454219, 4388444.989388142712414 ], [ 424963.854229784454219, 4388444.989388142712414 ], [ 424992.854229784454219, 4388444.989388142712414 ], [ 424888.854229784454219, 4388443.989388142712414 ], [ 424926.854229784454219, 4388443.989388142712414 ], [ 424945.854229784454219, 4388443.989388142712414 ], [ 424963.854229784454219, 4388443.989388142712414 ], [ 424993.854229784454219, 4388443.989388142712414 ], [ 424888.854229784454219, 4388442.989388142712414 ], [ 424927.854229784454219, 4388442.989388142712414 ], [ 424928.854229784454219, 4388442.989388142712414 ], [ 424929.854229784454219, 4388442.989388142712414 ], [ 424930.854229784454219, 4388442.989388142712414 ], [ 424931.854229784454219, 4388442.989388142712414 ], [ 424932.854229784454219, 4388442.989388142712414 ], [ 424933.854229784454219, 4388442.989388142712414 ], [ 424934.854229784454219, 4388442.989388142712414 ], [ 424935.854229784454219, 4388442.989388142712414 ], [ 424936.854229784454219, 4388442.989388142712414 ], [ 424943.854229784454219, 4388442.989388142712414 ], [ 424944.854229784454219, 4388442.989388142712414 ], [ 424962.854229784454219, 4388442.989388142712414 ], [ 424994.854229784454219, 4388442.989388142712414 ], [ 424888.854229784454219, 4388441.989388142712414 ], [ 424926.854229784454219, 4388441.989388142712414 ], [ 424937.854229784454219, 4388441.989388142712414 ], [ 424938.854229784454219, 4388441.989388142712414 ], [ 424939.854229784454219, 4388441.989388142712414 ], [ 424940.854229784454219, 4388441.989388142712414 ], [ 424941.854229784454219, 4388441.989388142712414 ], [ 424942.854229784454219, 4388441.989388142712414 ], [ 424962.854229784454219, 4388441.989388142712414 ], [ 424995.854229784454219, 4388441.989388142712414 ], [ 424888.854229784454219, 4388440.989388142712414 ], [ 424889.854229784454219, 4388440.989388142712414 ], [ 424890.854229784454219, 4388440.989388142712414 ], [ 424891.854229784454219, 4388440.989388142712414 ], [ 424892.854229784454219, 4388440.989388142712414 ], [ 424893.854229784454219, 4388440.989388142712414 ], [ 424913.854229784454219, 4388440.989388142712414 ], [ 424914.854229784454219, 4388440.989388142712414 ], [ 424915.854229784454219, 4388440.989388142712414 ], [ 424916.854229784454219, 4388440.989388142712414 ], [ 424917.854229784454219, 4388440.989388142712414 ], [ 424918.854229784454219, 4388440.989388142712414 ], [ 424919.854229784454219, 4388440.989388142712414 ], [ 424920.854229784454219, 4388440.989388142712414 ], [ 424921.854229784454219, 4388440.989388142712414 ], [ 424922.854229784454219, 4388440.989388142712414 ], [ 424923.854229784454219, 4388440.989388142712414 ], [ 424924.854229784454219, 4388440.989388142712414 ], [ 424925.854229784454219, 4388440.989388142712414 ], [ 424961.854229784454219, 4388440.989388142712414 ], [ 424996.854229784454219, 4388440.989388142712414 ], [ 424887.854229784454219, 4388439.989388142712414 ], [ 424894.854229784454219, 4388439.989388142712414 ], [ 424895.854229784454219, 4388439.989388142712414 ], [ 424896.854229784454219, 4388439.989388142712414 ], [ 424897.854229784454219, 4388439.989388142712414 ], [ 424898.854229784454219, 4388439.989388142712414 ], [ 424899.854229784454219, 4388439.989388142712414 ], [ 424900.854229784454219, 4388439.989388142712414 ], [ 424901.854229784454219, 4388439.989388142712414 ], [ 424902.854229784454219, 4388439.989388142712414 ], [ 424903.854229784454219, 4388439.989388142712414 ], [ 424904.854229784454219, 4388439.989388142712414 ], [ 424905.854229784454219, 4388439.989388142712414 ], [ 424906.854229784454219, 4388439.989388142712414 ], [ 424907.854229784454219, 4388439.989388142712414 ], [ 424908.854229784454219, 4388439.989388142712414 ], [ 424909.854229784454219, 4388439.989388142712414 ], [ 424910.854229784454219, 4388439.989388142712414 ], [ 424911.854229784454219, 4388439.989388142712414 ], [ 424912.854229784454219, 4388439.989388142712414 ], [ 424961.854229784454219, 4388439.989388142712414 ], [ 424997.854229784454219, 4388439.989388142712414 ], [ 424887.854229784454219, 4388438.989388142712414 ], [ 424960.854229784454219, 4388438.989388142712414 ], [ 424998.854229784454219, 4388438.989388142712414 ], [ 424886.854229784454219, 4388437.989388142712414 ], [ 424960.854229784454219, 4388437.989388142712414 ], [ 424999.854229784454219, 4388437.989388142712414 ], [ 424886.854229784454219, 4388436.989388142712414 ], [ 424960.854229784454219, 4388436.989388142712414 ], [ 425000.854229784454219, 4388436.989388142712414 ], [ 424886.854229784454219, 4388435.989388142712414 ], [ 424959.854229784454219, 4388435.989388142712414 ], [ 425001.854229784454219, 4388435.989388142712414 ], [ 424886.854229784454219, 4388434.989388142712414 ], [ 424959.854229784454219, 4388434.989388142712414 ], [ 425002.854229784454219, 4388434.989388142712414 ], [ 424886.854229784454219, 4388433.989388142712414 ], [ 424958.854229784454219, 4388433.989388142712414 ], [ 425003.854229784454219, 4388433.989388142712414 ], [ 424886.854229784454219, 4388432.989388142712414 ], [ 424958.854229784454219, 4388432.989388142712414 ], [ 425004.854229784454219, 4388432.989388142712414 ], [ 425005.854229784454219, 4388432.989388142712414 ], [ 424885.854229784454219, 4388431.989388142712414 ], [ 424957.854229784454219, 4388431.989388142712414 ], [ 424885.854229784454219, 4388430.989388142712414 ], [ 424957.854229784454219, 4388430.989388142712414 ], [ 424885.854229784454219, 4388429.989388142712414 ], [ 424956.854229784454219, 4388429.989388142712414 ], [ 424885.854229784454219, 4388428.989388142712414 ], [ 424956.854229784454219, 4388428.989388142712414 ], [ 424885.854229784454219, 4388427.989388142712414 ], [ 424955.854229784454219, 4388427.989388142712414 ], [ 424885.854229784454219, 4388426.989388142712414 ], [ 424955.854229784454219, 4388426.989388142712414 ], [ 424885.854229784454219, 4388425.989388142712414 ], [ 424954.854229784454219, 4388425.989388142712414 ], [ 424884.854229784454219, 4388424.989388142712414 ], [ 424954.854229784454219, 4388424.989388142712414 ], [ 424884.854229784454219, 4388423.989388142712414 ], [ 424953.854229784454219, 4388423.989388142712414 ], [ 424884.854229784454219, 4388422.989388142712414 ], [ 424953.854229784454219, 4388422.989388142712414 ], [ 424883.854229784454219, 4388421.989388142712414 ], [ 424952.854229784454219, 4388421.989388142712414 ], [ 424883.854229784454219, 4388420.989388142712414 ], [ 424951.854229784454219, 4388420.989388142712414 ], [ 424882.854229784454219, 4388419.989388142712414 ], [ 424951.854229784454219, 4388419.989388142712414 ], [ 424880.854229784454219, 4388418.989388142712414 ], [ 424881.854229784454219, 4388418.989388142712414 ], [ 424950.854229784454219, 4388418.989388142712414 ], [ 424879.854229784454219, 4388417.989388142712414 ], [ 424950.854229784454219, 4388417.989388142712414 ], [ 424878.854229784454219, 4388416.989388142712414 ], [ 424949.854229784454219, 4388416.989388142712414 ], [ 424877.854229784454219, 4388415.989388142712414 ], [ 424948.854229784454219, 4388415.989388142712414 ], [ 424877.854229784454219, 4388414.989388142712414 ], [ 424947.854229784454219, 4388414.989388142712414 ], [ 424876.854229784454219, 4388413.989388142712414 ], [ 424946.854229784454219, 4388413.989388142712414 ], [ 424876.854229784454219, 4388412.989388142712414 ], [ 424945.854229784454219, 4388412.989388142712414 ], [ 424875.854229784454219, 4388411.989388142712414 ], [ 424943.854229784454219, 4388411.989388142712414 ], [ 424944.854229784454219, 4388411.989388142712414 ], [ 424874.854229784454219, 4388410.989388142712414 ], [ 424940.854229784454219, 4388410.989388142712414 ], [ 424941.854229784454219, 4388410.989388142712414 ], [ 424942.854229784454219, 4388410.989388142712414 ], [ 424873.854229784454219, 4388409.989388142712414 ], [ 424936.854229784454219, 4388409.989388142712414 ], [ 424937.854229784454219, 4388409.989388142712414 ], [ 424938.854229784454219, 4388409.989388142712414 ], [ 424939.854229784454219, 4388409.989388142712414 ], [ 424871.854229784454219, 4388408.989388142712414 ], [ 424872.854229784454219, 4388408.989388142712414 ], [ 424870.854229784454219, 4388407.989388142712414 ], [ 424868.854229784454219, 4388406.989388142712414 ], [ 424869.854229784454219, 4388406.989388142712414 ], [ 424866.854229784454219, 4388405.989388142712414 ], [ 424867.854229784454219, 4388405.989388142712414 ], [ 424865.854229784454219, 4388404.989388142712414 ], [ 424864.854229784454219, 4388403.989388142712414 ], [ 424863.854229784454219, 4388402.989388142712414 ], [ 424862.854229784454219, 4388401.989388142712414 ], [ 424861.854229784454219, 4388400.989388142712414 ], [ 424860.854229784454219, 4388399.989388142712414 ], [ 424859.854229784454219, 4388398.989388142712414 ], [ 424858.854229784454219, 4388397.989388142712414 ], [ 424857.854229784454219, 4388396.989388142712414 ], [ 424856.854229784454219, 4388395.989388142712414 ], [ 424855.854229784454219, 4388394.989388142712414 ], [ 424854.854229784454219, 4388393.989388142712414 ], [ 424853.854229784454219, 4388392.989388142712414 ], [ 424852.854229784454219, 4388391.989388142712414 ], [ 424852.854229784454219, 4388390.989388142712414 ], [ 424851.854229784454219, 4388389.989388142712414 ], [ 424851.854229784454219, 4388388.989388142712414 ], [ 424851.854229784454219, 4388387.989388142712414 ], [ 424851.854229784454219, 4388386.989388142712414 ], [ 424851.854229784454219, 4388385.989388142712414 ], [ 424851.854229784454219, 4388384.989388142712414 ], [ 424850.854229784454219, 4388383.989388142712414 ], [ 424850.854229784454219, 4388382.989388142712414 ], [ 424850.854229784454219, 4388381.989388142712414 ], [ 424850.854229784454219, 4388380.989388142712414 ], [ 424850.854229784454219, 4388379.989388142712414 ], [ 424850.854229784454219, 4388378.989388142712414 ], [ 424850.854229784454219, 4388377.989388142712414 ], [ 424850.854229784454219, 4388376.989388142712414 ], [ 424850.854229784454219, 4388375.989388142712414 ], [ 424850.854229784454219, 4388374.989388142712414 ], [ 424850.854229784454219, 4388373.989388142712414 ], [ 424849.854229784454219, 4388372.989388142712414 ], [ 424849.854229784454219, 4388371.989388142712414 ], [ 424848.854229784454219, 4388370.989388142712414 ], [ 424849.854229784454219, 4388370.989388142712414 ], [ 424850.854229784454219, 4388370.989388142712414 ], [ 424847.854229784454219, 4388369.989388142712414 ], [ 424851.854229784454219, 4388369.989388142712414 ], [ 424846.854229784454219, 4388368.989388142712414 ], [ 424852.854229784454219, 4388368.989388142712414 ], [ 424844.854229784454219, 4388367.989388142712414 ], [ 424845.854229784454219, 4388367.989388142712414 ], [ 424852.854229784454219, 4388367.989388142712414 ], [ 424843.854229784454219, 4388366.989388142712414 ], [ 424852.854229784454219, 4388366.989388142712414 ], [ 424842.854229784454219, 4388365.989388142712414 ], [ 424852.854229784454219, 4388365.989388142712414 ], [ 424841.854229784454219, 4388364.989388142712414 ], [ 424851.854229784454219, 4388364.989388142712414 ], [ 424837.854229784454219, 4388363.989388142712414 ], [ 424838.854229784454219, 4388363.989388142712414 ], [ 424839.854229784454219, 4388363.989388142712414 ], [ 424840.854229784454219, 4388363.989388142712414 ], [ 424850.854229784454219, 4388363.989388142712414 ], [ 424831.854229784454219, 4388362.989388142712414 ], [ 424832.854229784454219, 4388362.989388142712414 ], [ 424833.854229784454219, 4388362.989388142712414 ], [ 424834.854229784454219, 4388362.989388142712414 ], [ 424835.854229784454219, 4388362.989388142712414 ], [ 424836.854229784454219, 4388362.989388142712414 ], [ 424850.854229784454219, 4388362.989388142712414 ], [ 424827.854229784454219, 4388361.989388142712414 ], [ 424828.854229784454219, 4388361.989388142712414 ], [ 424829.854229784454219, 4388361.989388142712414 ], [ 424830.854229784454219, 4388361.989388142712414 ], [ 424849.854229784454219, 4388361.989388142712414 ], [ 424825.854229784454219, 4388360.989388142712414 ], [ 424826.854229784454219, 4388360.989388142712414 ], [ 424849.854229784454219, 4388360.989388142712414 ], [ 424824.854229784454219, 4388359.989388142712414 ], [ 424848.854229784454219, 4388359.989388142712414 ], [ 424823.854229784454219, 4388358.989388142712414 ], [ 424848.854229784454219, 4388358.989388142712414 ], [ 424822.854229784454219, 4388357.989388142712414 ], [ 424848.854229784454219, 4388357.989388142712414 ], [ 424821.854229784454219, 4388356.989388142712414 ], [ 424847.854229784454219, 4388356.989388142712414 ], [ 424812.854229784454219, 4388355.989388142712414 ], [ 424813.854229784454219, 4388355.989388142712414 ], [ 424814.854229784454219, 4388355.989388142712414 ], [ 424815.854229784454219, 4388355.989388142712414 ], [ 424816.854229784454219, 4388355.989388142712414 ], [ 424817.854229784454219, 4388355.989388142712414 ], [ 424818.854229784454219, 4388355.989388142712414 ], [ 424819.854229784454219, 4388355.989388142712414 ], [ 424820.854229784454219, 4388355.989388142712414 ], [ 424847.854229784454219, 4388355.989388142712414 ], [ 424811.854229784454219, 4388354.989388142712414 ], [ 424817.854229784454219, 4388354.989388142712414 ], [ 424847.854229784454219, 4388354.989388142712414 ], [ 424817.854229784454219, 4388353.989388142712414 ], [ 424847.854229784454219, 4388353.989388142712414 ], [ 424816.854229784454219, 4388352.989388142712414 ], [ 424846.854229784454219, 4388352.989388142712414 ], [ 424816.854229784454219, 4388351.989388142712414 ], [ 424846.854229784454219, 4388351.989388142712414 ], [ 424816.854229784454219, 4388350.989388142712414 ], [ 424846.854229784454219, 4388350.989388142712414 ], [ 424815.854229784454219, 4388349.989388142712414 ], [ 424845.854229784454219, 4388349.989388142712414 ], [ 424814.854229784454219, 4388348.989388142712414 ], [ 424845.854229784454219, 4388348.989388142712414 ], [ 424814.854229784454219, 4388347.989388142712414 ], [ 424844.854229784454219, 4388347.989388142712414 ], [ 424813.854229784454219, 4388346.989388142712414 ], [ 424844.854229784454219, 4388346.989388142712414 ], [ 424844.854229784454219, 4388345.989388142712414 ], [ 424843.854229784454219, 4388344.989388142712414 ], [ 424843.854229784454219, 4388343.989388142712414 ] ] } }
]
}
